latitude,longitude,brightness,scan,track,acq_date,acq_time,satellite,instrument,confidence,version,bright_t31,frp,daynight,type
-22.76839,35.46823,353.75,0.53,0.5,2026-01-01,1153,SNPP,SNPP,n,2,294.77,13.72,D,0
-23.37349,35.44588,337.21,0.51,0.5,2026-01-01,1153,SNPP,SNPP,n,2,297.97,6.64,D,0
-22.77051,35.38757,337,0.52,0.5,2026-01-01,1153,SNPP,SNPP,n,2,295.7,3.17,D,0
-22.79185,35.49566,336.9,0.53,0.5,2026-01-01,1153,SNPP,SNPP,n,2,295.15,4.1,D,0
-22.68342,35.44548,340.99,0.53,0.5,2026-01-01,1153,SNPP,SNPP,n,2,296.26,14.4,D,0
-22.68449,35.44024,337.86,0.53,0.5,2026-01-01,1153,SNPP,SNPP,n,2,293.81,14.4,D,0
-22.6788,35.44438,340.92,0.53,0.5,2026-01-01,1153,SNPP,SNPP,n,2,294.64,8.49,D,0
-22.67987,35.43917,337.69,0.53,0.5,2026-01-01,1153,SNPP,SNPP,n,2,293.96,8.49,D,0
-22.60778,35.23709,341.58,0.52,0.5,2026-01-01,1153,SNPP,SNPP,n,2,296.59,4.49,D,0
-22.45942,35.43008,330.65,0.53,0.5,2026-01-01,1153,SNPP,SNPP,n,2,297.91,2.28,D,0
-22.30094,35.30675,346.49,0.53,0.5,2026-01-01,1153,SNPP,SNPP,n,2,302.97,63.04,D,0
-22.21777,35.21795,341.87,0.52,0.5,2026-01-01,1153,SNPP,SNPP,n,2,296.03,19.54,D,0
-22.21883,35.21287,336.07,0.52,0.5,2026-01-01,1153,SNPP,SNPP,n,2,296.21,19.54,D,0
-22.23144,35.15213,339.76,0.52,0.5,2026-01-01,1153,SNPP,SNPP,n,2,294.93,3.79,D,0
-23.37366,35.44923,334.41,0.51,0.5,2026-01-01,1153,SNPP,SNPP,n,2,297.75,4.51,D,0
-22.22057,35.2149,353.38,0.52,0.5,2026-01-01,1153,SNPP,SNPP,n,2,298.49,32.81,D,0
-22.22919,35.14785,343.39,0.52,0.5,2026-01-01,1153,SNPP,SNPP,n,2,293.81,8.43,D,0
-22.19816,35.13542,342.63,0.52,0.5,2026-01-01,1153,SNPP,SNPP,n,2,296.97,16.06,D,0
-22.15096,35.22554,332.33,0.52,0.5,2026-01-01,1153,SNPP,SNPP,n,2,297.99,3.99,D,0
-22.13714,35.22231,340.96,0.52,0.5,2026-01-01,1153,SNPP,SNPP,n,2,297.77,3.72,D,0
-22.95724,35.35178,331.34,0.52,0.5,2026-01-01,1153,SNPP,SNPP,n,2,297.21,1.18,D,0
-23.16122,35.28238,341.86,0.51,0.49,2026-01-01,1153,SNPP,SNPP,n,2,295.14,1.95,D,0
-22.89072,35.42474,334.57,0.52,0.5,2026-01-01,1153,SNPP,SNPP,n,2,296.87,3.67,D,0
-22.10833,35.25551,336.49,0.53,0.5,2026-01-01,1153,SNPP,SNPP,n,2,291.33,6.69,D,0
-22.10936,35.25037,332.36,0.53,0.5,2026-01-01,1153,SNPP,SNPP,n,2,287.9,3.01,D,0
-21.7831,35.21331,330.69,0.53,0.5,2026-01-01,1153,SNPP,SNPP,n,2,286.74,12.29,D,0
-21.78417,35.20813,346.75,0.53,0.5,2026-01-01,1153,SNPP,SNPP,n,2,289.94,12.29,D,0
-21.78679,35.21051,347.92,0.53,0.5,2026-01-01,1153,SNPP,SNPP,n,2,290.63,10.09,D,0
-21.78215,35.20945,336.58,0.53,0.5,2026-01-01,1153,SNPP,SNPP,n,2,286.84,10.09,D,0
-21.77751,35.20839,338.08,0.53,0.5,2026-01-01,1153,SNPP,SNPP,n,2,288.6,10.84,D,0
-21.50878,35.10294,339.04,0.53,0.5,2026-01-01,1153,SNPP,SNPP,n,2,297.37,5.31,D,0
-21.40009,35.12519,333.68,0.53,0.5,2026-01-01,1153,SNPP,SNPP,n,2,298.73,5.57,D,0
-22.98844,35.31671,337.53,0.51,0.5,2026-01-01,1153,SNPP,SNPP,n,2,296.58,4.66,D,0
-22.77088,35.47972,341.78,0.53,0.5,2026-01-01,1153,SNPP,SNPP,n,2,295.42,5.86,D,0
-22.77302,35.46931,354,0.53,0.5,2026-01-01,1153,SNPP,SNPP,n,2,295.26,13.72,D,0
-19.34561,34.92862,334.73,0.57,0.52,2026-01-01,1154,SNPP,SNPP,n,2,297.39,7.45,D,0
-20.47581,32.79664,335.44,0.4,0.44,2026-01-01,1154,SNPP,SNPP,n,2,298.9,4.28,D,0
-20.05249,34.38176,338.67,0.51,0.49,2026-01-01,1154,SNPP,SNPP,n,2,299.39,9.41,D,0
-19.57844,35.14757,330.05,0.58,0.52,2026-01-01,1154,SNPP,SNPP,n,2,299.13,2.8,D,0
-19.57363,35.14648,331.18,0.58,0.52,2026-01-01,1154,SNPP,SNPP,n,2,298.62,2.8,D,0
-19.68799,34.24362,340.98,0.51,0.49,2026-01-01,1154,SNPP,SNPP,n,2,300.83,6.65,D,0
-19.36536,35.38044,331.62,0.61,0.53,2026-01-01,1154,SNPP,SNPP,n,2,295.59,5.56,D,0
-19.34702,34.92611,340.23,0.57,0.52,2026-01-01,1154,SNPP,SNPP,n,2,299.03,7.12,D,0
-19.06983,35.53865,341.71,0.63,0.54,2026-01-01,1154,SNPP,SNPP,n,2,299.62,12.85,D,0
-19.32045,33.61213,330.63,0.47,0.48,2026-01-01,1154,SNPP,SNPP,n,2,299.12,2.31,D,0
-18.97511,35.29303,340.47,0.61,0.53,2026-01-01,1154,SNPP,SNPP,n,2,300.96,16.4,D,0
-18.81436,35.37175,343.67,0.62,0.54,2026-01-01,1154,SNPP,SNPP,n,2,300.94,37.8,D,0
-18.81559,35.36583,343.32,0.62,0.54,2026-01-01,1154,SNPP,SNPP,n,2,302.61,37.8,D,0
-18.81505,35.36946,353.37,0.62,0.54,2026-01-01,1154,SNPP,SNPP,n,2,304.03,74.6,D,0
-18.81624,35.36353,340.87,0.62,0.54,2026-01-01,1154,SNPP,SNPP,n,2,300.06,16.22,D,0
-18.80768,35.38034,340.28,0.62,0.54,2026-01-01,1154,SNPP,SNPP,n,2,298.07,7.13,D,0
-18.80271,35.37926,335.78,0.62,0.54,2026-01-01,1154,SNPP,SNPP,n,2,295.89,5.16,D,0
-18.79505,35.34016,342.69,0.62,0.54,2026-01-01,1154,SNPP,SNPP,n,2,301.18,22.03,D,0
-18.78889,35.34502,356.3,0.62,0.54,2026-01-01,1154,SNPP,SNPP,n,2,300.3,24.19,D,0
-18.79008,35.33912,340.88,0.62,0.54,2026-01-01,1154,SNPP,SNPP,n,2,298.39,24.19,D,0
-18.75784,35.31948,335.87,0.62,0.54,2026-01-01,1154,SNPP,SNPP,n,2,293.19,3.43,D,0
-18.7529,35.31839,333.34,0.62,0.54,2026-01-01,1154,SNPP,SNPP,n,2,298.48,6.13,D,0
-17.9324,33.33751,331.38,0.48,0.48,2026-01-01,1154,SNPP,SNPP,n,2,298.26,1.71,D,0
-16.19585,33.84491,302.6,0.38,0.36,2026-01-01,2304,SNPP,SNPP,n,2,278.3,0.73,N,0
-16.19861,33.84075,313.28,0.38,0.36,2026-01-01,2304,SNPP,SNPP,n,2,277.47,0.73,N,0
-16.20194,33.84019,303.17,0.38,0.36,2026-01-01,2304,SNPP,SNPP,n,2,276.34,0.9,N,0
-16.19528,33.84131,300.31,0.38,0.36,2026-01-01,2304,SNPP,SNPP,n,2,278.21,0.73,N,0
-16.12198,33.76106,301.19,0.38,0.36,2026-01-01,2304,SNPP,SNPP,n,2,268.56,0.96,N,2
-16.11865,33.76163,297.13,0.38,0.36,2026-01-01,2304,SNPP,SNPP,n,2,271.44,0.78,N,2
-23.10265,35.39523,334.62,0.44,0.38,2026-01-02,1134,SNPP,SNPP,n,2,300.99,4.66,D,0
-23.11525,35.23569,346.45,0.43,0.38,2026-01-02,1134,SNPP,SNPP,n,2,301.39,8.32,D,0
-23.08728,35.20838,331.52,0.43,0.38,2026-01-02,1134,SNPP,SNPP,n,2,298.03,1.85,D,0
-23.08378,35.20768,335.76,0.43,0.38,2026-01-02,1134,SNPP,SNPP,n,2,298.22,3.22,D,0
-23.06832,35.2133,331.78,0.43,0.38,2026-01-02,1134,SNPP,SNPP,n,2,299.24,2.15,D,0
-23.03263,35.39896,343.02,0.44,0.38,2026-01-02,1134,SNPP,SNPP,n,2,302.15,17.57,D,0
-23.01188,35.4972,330.86,0.44,0.38,2026-01-02,1134,SNPP,SNPP,l,2,301.29,1.88,D,0
-23.0291,35.39827,335.69,0.44,0.38,2026-01-02,1134,SNPP,SNPP,n,2,299.67,2.81,D,0
-23.04689,35.27445,332.11,0.43,0.38,2026-01-02,1134,SNPP,SNPP,n,2,298.96,1.09,D,0
-22.95117,35.41029,332.19,0.44,0.38,2026-01-02,1134,SNPP,SNPP,n,2,299.11,2,D,0
-22.95237,35.213,338.93,0.43,0.38,2026-01-02,1134,SNPP,SNPP,n,2,301.24,27.63,D,0
-22.84755,35.31964,338.83,0.44,0.38,2026-01-02,1134,SNPP,SNPP,n,2,292.2,1.7,D,0
-22.78461,35.45875,338.04,0.44,0.38,2026-01-02,1134,SNPP,SNPP,n,2,296.97,3.38,D,0
-22.78106,35.45805,336.54,0.44,0.38,2026-01-02,1134,SNPP,SNPP,n,2,297.76,4.51,D,0
-22.64682,35.45975,330.75,0.44,0.39,2026-01-02,1134,SNPP,SNPP,n,2,292.16,2.66,D,0
-22.63169,35.48356,349.22,0.44,0.39,2026-01-02,1134,SNPP,SNPP,n,2,296.56,16.06,D,0
-22.67361,35.23915,330.31,0.43,0.38,2026-01-02,1134,SNPP,SNPP,n,2,295.43,3.04,D,0
-22.59252,35.47578,344.15,0.44,0.39,2026-01-02,1134,SNPP,SNPP,n,2,297.19,30.42,D,0
-22.58386,34.20729,334.69,0.4,0.37,2026-01-02,1134,SNPP,SNPP,l,2,304.97,1.9,D,0
-22.43097,35.09235,348.35,0.43,0.38,2026-01-02,1134,SNPP,SNPP,n,2,300.42,8.49,D,0
-22.36588,35.24228,337.72,0.44,0.38,2026-01-02,1134,SNPP,SNPP,n,2,299.4,5.12,D,0
-22.34664,35.2693,348.69,0.44,0.38,2026-01-02,1134,SNPP,SNPP,n,2,299.85,29.05,D,0
-21.92579,35.27895,335.32,0.44,0.39,2026-01-02,1134,SNPP,SNPP,n,2,297.99,2.42,D,0
-21.90088,35.27399,336.65,0.44,0.39,2026-01-02,1134,SNPP,SNPP,n,2,298.38,3.81,D,0
-21.88102,35.26118,334.93,0.44,0.39,2026-01-02,1134,SNPP,SNPP,n,2,297.61,2.57,D,0
-21.8666,35.28063,343.23,0.44,0.39,2026-01-02,1134,SNPP,SNPP,n,2,299.14,7.43,D,0
-21.81026,35.25679,332.01,0.44,0.39,2026-01-02,1134,SNPP,SNPP,n,2,297.04,0.99,D,0
-21.79246,35.2533,339.64,0.44,0.39,2026-01-02,1134,SNPP,SNPP,n,2,297.07,6.06,D,0
-21.7932,35.24899,335.11,0.44,0.39,2026-01-02,1134,SNPP,SNPP,n,2,298.62,6.06,D,0
-21.95719,34.27768,335.51,0.41,0.37,2026-01-02,1134,SNPP,SNPP,n,2,300.54,4.7,D,0
-21.80475,35.22456,335.43,0.44,0.39,2026-01-02,1134,SNPP,SNPP,n,2,297.36,3.25,D,0
-24.48767,35.16145,344.12,0.42,0.37,2026-01-02,1134,SNPP,SNPP,n,2,309.03,31.63,D,0
-24.4842,35.1608,338.68,0.42,0.37,2026-01-02,1134,SNPP,SNPP,n,2,300.14,31.63,D,0
-24.4849,35.1567,334.92,0.42,0.37,2026-01-02,1134,SNPP,SNPP,n,2,298.92,31.63,D,0
-24.38055,34.88771,344.94,0.41,0.37,2026-01-02,1134,SNPP,SNPP,n,2,295.53,5.74,D,0
-23.2994,35.27915,336.76,0.43,0.38,2026-01-02,1134,SNPP,SNPP,n,2,301.16,2.2,D,0
-18.67346,36.05622,342.75,0.53,0.42,2026-01-02,1135,SNPP,SNPP,n,2,299.97,8.43,D,0
-21.71748,35.1208,336.11,0.44,0.38,2026-01-02,1135,SNPP,SNPP,n,2,297.78,4.15,D,0
-21.69411,35.23577,346.81,0.44,0.39,2026-01-02,1135,SNPP,SNPP,n,2,299.06,12.02,D,0
-21.68312,35.17143,335.73,0.44,0.39,2026-01-02,1135,SNPP,SNPP,n,2,296.48,2.91,D,0
-21.62526,35.13424,334.87,0.44,0.38,2026-01-02,1135,SNPP,SNPP,n,2,297.7,2.28,D,0
-21.61097,35.15348,336.64,0.44,0.39,2026-01-02,1135,SNPP,SNPP,n,2,299.86,4.64,D,0
-21.57508,35.08478,335.85,0.44,0.38,2026-01-02,1135,SNPP,SNPP,n,2,296.51,2.56,D,0
-21.50776,35.14317,348.33,0.44,0.39,2026-01-02,1135,SNPP,SNPP,n,2,295.86,5.99,D,0
-21.50201,35.15533,336.92,0.44,0.39,2026-01-02,1135,SNPP,SNPP,n,2,299.22,4.52,D,0
-21.50274,35.15104,334.59,0.44,0.39,2026-01-02,1135,SNPP,SNPP,n,2,299.08,4.52,D,0
-21.49636,35.14537,336.49,0.44,0.39,2026-01-02,1135,SNPP,SNPP,n,2,296.56,1.92,D,0
-21.49281,35.14468,330.49,0.44,0.39,2026-01-02,1135,SNPP,SNPP,n,2,297.57,1.92,D,0
-21.47206,35.15838,335.86,0.44,0.39,2026-01-02,1135,SNPP,SNPP,n,2,298.1,3.38,D,0
-21.45724,35.13776,339.98,0.44,0.39,2026-01-02,1135,SNPP,SNPP,n,2,297.58,7.71,D,0
-21.47491,35.03542,332.97,0.44,0.38,2026-01-02,1135,SNPP,SNPP,n,2,296.68,5.19,D,0
-21.45294,35.14135,337.24,0.44,0.39,2026-01-02,1135,SNPP,SNPP,n,2,297.68,4.86,D,0
-21.46635,35.04258,335.27,0.44,0.38,2026-01-02,1135,SNPP,SNPP,n,2,297.18,6.71,D,0
-21.4628,35.0419,334.65,0.44,0.38,2026-01-02,1135,SNPP,SNPP,n,2,295.71,6.1,D,0
-21.53646,34.61192,333.71,0.42,0.38,2026-01-02,1135,SNPP,SNPP,n,2,298.42,4.61,D,0
-21.42783,35.12821,342.73,0.44,0.39,2026-01-02,1135,SNPP,SNPP,n,2,298.79,15.02,D,0
-21.42652,35.09264,346.26,0.44,0.39,2026-01-02,1135,SNPP,SNPP,n,2,299.33,7.22,D,0
-21.45311,34.93546,332.82,0.44,0.38,2026-01-02,1135,SNPP,SNPP,n,2,295.98,3.86,D,0
-21.44887,34.939,331.36,0.44,0.38,2026-01-02,1135,SNPP,SNPP,n,2,296.92,8.28,D,0
-21.44958,34.93477,333.77,0.44,0.38,2026-01-02,1135,SNPP,SNPP,n,2,296.85,3.86,D,0
-21.41369,35.10335,344.27,0.44,0.39,2026-01-02,1135,SNPP,SNPP,n,2,299.19,14.16,D,0
-21.39937,35.1227,334.2,0.44,0.39,2026-01-02,1135,SNPP,SNPP,n,2,297.43,4.06,D,0
-21.39728,35.11343,336.05,0.44,0.39,2026-01-02,1135,SNPP,SNPP,n,2,298.14,3.04,D,0
-21.40166,35.08779,347.99,0.44,0.39,2026-01-02,1135,SNPP,SNPP,n,2,301.72,34.47,D,0
-20.90447,34.32799,336.22,0.42,0.38,2026-01-02,1135,SNPP,SNPP,n,2,299.6,7.64,D,0
-20.40938,34.18265,334.74,0.42,0.38,2026-01-02,1135,SNPP,SNPP,n,2,297.73,3.79,D,0
-20.41006,34.17862,334.89,0.42,0.38,2026-01-02,1135,SNPP,SNPP,n,2,298.39,3.79,D,0
-20.52253,32.84941,333.49,0.39,0.36,2026-01-02,1135,SNPP,SNPP,n,2,299.51,3.48,D,0
-20.29897,32.89381,334.42,0.39,0.36,2026-01-02,1135,SNPP,SNPP,n,2,299.7,1.7,D,0
-19.70366,34.27187,346.28,0.43,0.38,2026-01-02,1135,SNPP,SNPP,n,2,293.47,7.37,D,0
-19.54195,35.18089,334.96,0.47,0.4,2026-01-02,1135,SNPP,SNPP,n,2,299.22,3.04,D,0
-19.50859,35.28614,335.79,0.47,0.4,2026-01-02,1135,SNPP,SNPP,n,2,299.17,4.44,D,0
-19.55213,35.01328,338.89,0.46,0.39,2026-01-02,1135,SNPP,SNPP,n,2,300.11,25.57,D,0
-19.50385,35.05414,342.4,0.46,0.39,2026-01-02,1135,SNPP,SNPP,n,2,299.72,10.34,D,0
-19.50414,35.05496,339.21,0.46,0.39,2026-01-02,1135,SNPP,SNPP,n,2,300.4,7.9,D,0
-19.48419,35.10616,330.91,0.47,0.39,2026-01-02,1135,SNPP,SNPP,n,2,299.23,1.66,D,0
-19.49289,34.98907,342.89,0.46,0.39,2026-01-02,1135,SNPP,SNPP,n,2,299.01,7.1,D,0
-19.37192,35.38332,340.33,0.48,0.4,2026-01-02,1135,SNPP,SNPP,n,2,298.68,5.95,D,0
-19.37737,35.30874,332.08,0.48,0.4,2026-01-02,1135,SNPP,SNPP,n,2,300.56,2.57,D,0
-19.36084,35.38119,338.36,0.48,0.4,2026-01-02,1135,SNPP,SNPP,n,2,300.91,10.66,D,0
-19.3539,35.24796,334.52,0.47,0.4,2026-01-02,1135,SNPP,SNPP,n,2,298.6,2.42,D,0
-19.35189,35.245,337.02,0.47,0.4,2026-01-02,1135,SNPP,SNPP,n,2,298.8,5.19,D,0
-19.65645,33.32545,331.67,0.4,0.37,2026-01-02,1135,SNPP,SNPP,n,2,297.28,2.25,D,0
-19.27405,35.23474,340.15,0.47,0.4,2026-01-02,1135,SNPP,SNPP,n,2,297.24,9.2,D,0
-19.33309,34.76727,344.86,0.45,0.39,2026-01-02,1135,SNPP,SNPP,n,2,302.51,11.21,D,0
-19.33222,34.76761,340.87,0.45,0.39,2026-01-02,1135,SNPP,SNPP,n,2,301.77,12.8,D,0
-19.28439,35.00644,331.02,0.46,0.39,2026-01-02,1135,SNPP,SNPP,n,2,299.57,2.49,D,0
-19.23004,35.30252,347.29,0.48,0.4,2026-01-02,1135,SNPP,SNPP,n,2,300.19,8.75,D,0
-19.22031,35.31481,336.8,0.48,0.4,2026-01-02,1135,SNPP,SNPP,n,2,299.35,7.83,D,0
-19.21663,35.31409,347.4,0.48,0.4,2026-01-02,1135,SNPP,SNPP,n,2,300.67,7.83,D,0
-19.23663,35.15385,336.52,0.47,0.4,2026-01-02,1135,SNPP,SNPP,n,2,297.97,3.09,D,0
-19.49395,33.46656,336.65,0.41,0.37,2026-01-02,1135,SNPP,SNPP,n,2,301.11,4.96,D,0
-19.12297,35.43415,334.83,0.49,0.4,2026-01-02,1135,SNPP,SNPP,n,2,297.05,3.84,D,0
-19.1057,35.3274,338.87,0.48,0.4,2026-01-02,1135,SNPP,SNPP,n,2,299.84,9.19,D,0
-18.95269,35.80106,331.01,0.51,0.41,2026-01-02,1135,SNPP,SNPP,n,2,299.31,2.18,D,0
-18.91448,35.76014,330.13,0.51,0.41,2026-01-02,1135,SNPP,SNPP,n,2,299.27,2.58,D,0
-18.91154,35.75455,331.45,0.51,0.41,2026-01-02,1135,SNPP,SNPP,n,2,299.12,2.97,D,0
-18.91324,35.74487,338.39,0.51,0.41,2026-01-02,1135,SNPP,SNPP,n,2,300.61,4.82,D,0
-18.91409,35.74003,332.74,0.51,0.41,2026-01-02,1135,SNPP,SNPP,n,2,301.28,4.82,D,0
-18.96061,35.31968,332.31,0.48,0.4,2026-01-02,1135,SNPP,SNPP,n,2,295.22,2.74,D,0
-18.90302,35.55967,333.97,0.5,0.41,2026-01-02,1135,SNPP,SNPP,n,2,300.81,9.13,D,0
-18.90385,35.55494,334.21,0.5,0.41,2026-01-02,1135,SNPP,SNPP,n,2,299.88,5.22,D,0
-18.91632,35.4407,332.81,0.49,0.4,2026-01-02,1135,SNPP,SNPP,n,2,299.03,3.12,D,0
-18.91715,35.43602,331.78,0.49,0.4,2026-01-02,1135,SNPP,SNPP,n,2,299.23,3.12,D,0
-18.89049,35.38507,348.35,0.49,0.4,2026-01-02,1135,SNPP,SNPP,n,2,298.02,8.45,D,0
-18.88556,35.23639,331.39,0.48,0.4,2026-01-02,1135,SNPP,SNPP,n,2,299.39,5.29,D,0
-18.91989,34.95003,330.66,0.47,0.39,2026-01-02,1135,SNPP,SNPP,l,2,302.96,2.5,D,0
-18.83673,35.34108,333.47,0.49,0.4,2026-01-02,1135,SNPP,SNPP,n,2,296.46,7.39,D,0
-18.80707,35.37862,333.18,0.49,0.4,2026-01-02,1135,SNPP,SNPP,n,2,301.82,5.63,D,0
-18.67699,36.05997,333.39,0.53,0.42,2026-01-02,1135,SNPP,SNPP,n,2,297.61,6.05,D,0
-18.67791,36.05492,333.44,0.53,0.42,2026-01-02,1135,SNPP,SNPP,n,2,297.91,6.05,D,0
-18.67312,36.05922,367,0.53,0.42,2026-01-02,1135,SNPP,SNPP,h,2,299.63,6.05,D,0
-18.67404,36.05417,340.82,0.53,0.42,2026-01-02,1135,SNPP,SNPP,n,2,299.69,6.05,D,0
-18.80169,35.34396,332.33,0.49,0.4,2026-01-02,1135,SNPP,SNPP,n,2,294.46,3.73,D,0
-18.78639,35.40837,337.39,0.49,0.4,2026-01-02,1135,SNPP,SNPP,n,2,300.32,3.81,D,0
-18.67733,36.05698,340.23,0.53,0.42,2026-01-02,1135,SNPP,SNPP,n,2,298.38,7.9,D,0
-18.78951,35.41039,338.22,0.49,0.4,2026-01-02,1135,SNPP,SNPP,n,2,301.36,4.73,D,0
-18.80071,35.34512,332.28,0.49,0.4,2026-01-02,1135,SNPP,SNPP,n,2,291.72,3.03,D,0
-18.67257,36.06129,342.59,0.53,0.42,2026-01-02,1135,SNPP,SNPP,n,2,296.66,8.43,D,0
-18.67435,36.05116,330.38,0.53,0.42,2026-01-02,1135,SNPP,SNPP,n,2,298.82,3.55,D,0
-18.78578,35.40966,338.59,0.49,0.4,2026-01-02,1135,SNPP,SNPP,n,2,300.17,4.88,D,0
-18.76859,35.35332,353.73,0.49,0.4,2026-01-02,1135,SNPP,SNPP,n,2,300.86,62.03,D,0
-18.76487,35.35261,345.89,0.49,0.4,2026-01-02,1135,SNPP,SNPP,n,2,299.86,28.47,D,0
-18.76568,35.34795,338.59,0.49,0.4,2026-01-02,1135,SNPP,SNPP,n,2,298.73,6.27,D,0
-18.75905,35.34188,332.76,0.49,0.4,2026-01-02,1135,SNPP,SNPP,n,2,299.8,5.52,D,0
-18.75937,35.31799,337.1,0.49,0.4,2026-01-02,1135,SNPP,SNPP,n,2,297.8,3.89,D,0
-18.76017,35.31335,332.02,0.49,0.4,2026-01-02,1135,SNPP,SNPP,n,2,301.73,3.89,D,0
-18.75646,35.31264,335.83,0.49,0.4,2026-01-02,1135,SNPP,SNPP,n,2,300.87,4.44,D,0
-18.81318,34.87593,331.65,0.46,0.39,2026-01-02,1135,SNPP,SNPP,n,2,298.05,1.83,D,0
-18.57865,36.13779,337.44,0.54,0.42,2026-01-02,1135,SNPP,SNPP,n,2,298.55,4.01,D,0
-18.55729,34.8844,339.94,0.47,0.39,2026-01-02,1135,SNPP,SNPP,n,2,302.27,4.94,D,0
-18.55749,34.88556,337.63,0.47,0.39,2026-01-02,1135,SNPP,SNPP,n,2,301.86,4.85,D,0
-18.80754,32.89435,338.05,0.4,0.37,2026-01-02,1135,SNPP,SNPP,n,2,306.01,11.5,D,0
-18.80418,32.89368,330.4,0.4,0.37,2026-01-02,1135,SNPP,SNPP,n,2,299.9,11.5,D,0
-18.10521,35.73024,337.16,0.52,0.42,2026-01-02,1135,SNPP,SNPP,n,2,305.77,5.42,D,0
-18.10609,35.72532,332.55,0.52,0.42,2026-01-02,1135,SNPP,SNPP,l,2,303.48,2.42,D,0
-17.83852,36.78673,330.6,0.4,0.44,2026-01-02,1136,SNPP,SNPP,l,2,301,6.09,D,0
-17.66243,35.54845,335.4,0.52,0.41,2026-01-02,1136,SNPP,SNPP,n,2,304.2,3.5,D,0
-17.42718,35.92591,337.61,0.55,0.42,2026-01-02,1136,SNPP,SNPP,n,2,300.6,4.18,D,0
-16.20033,33.84133,330.14,0.45,0.39,2026-01-02,1136,SNPP,SNPP,n,2,297.99,6.31,D,0
-16.16316,32.9001,337.41,0.41,0.37,2026-01-02,1136,SNPP,SNPP,l,2,309.72,1.55,D,0
-15.63577,30.63215,339.7,0.38,0.36,2026-01-02,1136,SNPP,SNPP,l,2,311.9,2.06,D,0
-17.66157,35.55339,334.71,0.52,0.41,2026-01-02,1136,SNPP,SNPP,n,2,302.08,3.88,D,0
-26.39341,32.65178,301.87,0.45,0.39,2026-01-02,2248,SNPP,SNPP,n,2,285.91,1.28,N,2
-21.43602,35.09906,334.39,0.41,0.37,2026-01-03,1116,SNPP,SNPP,n,2,297.65,10.93,D,0
-21.77772,35.19346,333.18,0.41,0.37,2026-01-03,1116,SNPP,SNPP,l,2,298.3,3.63,D,0
-21.72574,35.18906,337.92,0.41,0.37,2026-01-03,1116,SNPP,SNPP,n,2,295.32,5.29,D,0
-21.69276,35.22402,334.05,0.4,0.37,2026-01-03,1116,SNPP,SNPP,n,2,304.34,20.65,D,0
-21.68933,35.22346,330.58,0.4,0.37,2026-01-03,1116,SNPP,SNPP,l,2,299.13,20.65,D,0
-21.43259,35.0985,335.85,0.41,0.37,2026-01-03,1116,SNPP,SNPP,n,2,294.88,10.93,D,0
-18.9622,35.38816,335.13,0.39,0.36,2026-01-03,1116,SNPP,SNPP,n,2,293.89,4.05,D,0
-18.74566,35.46249,340.4,0.39,0.36,2026-01-03,1116,SNPP,SNPP,n,2,294.33,3.73,D,0
-18.48351,35.86292,345.65,0.38,0.36,2026-01-03,1117,SNPP,SNPP,n,2,301.14,8.59,D,0
-18.48406,35.85926,342.32,0.38,0.36,2026-01-03,1117,SNPP,SNPP,n,2,302.37,8.59,D,0
-18.35768,35.82347,335.47,0.38,0.36,2026-01-03,1117,SNPP,SNPP,n,2,300.81,2.43,D,0
-18.50075,36.32644,334.2,0.38,0.36,2026-01-03,1117,SNPP,SNPP,n,2,297.48,2.9,D,0
-18.51836,36.43424,338.09,0.38,0.36,2026-01-03,1117,SNPP,SNPP,n,2,297.44,2.21,D,0
-17.92412,36.71087,330.03,0.39,0.36,2026-01-03,1117,SNPP,SNPP,n,2,294.82,1.56,D,0
-17.4061,37.68266,334.42,0.41,0.37,2026-01-03,1117,SNPP,SNPP,n,2,300.09,3.27,D,0
-17.38385,36.79479,335.4,0.39,0.36,2026-01-03,1117,SNPP,SNPP,n,2,299.25,3.28,D,0
-18.55363,36.02467,338.1,0.38,0.36,2026-01-03,1117,SNPP,SNPP,n,2,296.27,3.97,D,0
-16.85807,38.91931,337.17,0.45,0.39,2026-01-03,1117,SNPP,SNPP,n,2,301.61,5.05,D,0
-16.99107,35.61366,334.6,0.38,0.36,2026-01-03,1117,SNPP,SNPP,n,2,300.07,2.81,D,0
-16.3406,35.43434,330.85,0.38,0.36,2026-01-03,1117,SNPP,SNPP,l,2,301.22,1.5,D,0
-16.20077,33.84146,342.36,0.41,0.37,2026-01-03,1117,SNPP,SNPP,l,2,309.4,10.85,D,0
-16.19733,33.84094,344.6,0.41,0.37,2026-01-03,1117,SNPP,SNPP,l,2,310.99,11.11,D,0
-16.12201,33.76265,338.81,0.41,0.37,2026-01-03,1117,SNPP,SNPP,l,2,310.91,12.1,D,2
-18.48739,35.85981,331.14,0.38,0.36,2026-01-03,1117,SNPP,SNPP,n,2,299.8,2.06,D,0
-11.09788,40.06137,342.31,0.42,0.45,2026-01-03,1118,SNPP,SNPP,n,2,294.6,5.32,D,0
-11.09304,40.06448,332.18,0.42,0.45,2026-01-03,1118,SNPP,SNPP,n,2,294.35,5.32,D,0
-11.09371,40.06062,346.65,0.42,0.45,2026-01-03,1118,SNPP,SNPP,n,2,294.89,5.32,D,0
-10.82591,40.4322,339.38,0.45,0.47,2026-01-03,1118,SNPP,SNPP,n,2,295.14,5.27,D,0
-10.813,40.45539,341.46,0.45,0.47,2026-01-03,1118,SNPP,SNPP,n,2,293.29,6.36,D,0
-10.51852,40.51683,333.61,0.46,0.47,2026-01-03,1119,SNPP,SNPP,n,2,279.75,6.78,D,0
-10.50838,40.52373,342.55,0.46,0.47,2026-01-03,1119,SNPP,SNPP,n,2,285.93,16.18,D,0
-10.5091,40.51952,338.61,0.46,0.47,2026-01-03,1119,SNPP,SNPP,n,2,283.29,12.57,D,0
-10.50403,40.52296,342.61,0.46,0.47,2026-01-03,1119,SNPP,SNPP,n,2,286.31,10.95,D,0
-10.50476,40.51876,342.02,0.46,0.47,2026-01-03,1119,SNPP,SNPP,n,2,284.11,8.73,D,0
-24.37129,34.28358,302.55,0.47,0.48,2026-01-03,2229,SNPP,SNPP,n,2,273.01,1.18,N,0
-24.37568,34.28249,300.6,0.47,0.48,2026-01-03,2229,SNPP,SNPP,n,2,273.19,1.18,N,0
-24.27563,33.67847,331.12,0.61,0.53,2026-01-04,1056,SNPP,SNPP,n,2,286.21,4.69,D,0
-21.92348,35.18579,337.96,0.46,0.47,2026-01-04,1057,SNPP,SNPP,n,2,297.65,4.06,D,0
-21.924,35.18119,332.78,0.46,0.47,2026-01-04,1057,SNPP,SNPP,n,2,298.34,4.06,D,0
-16.20236,33.83747,307.97,0.72,0.75,2026-01-04,2208,SNPP,SNPP,n,2,278.19,2.21,N,0
-16.1177,33.7606,299.97,0.73,0.76,2026-01-04,2208,SNPP,SNPP,n,2,277.42,1.13,N,2
-16.12145,33.75999,302.2,0.73,0.76,2026-01-04,2208,SNPP,SNPP,n,2,277.05,2.3,N,2
-16.19826,33.8369,314.1,0.72,0.75,2026-01-04,2208,SNPP,SNPP,n,2,278.28,4.19,N,0
-16.19544,33.83944,308.54,0.72,0.75,2026-01-04,2208,SNPP,SNPP,n,2,277.97,2.21,N,0
-22.93037,35.52046,328.9,0.45,0.63,2026-01-05,1038,SNPP,SNPP,n,2,288.86,4.6,D,0
-22.47029,35.43386,351.13,0.45,0.63,2026-01-05,1038,SNPP,SNPP,n,2,286.62,7.78,D,0
-21.8235,35.24994,367,0.46,0.63,2026-01-05,1038,SNPP,SNPP,h,2,290.15,10.58,D,0
-21.82791,35.19967,335.63,0.46,0.63,2026-01-05,1038,SNPP,SNPP,n,2,289.06,3.3,D,0
-21.8124,35.23974,328.54,0.46,0.63,2026-01-05,1038,SNPP,SNPP,n,2,289.28,2.92,D,0
-21.72786,35.20747,331.25,0.46,0.63,2026-01-05,1038,SNPP,SNPP,n,2,289.76,2.83,D,0
-21.7303,35.17979,332,0.46,0.63,2026-01-05,1038,SNPP,SNPP,n,2,289.56,4.68,D,0
-21.68174,35.11441,343.2,0.46,0.64,2026-01-05,1038,SNPP,SNPP,n,2,289.77,6.11,D,0
-21.67969,35.11558,333.44,0.46,0.64,2026-01-05,1038,SNPP,SNPP,n,2,288.77,7.16,D,0
-21.44822,34.95134,340.78,0.47,0.64,2026-01-05,1038,SNPP,SNPP,n,2,287.21,5.05,D,0
-19.68274,34.96771,327.78,0.45,0.63,2026-01-05,1039,SNPP,SNPP,n,2,284.35,3.2,D,0
-22.90394,35.48769,328.47,0.63,0.72,2026-01-05,1218,SNPP,SNPP,n,2,285.01,5.1,D,0
-16.1974,33.83794,304.13,0.46,0.47,2026-01-05,2329,SNPP,SNPP,n,2,282.16,1.83,N,0
-16.19762,33.84003,305.49,0.46,0.47,2026-01-05,2329,SNPP,SNPP,n,2,282.26,2,N,0
-25.58284,32.59318,340.99,0.4,0.44,2026-01-06,1159,SNPP,SNPP,n,2,302.87,1.64,D,0
-18.08927,36.44374,329.14,0.47,0.64,2026-01-06,1201,SNPP,SNPP,n,2,285.09,2.71,D,0
-24.3614,34.29453,308.61,0.49,0.41,2026-01-06,2313,SNPP,SNPP,n,2,293.32,0.91,N,0
-26.3929,32.65125,307.21,0.44,0.38,2026-01-06,2313,SNPP,SNPP,n,2,295.47,1.26,N,2
-25.92997,32.48904,330.62,0.39,0.36,2026-01-07,1140,SNPP,SNPP,l,2,301.25,0.72,D,0
-25.6131,32.56806,333.78,0.39,0.36,2026-01-07,1140,SNPP,SNPP,l,2,304.31,2.47,D,0
-25.28643,33.18324,337.04,0.4,0.37,2026-01-07,1140,SNPP,SNPP,n,2,306.26,4.37,D,0
-25.2803,33.17788,337.3,0.4,0.37,2026-01-07,1140,SNPP,SNPP,l,2,307.38,4.97,D,0
-25.20385,33.24121,349.11,0.4,0.37,2026-01-07,1140,SNPP,SNPP,n,2,308.23,17.77,D,0
-25.20647,33.2252,333.91,0.4,0.37,2026-01-07,1140,SNPP,SNPP,l,2,307.02,4.27,D,0
-25.20779,33.21718,335.23,0.4,0.37,2026-01-07,1140,SNPP,SNPP,n,2,302.72,3.64,D,0
-25.07932,33.16727,344.57,0.4,0.37,2026-01-07,1140,SNPP,SNPP,n,2,309.27,5.47,D,0
-24.76904,33.72826,337.94,0.42,0.38,2026-01-07,1140,SNPP,SNPP,l,2,309.51,5.15,D,0
-24.50347,34.22727,338.14,0.44,0.38,2026-01-07,1140,SNPP,SNPP,n,2,306.79,6.47,D,0
-24.36037,34.30201,343.69,0.44,0.38,2026-01-07,1140,SNPP,SNPP,n,2,311.38,11.09,D,0
-24.36112,34.29765,345.41,0.44,0.38,2026-01-07,1140,SNPP,SNPP,n,2,312.13,11.09,D,0
-24.36187,34.29329,347,0.44,0.38,2026-01-07,1140,SNPP,SNPP,n,2,311.91,11.4,D,0
-23.78877,34.85008,334.8,0.47,0.4,2026-01-07,1140,SNPP,SNPP,n,2,301.88,1.59,D,0
-23.78062,34.85319,333.34,0.47,0.4,2026-01-07,1140,SNPP,SNPP,l,2,303.76,3.82,D,0
-23.2697,35.40259,334.55,0.51,0.41,2026-01-07,1140,SNPP,SNPP,n,2,304.17,2.58,D,0
-22.67227,35.27592,333.73,0.51,0.41,2026-01-07,1141,SNPP,SNPP,n,2,302.39,2.69,D,0
-22.96046,35.43918,335.3,0.52,0.41,2026-01-07,1141,SNPP,SNPP,n,2,304.46,16.61,D,0
-22.96139,35.43407,333.99,0.52,0.41,2026-01-07,1141,SNPP,SNPP,n,2,303.87,26.53,D,0
-22.95666,35.43834,336.84,0.52,0.41,2026-01-07,1141,SNPP,SNPP,n,2,305.05,16.61,D,0
-22.89485,35.47241,341.04,0.52,0.42,2026-01-07,1141,SNPP,SNPP,n,2,308.95,16.35,D,0
-22.76808,35.48488,336.86,0.52,0.42,2026-01-07,1141,SNPP,SNPP,n,2,304.09,4.44,D,0
-22.82911,35.13405,331.65,0.5,0.41,2026-01-07,1141,SNPP,SNPP,l,2,301.87,4.56,D,0
-22.76637,35.48703,330.64,0.52,0.42,2026-01-07,1141,SNPP,SNPP,l,2,305.18,3.77,D,0
-22.83007,35.13122,330.59,0.5,0.41,2026-01-07,1141,SNPP,SNPP,l,2,300.98,2.34,D,0
-22.5449,35.33489,339.73,0.52,0.41,2026-01-07,1141,SNPP,SNPP,n,2,304.64,17.1,D,0
-22.44291,35.43502,333.43,0.53,0.42,2026-01-07,1141,SNPP,SNPP,n,2,302.74,3.06,D,0
-22.44963,35.43863,331.7,0.53,0.42,2026-01-07,1141,SNPP,SNPP,l,2,303.48,3.08,D,0
-22.44193,35.437,331.29,0.53,0.42,2026-01-07,1141,SNPP,SNPP,l,2,302.51,3.2,D,0
-22.22032,35.13313,337.77,0.51,0.41,2026-01-07,1141,SNPP,SNPP,n,2,301,3.56,D,0
-22.15265,35.10143,335.22,0.51,0.41,2026-01-07,1141,SNPP,SNPP,n,2,300.03,5.96,D,0
-21.97816,35.16074,335.08,0.52,0.41,2026-01-07,1141,SNPP,SNPP,n,2,297.06,4.18,D,0
-21.91797,35.17664,339.68,0.52,0.41,2026-01-07,1141,SNPP,SNPP,n,2,293.11,5.88,D,0
-21.8512,35.19427,337.33,0.52,0.42,2026-01-07,1141,SNPP,SNPP,n,2,291.82,3.04,D,0
-21.84272,35.21862,334.97,0.52,0.42,2026-01-07,1141,SNPP,SNPP,n,2,296.43,5.93,D,0
-21.84534,35.2213,335.5,0.52,0.42,2026-01-07,1141,SNPP,SNPP,n,2,296.95,6.49,D,0
-21.80953,35.17717,345.34,0.52,0.42,2026-01-07,1141,SNPP,SNPP,n,2,298.71,20.24,D,0
-21.50955,35.14425,342.09,0.52,0.42,2026-01-07,1141,SNPP,SNPP,n,2,289.59,7.76,D,0
-21.49529,35.15709,336.29,0.53,0.42,2026-01-07,1141,SNPP,SNPP,n,2,292.27,5.72,D,0
-21.4876,35.15551,339.64,0.53,0.42,2026-01-07,1141,SNPP,SNPP,n,2,290.28,8.34,D,0
-21.48191,35.16492,338.89,0.53,0.42,2026-01-07,1141,SNPP,SNPP,n,2,292.68,11.32,D,0
-21.48283,35.15981,348.34,0.53,0.42,2026-01-07,1141,SNPP,SNPP,n,2,294.56,21.36,D,0
-21.48375,35.15472,347.38,0.53,0.42,2026-01-07,1141,SNPP,SNPP,n,2,290.15,21.36,D,0
-21.47899,35.15901,351.89,0.53,0.42,2026-01-07,1141,SNPP,SNPP,n,2,293.22,21.36,D,0
-21.47481,35.11615,330.7,0.52,0.42,2026-01-07,1141,SNPP,SNPP,n,2,291.16,3.33,D,0
-21.46638,35.14061,335.14,0.53,0.42,2026-01-07,1141,SNPP,SNPP,n,2,285.58,3.84,D,0
-21.45777,35.1441,334.96,0.53,0.42,2026-01-07,1141,SNPP,SNPP,n,2,287.83,7.63,D,0
-21.4587,35.13903,332.34,0.53,0.42,2026-01-07,1141,SNPP,SNPP,n,2,287.38,7.63,D,0
-21.45811,35.05523,330.01,0.52,0.42,2026-01-07,1141,SNPP,SNPP,n,2,288.93,2.11,D,0
-21.43924,35.0931,346.98,0.52,0.42,2026-01-07,1141,SNPP,SNPP,n,2,290.78,14.77,D,0
-21.43355,35.10239,336.14,0.52,0.42,2026-01-07,1141,SNPP,SNPP,n,2,288.81,3.87,D,0
-21.42099,35.08416,347.08,0.52,0.42,2026-01-07,1141,SNPP,SNPP,n,2,293.29,12.35,D,0
-21.43324,35.09914,336.28,0.52,0.42,2026-01-07,1141,SNPP,SNPP,n,2,289.42,4.22,D,0
-21.4197,35.08588,335.74,0.52,0.42,2026-01-07,1141,SNPP,SNPP,n,2,292.44,6.81,D,0
-21.42059,35.0809,330.75,0.52,0.42,2026-01-07,1141,SNPP,SNPP,n,2,291.77,6.81,D,0
-21.41022,35.0944,333.69,0.52,0.42,2026-01-07,1141,SNPP,SNPP,n,2,289.15,2.86,D,0
-21.39688,35.10218,334.93,0.52,0.42,2026-01-07,1141,SNPP,SNPP,n,2,288.72,5.34,D,0
-21.35478,35.11467,333.79,0.53,0.42,2026-01-07,1141,SNPP,SNPP,n,2,285.83,5.8,D,0
-20.55992,32.66737,332.52,0.42,0.38,2026-01-07,1141,SNPP,SNPP,l,2,307.5,4.99,D,0
-19.1259,35.17723,336.96,0.57,0.43,2026-01-07,1142,SNPP,SNPP,n,2,273.16,6.1,D,0
-19.12534,35.1748,332.68,0.57,0.43,2026-01-07,1142,SNPP,SNPP,n,2,272.98,5.36,D,0
-15.88967,33.02301,331.46,0.49,0.4,2026-01-07,1143,SNPP,SNPP,n,2,298.47,5.22,D,2
-16.11934,33.76131,314.93,0.46,0.39,2026-01-07,2252,SNPP,SNPP,n,2,287.76,1.37,N,2
-16.12296,33.76063,306.34,0.46,0.39,2026-01-07,2252,SNPP,SNPP,n,2,286.74,1.37,N,2
-16.12371,33.76497,305.15,0.46,0.39,2026-01-07,2252,SNPP,SNPP,n,2,286.62,1.37,N,2
-16.13356,33.71408,297.29,0.46,0.39,2026-01-07,2252,SNPP,SNPP,n,2,276.16,0.41,N,2
-16.13431,33.71842,297.33,0.46,0.39,2026-01-07,2252,SNPP,SNPP,n,2,276.01,0.41,N,2
-16.19615,33.8399,310.71,0.45,0.39,2026-01-07,2252,SNPP,SNPP,n,2,283.92,1.79,N,0
-16.19974,33.83921,323.92,0.45,0.39,2026-01-07,2252,SNPP,SNPP,n,2,284.28,3.34,N,0
-16.19722,33.84058,312.22,0.45,0.39,2026-01-07,2252,SNPP,SNPP,n,2,284.21,2.31,N,0
-16.20082,33.83989,325.62,0.45,0.39,2026-01-07,2252,SNPP,SNPP,n,2,284.11,2.31,N,0
-21.74859,35.05946,306.01,0.39,0.36,2026-01-07,2253,SNPP,SNPP,n,2,291.84,1.05,N,2
-16.19939,33.84026,329.57,0.38,0.36,2026-01-08,1124,SNPP,SNPP,n,2,290.58,3.18,D,0
-15.74193,40.31804,335.38,0.4,0.37,2026-01-09,1105,SNPP,SNPP,n,2,295.94,6.19,D,0
-15.68122,40.28405,335.63,0.4,0.37,2026-01-09,1105,SNPP,SNPP,n,2,294.05,4.94,D,0
-15.67782,40.28348,336.21,0.4,0.37,2026-01-09,1105,SNPP,SNPP,n,2,291.13,4.94,D,0
-14.80772,40.79844,332.98,0.42,0.38,2026-01-09,1105,SNPP,SNPP,n,2,296.02,2.63,D,0
-10.8064,40.43267,345.25,0.49,0.49,2026-01-11,1028,SNPP,SNPP,n,2,294.46,5.8,D,0
-16.19423,33.83975,297.49,0.46,0.39,2026-01-11,2317,SNPP,SNPP,n,2,272.01,0.77,N,0
-16.19786,33.83921,301.9,0.46,0.39,2026-01-11,2317,SNPP,SNPP,n,2,272.01,1.36,N,0
-16.12169,33.76091,298.93,0.4,0.37,2026-01-12,2258,SNPP,SNPP,n,2,268.92,0.81,N,2
-16.12232,33.7647,300.32,0.4,0.37,2026-01-12,2258,SNPP,SNPP,n,2,270.83,1.54,N,2
-16.19452,33.84113,300.72,0.4,0.37,2026-01-12,2258,SNPP,SNPP,n,2,275.19,1.11,N,0
-16.19515,33.84489,298.06,0.4,0.37,2026-01-12,2258,SNPP,SNPP,n,2,274.9,0.83,N,0
-16.19792,33.84052,312.05,0.4,0.37,2026-01-12,2258,SNPP,SNPP,n,2,276.73,1.57,N,0
-16.20131,33.8399,314.97,0.4,0.37,2026-01-12,2258,SNPP,SNPP,n,2,277.77,1.57,N,0
-19.50989,35.3099,333.18,0.41,0.37,2026-01-13,1129,SNPP,SNPP,n,2,298.75,10.88,D,0
-19.27356,35.51334,330.57,0.42,0.38,2026-01-13,1129,SNPP,SNPP,n,2,295.65,1.88,D,0
-19.01612,35.6917,339.9,0.43,0.38,2026-01-13,1129,SNPP,SNPP,n,2,299.2,5.53,D,0
-18.85588,35.82768,332.53,0.44,0.38,2026-01-13,1129,SNPP,SNPP,n,2,300,2.78,D,0
-18.85623,35.82832,331.25,0.44,0.38,2026-01-13,1129,SNPP,SNPP,n,2,299.68,2.11,D,0
-18.76291,35.32661,330.43,0.42,0.38,2026-01-13,1129,SNPP,SNPP,n,2,299.4,2.28,D,0
-18.32944,35.71794,333.51,0.44,0.38,2026-01-13,1129,SNPP,SNPP,n,2,299.42,2.4,D,0
-17.99997,36.69021,330.63,0.49,0.4,2026-01-13,1129,SNPP,SNPP,n,2,298.66,3.27,D,0
-18.06507,35.98232,330.52,0.45,0.39,2026-01-13,1130,SNPP,SNPP,n,2,297.63,5.25,D,0
-18.08603,34.48724,335.86,0.4,0.37,2026-01-13,1130,SNPP,SNPP,n,2,299.59,3.37,D,0
-17.55059,36.82393,340.77,0.5,0.41,2026-01-13,1130,SNPP,SNPP,n,2,295.92,4.48,D,0
-17.05529,38.50039,331.84,0.42,0.45,2026-01-13,1130,SNPP,SNPP,n,2,294.53,4.18,D,0
-16.84256,38.52582,330.48,0.43,0.46,2026-01-13,1130,SNPP,SNPP,n,2,293.9,1.49,D,0
-10.5914,40.4915,353.87,0.37,0.58,2026-01-13,1131,SNPP,SNPP,n,2,284.3,11.47,D,0
-10.59076,40.4949,357.31,0.37,0.58,2026-01-13,1131,SNPP,SNPP,l,2,283.22,11.47,D,0
-15.47462,39.25113,330.16,0.42,0.38,2026-01-14,1111,SNPP,SNPP,n,2,296.08,1.11,D,0
-18.8291,35.6833,337.6,0.49,0.49,2026-01-15,1052,SNPP,SNPP,n,2,292.52,5.58,D,0
-13.43913,36.60933,330.4,0.56,0.43,2026-01-15,1053,SNPP,SNPP,n,2,296.12,5.37,D,0
-11.17879,40.46899,333.57,0.38,0.36,2026-01-15,1054,SNPP,SNPP,n,2,300.36,3.06,D,0
-10.85419,40.44954,336.24,0.38,0.36,2026-01-15,1054,SNPP,SNPP,n,2,297.25,3.42,D,0
-15.08042,39.79432,333.06,0.49,0.48,2026-01-16,1034,SNPP,SNPP,n,2,296.46,4.69,D,0
-14.82111,40.29644,340.93,0.45,0.47,2026-01-16,1034,SNPP,SNPP,n,2,297.84,5.76,D,0
-11.14346,39.45306,333.25,0.45,0.47,2026-01-16,1035,SNPP,SNPP,n,2,294.54,4.65,D,0
-10.6681,40.51051,351.2,0.38,0.43,2026-01-16,1035,SNPP,SNPP,n,2,299.54,22.27,D,0
-10.73889,40.46252,331.12,0.4,0.6,2026-01-17,1016,SNPP,SNPP,n,2,290.36,2.65,D,0
-12.59506,35.06689,299.49,0.39,0.36,2026-01-17,2303,SNPP,SNPP,n,2,283.88,0.28,N,0
-16.50999,37.15584,332.04,0.45,0.47,2026-01-18,1136,SNPP,SNPP,n,2,291.53,1.84,D,0
-15.72837,37.47231,339.93,0.48,0.48,2026-01-18,1136,SNPP,SNPP,n,2,296.68,9.15,D,0
-10.96583,39.90784,307.31,0.38,0.36,2026-01-18,2244,SNPP,SNPP,n,2,292.97,0.98,N,0
-13.35341,35.46025,297.59,0.49,0.4,2026-01-18,2245,SNPP,SNPP,n,2,270.59,0.63,N,0
-13.35451,35.46249,319.17,0.49,0.4,2026-01-18,2245,SNPP,SNPP,n,2,271.3,2.31,N,0
-13.35823,35.4618,310.45,0.49,0.4,2026-01-18,2245,SNPP,SNPP,n,2,270.55,1.72,N,0
-15.88797,33.02354,303.45,0.41,0.45,2026-01-18,2246,SNPP,SNPP,n,2,288.64,0.53,N,2
-16.11875,33.75972,313.53,0.55,0.43,2026-01-18,2246,SNPP,SNPP,n,2,287.34,1.68,N,2
-16.1197,33.76497,306.3,0.55,0.43,2026-01-18,2246,SNPP,SNPP,n,2,286.44,1.68,N,2
-16.12363,33.76417,307.3,0.55,0.43,2026-01-18,2246,SNPP,SNPP,n,2,287.57,3.64,N,2
-16.19436,33.8412,308.54,0.55,0.42,2026-01-18,2246,SNPP,SNPP,n,2,281.78,1.96,N,0
-16.19827,33.8404,314.49,0.55,0.42,2026-01-18,2246,SNPP,SNPP,n,2,280.63,1.96,N,0
-16.20218,33.8396,301.33,0.55,0.42,2026-01-18,2246,SNPP,SNPP,n,2,276.1,0.84,N,0
-16.1971,33.83788,306.97,0.55,0.42,2026-01-18,2246,SNPP,SNPP,n,2,279.87,2.03,N,0
-16.19805,33.84302,306.28,0.55,0.42,2026-01-18,2246,SNPP,SNPP,n,2,278.53,0.77,N,0
-16.20196,33.84223,300.76,0.55,0.42,2026-01-18,2246,SNPP,SNPP,n,2,274.6,0.77,N,0
-18.43578,35.84137,331.84,0.38,0.36,2026-01-19,1117,SNPP,SNPP,n,2,293.15,2.24,D,0
-18.02561,36.69126,338.34,0.39,0.36,2026-01-19,1117,SNPP,SNPP,n,2,288.35,28.12,D,0
-18.02618,36.6876,331.59,0.39,0.36,2026-01-19,1117,SNPP,SNPP,n,2,291.37,28.12,D,0
-17.64013,35.61107,333.51,0.39,0.36,2026-01-19,1117,SNPP,SNPP,n,2,296.38,4.61,D,0
-16.57294,39.61358,337.58,0.49,0.41,2026-01-19,1117,SNPP,SNPP,n,2,299.51,6.67,D,0
-17.19897,35.55643,331.67,0.38,0.36,2026-01-19,1117,SNPP,SNPP,n,2,299.27,2.01,D,0
-15.71184,40.25655,330.67,0.55,0.43,2026-01-19,1118,SNPP,SNPP,n,2,300.27,3.9,D,0
-15.45802,39.34426,330.77,0.49,0.41,2026-01-19,1118,SNPP,SNPP,l,2,302.58,2.91,D,0
-15.42194,39.17265,345.65,0.49,0.4,2026-01-19,1118,SNPP,SNPP,n,2,304.87,9.48,D,0
-15.28717,39.16911,334.5,0.49,0.4,2026-01-19,1118,SNPP,SNPP,l,2,306.55,1.89,D,0
-15.55179,37.5092,333.57,0.41,0.37,2026-01-19,1118,SNPP,SNPP,n,2,300.26,4.12,D,0
-16.11881,33.76163,330.25,0.41,0.37,2026-01-19,1118,SNPP,SNPP,l,2,293.65,6.69,D,2
-15.08815,39.82748,335.55,0.53,0.42,2026-01-19,1118,SNPP,SNPP,n,2,301.01,5.66,D,0
-14.93327,39.796,341.46,0.53,0.42,2026-01-19,1118,SNPP,SNPP,n,2,305.47,3.67,D,0
-15.285,37.5666,332.9,0.42,0.37,2026-01-19,1118,SNPP,SNPP,l,2,305.89,1.45,D,0
-14.99308,38.817,336.99,0.47,0.4,2026-01-19,1118,SNPP,SNPP,l,2,307.91,5.49,D,0
-14.63545,38.83374,334.91,0.48,0.4,2026-01-19,1118,SNPP,SNPP,l,2,306.63,3.04,D,0
-14.5007,38.92166,332.17,0.48,0.4,2026-01-19,1118,SNPP,SNPP,l,2,304.08,1.82,D,0
-14.12749,37.86924,331.8,0.44,0.38,2026-01-19,1118,SNPP,SNPP,l,2,303.01,3.04,D,0
-13.03891,40.27131,334.13,0.4,0.44,2026-01-19,1118,SNPP,SNPP,n,2,299.67,2.01,D,0
-12.40129,34.97974,339.02,0.38,0.36,2026-01-19,1119,SNPP,SNPP,n,2,303.99,4.18,D,0
-18.01123,36.68971,342.55,0.44,0.46,2026-01-19,2227,SNPP,SNPP,n,2,278.77,22.24,N,0
-16.49446,39.70079,334.14,0.39,0.36,2026-01-20,1059,SNPP,SNPP,l,2,293.46,5.37,D,0
-16.49501,39.69715,348.67,0.39,0.36,2026-01-20,1059,SNPP,SNPP,l,2,295.83,10.14,D,0
-10.84369,40.45004,339.09,0.4,0.37,2026-01-20,1100,SNPP,SNPP,n,2,308.03,20.37,D,0
-10.94006,40.4141,334.67,0.4,0.37,2026-01-20,1100,SNPP,SNPP,n,2,302.89,10.24,D,0
-10.94013,40.36955,335.31,0.39,0.37,2026-01-20,1100,SNPP,SNPP,n,2,303.04,2.86,D,0
-10.87294,40.48892,337.62,0.4,0.37,2026-01-20,1100,SNPP,SNPP,n,2,304,3.02,D,0
-10.81499,40.4566,331.2,0.4,0.37,2026-01-20,1100,SNPP,SNPP,l,2,305.17,2.11,D,0
-10.76331,40.40325,336.59,0.4,0.37,2026-01-20,1100,SNPP,SNPP,n,2,305.73,4.78,D,0
-10.75994,40.40269,337.89,0.4,0.37,2026-01-20,1100,SNPP,SNPP,n,2,302.36,4.78,D,0
-13.65626,39.51707,334.7,0.39,0.44,2026-01-21,1040,SNPP,SNPP,n,2,296.11,6.31,D,0
-13.65618,39.51653,343.41,0.39,0.44,2026-01-21,1040,SNPP,SNPP,n,2,296.26,4.69,D,0
-13.62936,39.50203,328.78,0.39,0.44,2026-01-21,1040,SNPP,SNPP,l,2,301.9,4.71,D,0
-10.67626,40.53997,330.5,0.47,0.4,2026-01-21,1041,SNPP,SNPP,l,2,300.75,6.86,D,0
-10.67536,40.19946,330.45,0.49,0.4,2026-01-21,1041,SNPP,SNPP,l,2,301.1,6.99,D,0
-22.55137,35.40656,333.36,0.33,0.55,2026-01-22,1200,SNPP,SNPP,n,2,289.99,1.99,D,0
-22.21479,35.28054,335.6,0.33,0.55,2026-01-22,1200,SNPP,SNPP,n,2,290.83,3.51,D,0
-22.13532,35.2426,335.35,0.33,0.55,2026-01-22,1200,SNPP,SNPP,n,2,290.83,2.29,D,0
-22.11086,35.25694,332.85,0.33,0.55,2026-01-22,1200,SNPP,SNPP,n,2,291.61,1.98,D,0
-22.10992,35.23638,336.85,0.33,0.55,2026-01-22,1200,SNPP,SNPP,n,2,291.13,4.01,D,0
-22.09883,35.21342,337.14,0.33,0.55,2026-01-22,1200,SNPP,SNPP,n,2,289.65,2.74,D,0
-22.06344,35.22866,330.83,0.33,0.55,2026-01-22,1200,SNPP,SNPP,n,2,291.34,1.31,D,0
-21.77577,35.24979,331.18,0.34,0.56,2026-01-22,1200,SNPP,SNPP,n,2,292.47,2.06,D,0
-21.43033,35.08785,331.17,0.33,0.56,2026-01-22,1200,SNPP,SNPP,n,2,290.51,2.07,D,0
-21.42901,35.08846,331.78,0.33,0.56,2026-01-22,1200,SNPP,SNPP,n,2,290.34,1.81,D,0
-21.41814,35.08913,331.03,0.33,0.56,2026-01-22,1200,SNPP,SNPP,n,2,290.07,2.95,D,0
-21.41369,35.08479,367,0.33,0.56,2026-01-22,1200,SNPP,SNPP,h,2,291.56,4.93,D,0
-21.41436,35.08161,336.68,0.33,0.56,2026-01-22,1200,SNPP,SNPP,n,2,289.45,4.93,D,0
-21.40243,35.11263,367,0.34,0.56,2026-01-22,1200,SNPP,SNPP,h,2,291.44,13.46,D,0
-21.40036,35.12241,340.57,0.34,0.56,2026-01-22,1200,SNPP,SNPP,n,2,290.31,3.16,D,0
-21.40859,35.08353,348.78,0.33,0.56,2026-01-22,1200,SNPP,SNPP,n,2,290.72,4.93,D,0
-21.39287,35.10698,337.66,0.34,0.56,2026-01-22,1200,SNPP,SNPP,n,2,289.57,3.46,D,0
-21.38606,35.08848,331.35,0.33,0.56,2026-01-22,1200,SNPP,SNPP,n,2,290.53,4.25,D,0
-21.38675,35.08524,342.16,0.33,0.56,2026-01-22,1200,SNPP,SNPP,n,2,290.57,4.4,D,0
-15.88749,33.02393,305.72,0.39,0.36,2026-01-22,2311,SNPP,SNPP,n,2,290.35,0.44,N,2
-16.11895,33.75866,316.78,0.4,0.37,2026-01-22,2311,SNPP,SNPP,n,2,293.17,1.68,N,2
-16.11952,33.76242,311.64,0.4,0.37,2026-01-22,2311,SNPP,SNPP,n,2,292.8,1.68,N,2
-16.12292,33.76188,309.06,0.4,0.37,2026-01-22,2311,SNPP,SNPP,n,2,292.59,1.92,N,2
-16.12348,33.76562,305.67,0.4,0.37,2026-01-22,2311,SNPP,SNPP,n,2,292.02,1.21,N,2
-16.12745,33.76883,305.31,0.4,0.37,2026-01-22,2311,SNPP,SNPP,n,2,291.13,1.21,N,2
-16.13373,33.71777,309.64,0.4,0.37,2026-01-22,2311,SNPP,SNPP,n,2,292.87,1.26,N,2
-16.13429,33.72152,305.07,0.4,0.37,2026-01-22,2311,SNPP,SNPP,n,2,291.42,1.26,N,2
-16.19446,33.84309,313.93,0.4,0.37,2026-01-22,2311,SNPP,SNPP,n,2,291.4,2.05,N,0
-16.1973,33.83877,311.53,0.4,0.37,2026-01-22,2311,SNPP,SNPP,n,2,291.56,1.05,N,0
-16.19787,33.84255,304.69,0.4,0.37,2026-01-22,2311,SNPP,SNPP,n,2,291.07,1.05,N,0
-16.20071,33.83823,311.22,0.4,0.37,2026-01-22,2311,SNPP,SNPP,n,2,290.97,1.05,N,0
-16.20128,33.84201,310.2,0.4,0.37,2026-01-22,2311,SNPP,SNPP,n,2,290.79,1.05,N,0
-16.63799,33.07092,302.36,0.39,0.36,2026-01-22,2311,SNPP,SNPP,n,2,288.23,0.53,N,0
-21.64833,35.47654,312.31,0.53,0.42,2026-01-22,2312,SNPP,SNPP,n,2,290.05,2.04,N,0
-22.89017,35.48423,331.37,0.52,0.42,2026-01-23,1141,SNPP,SNPP,n,2,294.77,3.06,D,0
-22.63509,35.46509,345.37,0.52,0.42,2026-01-23,1141,SNPP,SNPP,n,2,291.45,11.32,D,0
-22.56306,35.40214,335.7,0.52,0.42,2026-01-23,1141,SNPP,SNPP,n,2,289.25,2.82,D,0
-22.24042,35.44881,330.29,0.53,0.42,2026-01-23,1141,SNPP,SNPP,n,2,292.41,3.86,D,0
-22.11148,35.31469,335,0.52,0.42,2026-01-23,1141,SNPP,SNPP,n,2,293.53,3.46,D,0
-21.90704,35.28811,336.5,0.53,0.42,2026-01-23,1141,SNPP,SNPP,n,2,296.09,11.71,D,0
-21.84545,35.25412,336.48,0.53,0.42,2026-01-23,1141,SNPP,SNPP,n,2,294.51,3.61,D,0
-21.8025,35.24236,336.28,0.53,0.42,2026-01-23,1141,SNPP,SNPP,n,2,292.68,10.19,D,0
-21.79174,35.21374,342.55,0.52,0.42,2026-01-23,1141,SNPP,SNPP,n,2,293.38,6.17,D,0
-21.78023,35.21137,336.62,0.52,0.42,2026-01-23,1141,SNPP,SNPP,n,2,292.69,6.47,D,0
-21.61126,35.2369,336.51,0.53,0.42,2026-01-23,1141,SNPP,SNPP,n,2,292.61,3.22,D,0
-21.61081,35.23409,333.89,0.53,0.42,2026-01-23,1141,SNPP,SNPP,n,2,292.56,2.77,D,0
-21.48409,35.13679,333.72,0.52,0.42,2026-01-23,1141,SNPP,SNPP,n,2,291.13,3,D,0
-21.45063,35.14567,338.3,0.53,0.42,2026-01-23,1141,SNPP,SNPP,n,2,290.91,7.88,D,0
-21.44679,35.14489,339.21,0.53,0.42,2026-01-23,1141,SNPP,SNPP,n,2,291.03,7.26,D,0
-21.42176,35.12923,331.58,0.53,0.42,2026-01-23,1141,SNPP,SNPP,n,2,290.73,3.07,D,0
-21.41387,35.08572,335.19,0.52,0.42,2026-01-23,1141,SNPP,SNPP,n,2,287.26,5.91,D,0
-21.39872,35.12458,336.41,0.53,0.42,2026-01-23,1141,SNPP,SNPP,n,2,290.27,5.99,D,0
-21.41284,35.08282,337.87,0.52,0.42,2026-01-23,1141,SNPP,SNPP,n,2,287.52,5.95,D,0
-21.40178,35.12247,337.42,0.53,0.42,2026-01-23,1141,SNPP,SNPP,n,2,290.31,4.8,D,0
-21.40248,35.09636,334.95,0.52,0.42,2026-01-23,1141,SNPP,SNPP,n,2,288.88,4.27,D,0
-19.31949,33.33237,335.88,0.46,0.39,2026-01-23,1142,SNPP,SNPP,n,2,294.97,2.9,D,0
-18.80833,36.18292,332.11,0.44,0.46,2026-01-23,1142,SNPP,SNPP,n,2,292.76,2.98,D,0
-17.83582,34.70119,330.17,0.56,0.43,2026-01-23,1142,SNPP,SNPP,n,2,297.19,3.64,D,0
-16.55347,35.40315,334.15,0.43,0.46,2026-01-23,1143,SNPP,SNPP,n,2,288.73,2.63,D,0
-16.16902,33.77417,331.19,0.53,0.42,2026-01-23,1143,SNPP,SNPP,l,2,301.42,9.41,D,0
-16.16989,33.7692,332.43,0.53,0.42,2026-01-23,1143,SNPP,SNPP,n,2,302.29,7.87,D,0
-22.78562,35.45715,337.16,0.38,0.36,2026-01-24,1122,SNPP,SNPP,n,2,297.37,4.35,D,0
-22.65068,35.40998,341.87,0.38,0.36,2026-01-24,1122,SNPP,SNPP,n,2,296.19,6.84,D,0
-22.58763,35.48742,335.59,0.38,0.36,2026-01-24,1122,SNPP,SNPP,n,2,295.03,2.2,D,0
-21.81515,35.24048,334.74,0.38,0.36,2026-01-24,1122,SNPP,SNPP,n,2,292.47,3.16,D,0
-16.54834,35.36037,333.36,0.39,0.37,2026-01-24,1124,SNPP,SNPP,n,2,294.18,2.43,D,0
-16.46527,35.54798,333.81,0.4,0.37,2026-01-24,1124,SNPP,SNPP,n,2,296.36,1.94,D,0
-16.21808,33.67894,337.76,0.39,0.36,2026-01-24,1124,SNPP,SNPP,n,2,307.67,7.2,D,0
-16.20584,33.66958,333.77,0.39,0.36,2026-01-24,1124,SNPP,SNPP,l,2,304.65,4.12,D,0
-18.41749,36.39627,310.31,0.55,0.42,2026-01-24,2234,SNPP,SNPP,n,2,289.83,1.2,N,0
-24.70572,34.52561,337.78,0.44,0.46,2026-01-25,1103,SNPP,SNPP,n,2,302.31,2.89,D,0
-24.4119,35.2621,345.96,0.39,0.44,2026-01-25,1103,SNPP,SNPP,n,2,301.76,14.83,D,0
-23.08012,35.42752,334.36,0.56,0.43,2026-01-25,1103,SNPP,SNPP,n,2,301.56,2.88,D,0
-22.95357,35.51995,346.14,0.55,0.43,2026-01-25,1103,SNPP,SNPP,n,2,311.25,78.56,D,0
-22.95254,35.25603,336.92,0.57,0.43,2026-01-25,1103,SNPP,SNPP,n,2,298.89,6.21,D,0
-22.9532,35.25039,332.26,0.57,0.43,2026-01-25,1103,SNPP,SNPP,n,2,298.82,5,D,0
-22.94852,35.25546,336.75,0.57,0.43,2026-01-25,1103,SNPP,SNPP,l,2,306.97,78.95,D,0
-22.95241,35.25393,347.43,0.57,0.43,2026-01-25,1103,SNPP,SNPP,n,2,303.28,24.63,D,0
-22.94839,35.25337,331.8,0.57,0.43,2026-01-25,1103,SNPP,SNPP,l,2,306.72,127.78,D,0
-22.57867,35.38055,336.3,0.56,0.43,2026-01-25,1103,SNPP,SNPP,n,2,299.24,9.83,D,0
-22.49291,35.45639,333.81,0.55,0.43,2026-01-25,1103,SNPP,SNPP,n,2,301.8,2.76,D,0
-22.49082,35.45464,330.77,0.55,0.43,2026-01-25,1103,SNPP,SNPP,n,2,299.87,3.21,D,3
-22.40132,35.46385,335.15,0.55,0.42,2026-01-25,1103,SNPP,SNPP,n,2,304.6,3.63,D,0
-22.40257,35.46166,332.97,0.55,0.42,2026-01-25,1103,SNPP,SNPP,l,2,304.42,4.31,D,0
-22.22949,35.24757,346.95,0.56,0.43,2026-01-25,1103,SNPP,SNPP,n,2,299.81,6.68,D,0
-22.17927,35.27729,337.78,0.56,0.43,2026-01-25,1104,SNPP,SNPP,n,2,301.04,19.81,D,0
-21.9301,35.19991,334.59,0.56,0.43,2026-01-25,1104,SNPP,SNPP,n,2,300.24,2.65,D,0
-21.90022,35.17895,338.38,0.56,0.43,2026-01-25,1104,SNPP,SNPP,n,2,301.93,12.54,D,0
-21.89914,35.17635,334.06,0.56,0.43,2026-01-25,1104,SNPP,SNPP,n,2,300.93,6.38,D,0
-21.83134,35.2003,334.74,0.56,0.43,2026-01-25,1104,SNPP,SNPP,n,2,300.48,5.1,D,0
-21.79621,35.18987,337.35,0.56,0.43,2026-01-25,1104,SNPP,SNPP,n,2,304.88,26.7,D,0
-21.77632,35.18704,337.51,0.56,0.43,2026-01-25,1104,SNPP,SNPP,n,2,301.32,5.79,D,0
-21.79154,35.20925,338.49,0.56,0.43,2026-01-25,1104,SNPP,SNPP,n,2,302.56,4.13,D,0
-21.79431,35.18749,339.27,0.56,0.43,2026-01-25,1104,SNPP,SNPP,n,2,303.97,32.57,D,0
-21.75513,35.20966,337.72,0.55,0.43,2026-01-25,1104,SNPP,SNPP,n,2,303.13,13.96,D,0
-21.74135,35.15778,331.4,0.56,0.43,2026-01-25,1104,SNPP,SNPP,n,2,300.46,3.54,D,0
-21.73137,35.17307,347.22,0.56,0.43,2026-01-25,1104,SNPP,SNPP,n,2,302.33,14.25,D,0
-21.72342,35.17193,334.79,0.56,0.43,2026-01-25,1104,SNPP,SNPP,n,2,301.71,5.97,D,0
-19.48923,35.01568,332.47,0.53,0.42,2026-01-25,1104,SNPP,SNPP,n,2,297.24,3.01,D,0
-18.89677,35.79083,347.48,0.48,0.4,2026-01-25,1104,SNPP,SNPP,n,2,300.5,6.08,D,0
-18.41787,36.39865,333.47,0.45,0.39,2026-01-25,1104,SNPP,SNPP,l,2,300.98,6.81,D,0
-18.40805,34.36885,332.97,0.56,0.43,2026-01-25,1105,SNPP,SNPP,n,2,299.65,3.1,D,0
-16.46704,35.38599,333.4,0.47,0.4,2026-01-25,1105,SNPP,SNPP,n,2,298.68,3.14,D,0
-11.20218,39.49321,333.48,0.41,0.37,2026-01-25,1106,SNPP,SNPP,n,2,297.92,2.66,D,0
-15.65398,37.65042,299.5,0.34,0.56,2026-01-25,2214,SNPP,SNPP,n,2,279.3,0.73,N,0
-15.65547,37.65126,303.46,0.34,0.56,2026-01-25,2214,SNPP,SNPP,n,2,279.48,0.72,N,0
-16.12083,33.76215,303.18,0.58,0.7,2026-01-25,2215,SNPP,SNPP,n,2,284.14,2.45,N,2
-16.12021,33.76111,304.14,0.58,0.7,2026-01-25,2215,SNPP,SNPP,n,2,284.12,2.11,N,2
-16.199,33.84123,305.67,0.57,0.69,2026-01-25,2215,SNPP,SNPP,n,2,283.82,2.36,N,0
-23.10261,35.35923,336.87,0.37,0.58,2026-01-26,1044,SNPP,SNPP,n,2,299.69,3.66,D,0
-23.09426,35.27152,331.54,0.37,0.58,2026-01-26,1044,SNPP,SNPP,n,2,297.88,1.66,D,0
-22.98461,35.43789,334.26,0.36,0.58,2026-01-26,1044,SNPP,SNPP,n,2,298.29,2.36,D,0
-22.91473,35.171,367,0.38,0.59,2026-01-26,1044,SNPP,SNPP,h,2,296.45,12.4,D,0
-22.91508,35.16724,352.1,0.38,0.59,2026-01-26,1044,SNPP,SNPP,n,2,297.26,12.4,D,0
-22.87619,35.46436,336.74,0.36,0.57,2026-01-26,1044,SNPP,SNPP,n,2,300.23,4.06,D,0
-22.87653,35.46077,342.53,0.36,0.57,2026-01-26,1044,SNPP,SNPP,n,2,298.84,4.06,D,0
-22.78707,35.17624,332.6,0.38,0.58,2026-01-26,1044,SNPP,SNPP,n,2,292.66,1.54,D,0
-22.61037,35.47043,341.36,0.36,0.57,2026-01-26,1045,SNPP,SNPP,n,2,298.43,2.76,D,0
-22.61659,35.40268,335.14,0.36,0.58,2026-01-26,1045,SNPP,SNPP,n,2,299.34,3.43,D,0
-22.45388,35.52011,330.53,0.35,0.57,2026-01-26,1045,SNPP,SNPP,l,2,302.55,2.27,D,0
-22.28166,35.48817,330.36,0.35,0.57,2026-01-26,1045,SNPP,SNPP,n,2,299.04,1.69,D,0
-22.27804,35.4873,331.72,0.35,0.57,2026-01-26,1045,SNPP,SNPP,n,2,294.91,1.66,D,0
-22.27687,35.27829,331.74,0.36,0.58,2026-01-26,1045,SNPP,SNPP,n,2,298.82,2.99,D,0
-22.27861,35.26027,334.92,0.37,0.58,2026-01-26,1045,SNPP,SNPP,n,2,299.53,3.16,D,0
-22.21578,35.29013,367,0.36,0.58,2026-01-26,1045,SNPP,SNPP,h,2,298.63,6.6,D,0
-22.12992,35.25837,331.45,0.36,0.58,2026-01-26,1045,SNPP,SNPP,n,2,295.82,1.39,D,0
-21.90774,35.20206,329.37,0.37,0.58,2026-01-26,1045,SNPP,SNPP,n,2,296.14,1.49,D,0
-21.88445,35.21789,342.68,0.36,0.58,2026-01-26,1045,SNPP,SNPP,n,2,296.66,2.79,D,0
-21.88752,35.27228,330.12,0.36,0.57,2026-01-26,1045,SNPP,SNPP,n,2,297.71,2.25,D,0
-21.88215,35.21708,342.29,0.36,0.58,2026-01-26,1045,SNPP,SNPP,n,2,296.3,2.48,D,0
-21.8237,35.25826,340.34,0.36,0.58,2026-01-26,1045,SNPP,SNPP,n,2,297.74,5.09,D,0
-21.49381,35.11553,329.66,0.37,0.58,2026-01-26,1045,SNPP,SNPP,n,2,295.93,1.15,D,0
-19.54906,35.17261,331.44,0.34,0.56,2026-01-26,1045,SNPP,SNPP,n,2,297.18,2.37,D,0
-19.53541,35.15077,332.29,0.35,0.56,2026-01-26,1045,SNPP,SNPP,n,2,298.35,2.41,D,0
-23.04313,35.2179,331.4,0.75,0.77,2026-01-26,1225,SNPP,SNPP,n,2,293.53,4.14,D,0
-23.03202,35.23098,331.99,0.76,0.77,2026-01-26,1225,SNPP,SNPP,n,2,292.79,4.24,D,0
-23.03098,35.22778,339.06,0.76,0.77,2026-01-26,1225,SNPP,SNPP,n,2,290.52,8.31,D,0
-22.66012,35.3412,332.78,0.78,0.78,2026-01-26,1225,SNPP,SNPP,n,2,293.84,5.48,D,0
-19.52087,34.9962,343.42,0.71,0.75,2026-01-27,1026,SNPP,SNPP,n,2,293.19,9.01,D,0
-19.52344,34.99824,334.86,0.71,0.75,2026-01-27,1027,SNPP,SNPP,n,2,294.05,8.98,D,0
-24.6582,34.69998,332.64,0.34,0.56,2026-01-27,1206,SNPP,SNPP,n,2,298.67,2.01,D,0
-24.65895,34.69658,330.57,0.34,0.56,2026-01-27,1206,SNPP,SNPP,n,2,298.75,2.01,D,0
-23.11273,35.28064,331.01,0.4,0.6,2026-01-27,1206,SNPP,SNPP,n,2,297.07,3.04,D,0
-23.03571,35.49179,367,0.41,0.61,2026-01-27,1206,SNPP,SNPP,h,2,300.24,6.74,D,0
-23.03025,35.41285,345.33,0.41,0.6,2026-01-27,1206,SNPP,SNPP,n,2,297.98,4.81,D,0
-23.23795,34.49252,343.21,0.35,0.57,2026-01-27,1206,SNPP,SNPP,n,2,301.08,5.94,D,0
-23.23871,34.48906,342.84,0.35,0.57,2026-01-27,1206,SNPP,SNPP,n,2,301.71,4.51,D,0
-23.0386,35.22406,367,0.39,0.6,2026-01-27,1206,SNPP,SNPP,h,2,299.63,11.24,D,0
-23.0395,35.22015,338.48,0.39,0.6,2026-01-27,1206,SNPP,SNPP,n,2,298.37,6.15,D,0
-23.04034,35.22286,367,0.39,0.6,2026-01-27,1206,SNPP,SNPP,h,2,300.09,6.2,D,0
-23.03488,35.22141,334.29,0.39,0.6,2026-01-27,1206,SNPP,SNPP,n,2,298.59,6.2,D,0
-22.80551,35.49487,367,0.41,0.61,2026-01-27,1206,SNPP,SNPP,h,2,302.08,17.43,D,0
-22.80645,35.49076,355.85,0.41,0.61,2026-01-27,1206,SNPP,SNPP,n,2,297.85,17.43,D,0
-22.56891,35.47384,339.84,0.42,0.61,2026-01-27,1206,SNPP,SNPP,n,2,297.9,3.92,D,0
-20.23711,32.99783,332,0.33,0.55,2026-01-27,1207,SNPP,SNPP,n,2,296.96,2.45,D,0
-19.77628,34.25333,344.53,0.4,0.6,2026-01-27,1207,SNPP,SNPP,n,2,291.99,5.14,D,0
-19.77216,34.25513,338.02,0.4,0.6,2026-01-27,1207,SNPP,SNPP,n,2,295.08,5.05,D,0
-19.67271,34.29417,335.97,0.41,0.6,2026-01-27,1207,SNPP,SNPP,n,2,293.15,2.97,D,0
-19.08875,35.32859,367,0.48,0.65,2026-01-27,1207,SNPP,SNPP,h,2,297.54,23.04,D,0
-19.08983,35.32387,350.86,0.48,0.65,2026-01-27,1207,SNPP,SNPP,n,2,295.89,13.21,D,0
-19.08773,35.32791,367,0.48,0.65,2026-01-27,1207,SNPP,SNPP,h,2,296.69,22.51,D,0
-19.08878,35.32317,355.53,0.48,0.65,2026-01-27,1207,SNPP,SNPP,n,2,296.64,14.79,D,0
-18.88135,36.19157,334.63,0.55,0.68,2026-01-27,1207,SNPP,SNPP,n,2,295.78,2.94,D,0
-15.8887,33.02317,306.77,0.42,0.38,2026-01-27,2317,SNPP,SNPP,n,2,291.13,0.7,N,2
-16.11705,33.76089,306.06,0.45,0.39,2026-01-27,2317,SNPP,SNPP,n,2,292.35,0.99,N,2
-16.12067,33.76035,311.56,0.45,0.39,2026-01-27,2317,SNPP,SNPP,n,2,293.49,3.07,N,2
-16.1291,33.76774,304.96,0.45,0.39,2026-01-27,2317,SNPP,SNPP,n,2,292.76,2.17,N,2
-16.13328,33.71918,309.25,0.45,0.39,2026-01-27,2317,SNPP,SNPP,n,2,293.23,2.28,N,2
-16.19508,33.84101,304.51,0.46,0.39,2026-01-27,2317,SNPP,SNPP,n,2,292.12,1.54,N,0
-16.1957,33.84531,304.53,0.46,0.39,2026-01-27,2317,SNPP,SNPP,n,2,291.44,0.72,N,0
-16.19872,33.84047,310.5,0.46,0.39,2026-01-27,2317,SNPP,SNPP,n,2,292.43,2.42,N,0
-16.19934,33.84477,303.57,0.46,0.39,2026-01-27,2317,SNPP,SNPP,n,2,291.8,1.08,N,0
-18.09088,36.51576,302.3,0.45,0.47,2026-01-27,2318,SNPP,SNPP,n,2,285.55,0.65,N,0
-18.09161,36.51671,304.54,0.45,0.47,2026-01-27,2318,SNPP,SNPP,n,2,285.38,0.45,N,0
-18.22277,35.07692,303.12,0.56,0.43,2026-01-27,2318,SNPP,SNPP,n,2,291.63,0.73,N,0
-18.22385,35.07558,302.96,0.56,0.43,2026-01-27,2318,SNPP,SNPP,n,2,291.57,0.59,N,0
-26.61025,32.793,337.2,0.42,0.38,2026-01-28,1146,SNPP,SNPP,n,2,306.22,4.17,D,0
-25.36947,32.97584,334.85,0.44,0.38,2026-01-28,1147,SNPP,SNPP,n,2,303.64,2.88,D,0
-24.41565,35.26011,342.28,0.39,0.44,2026-01-28,1147,SNPP,SNPP,n,2,302.92,6.15,D,0
-24.38206,34.90676,342.23,0.56,0.43,2026-01-28,1147,SNPP,SNPP,n,2,306.6,9.07,D,0
-24.37811,34.90593,339.54,0.56,0.43,2026-01-28,1147,SNPP,SNPP,n,2,305.91,9.12,D,0
-23.99211,34.98085,332.28,0.57,0.43,2026-01-28,1147,SNPP,SNPP,l,2,303.78,5.03,D,0
-23.84705,32.04199,335.13,0.42,0.38,2026-01-28,1147,SNPP,SNPP,n,2,300.6,1.4,D,0
-23.05085,35.47549,334.96,0.42,0.45,2026-01-28,1147,SNPP,SNPP,n,2,302.33,2.18,D,0
-22.67811,35.42336,336.52,0.42,0.46,2026-01-28,1147,SNPP,SNPP,n,2,301.64,2.74,D,0
-22.67392,35.42244,340.64,0.42,0.46,2026-01-28,1147,SNPP,SNPP,n,2,299.64,3.26,D,0
-22.59009,35.38227,342.16,0.42,0.45,2026-01-28,1147,SNPP,SNPP,n,2,302.18,11.28,D,0
-22.58985,35.3837,345.51,0.42,0.45,2026-01-28,1147,SNPP,SNPP,n,2,301.67,8.06,D,0
-22.52322,35.41222,333.93,0.43,0.46,2026-01-28,1147,SNPP,SNPP,n,2,302.56,1.97,D,0
-22.43285,35.43141,340.7,0.43,0.46,2026-01-28,1147,SNPP,SNPP,n,2,301.83,3.99,D,0
-22.41398,35.02863,340.62,0.41,0.45,2026-01-28,1147,SNPP,SNPP,n,2,303.25,4.98,D,0
-22.27036,35.30464,342.34,0.42,0.46,2026-01-28,1147,SNPP,SNPP,n,2,304.66,3.3,D,0
-22.16812,35.29258,332.54,0.43,0.46,2026-01-28,1148,SNPP,SNPP,n,2,302.14,5.61,D,0
-22.14616,34.2014,332,0.56,0.43,2026-01-28,1148,SNPP,SNPP,l,2,303.63,2.92,D,0
-21.68727,35.1452,346.02,0.43,0.46,2026-01-28,1148,SNPP,SNPP,n,2,308.15,6.17,D,0
-21.70487,34.92056,336.3,0.41,0.45,2026-01-28,1148,SNPP,SNPP,n,2,304.31,1.85,D,0
-21.62278,35.09797,335.05,0.42,0.45,2026-01-28,1148,SNPP,SNPP,n,2,301.68,1.59,D,0
-19.75797,34.24471,341.87,0.41,0.45,2026-01-28,1148,SNPP,SNPP,n,2,300.86,3.71,D,0
-19.67289,33.29343,334.56,0.54,0.42,2026-01-28,1148,SNPP,SNPP,n,2,297.52,3.34,D,0
-19.4256,32.83591,331.8,0.52,0.41,2026-01-28,1148,SNPP,SNPP,n,2,296.7,3.89,D,0
-19.03156,32.8555,338.11,0.52,0.42,2026-01-28,1148,SNPP,SNPP,n,2,300.94,5.3,D,0
-18.89609,32.71649,344.1,0.52,0.41,2026-01-28,1149,SNPP,SNPP,n,2,306.54,35.71,D,0
-18.21978,34.69386,330.89,0.46,0.47,2026-01-28,1149,SNPP,SNPP,n,2,299.17,2.19,D,0
-15.88835,33.02324,306.66,0.43,0.38,2026-01-28,2258,SNPP,SNPP,n,2,292.71,0.86,N,2
-15.88863,33.02446,306.33,0.43,0.38,2026-01-28,2258,SNPP,SNPP,n,2,292.23,0.65,N,2
-16.11839,33.75806,317.02,0.4,0.37,2026-01-28,2258,SNPP,SNPP,n,2,295.74,1.48,N,2
-16.11901,33.76185,309.55,0.4,0.37,2026-01-28,2258,SNPP,SNPP,n,2,295.55,1.48,N,2
-16.12242,33.76124,313.14,0.4,0.37,2026-01-28,2258,SNPP,SNPP,n,2,295.72,1.48,N,2
-16.12304,33.76504,307.46,0.4,0.37,2026-01-28,2258,SNPP,SNPP,n,2,294.74,1.77,N,2
-16.12227,33.76132,313.75,0.4,0.37,2026-01-28,2258,SNPP,SNPP,n,2,295.45,2.43,N,2
-16.12291,33.76512,308.29,0.4,0.37,2026-01-28,2258,SNPP,SNPP,n,2,294.84,1.22,N,2
-16.12695,33.76831,304.96,0.4,0.37,2026-01-28,2258,SNPP,SNPP,n,2,293.69,1.22,N,2
-16.19856,33.84098,307.62,0.4,0.37,2026-01-28,2258,SNPP,SNPP,n,2,291.56,1.37,N,0
-16.20196,33.84037,311.51,0.4,0.37,2026-01-28,2258,SNPP,SNPP,n,2,294.19,1.37,N,0
-19.5413,35.15295,304.51,0.39,0.36,2026-01-28,2259,SNPP,SNPP,n,2,293.42,0.64,N,0
-19.54464,35.15237,314,0.39,0.36,2026-01-28,2259,SNPP,SNPP,n,2,293.42,0.64,N,0
-23.84956,32.04179,304.65,0.4,0.37,2026-01-28,2301,SNPP,SNPP,n,2,289.6,1.04,N,0
-23.85099,32.02936,304.56,0.4,0.37,2026-01-28,2301,SNPP,SNPP,n,2,292.91,1.48,N,0
-23.85164,32.03327,319.98,0.4,0.37,2026-01-28,2301,SNPP,SNPP,n,2,295.03,1.48,N,0
-26.20127,32.66612,335.36,0.42,0.37,2026-01-29,1128,SNPP,SNPP,l,2,304.54,3.32,D,0
-25.29955,32.97457,333.16,0.4,0.37,2026-01-29,1128,SNPP,SNPP,l,2,299.99,2.53,D,0
-24.33816,35.07252,335.44,0.39,0.36,2026-01-29,1128,SNPP,SNPP,l,2,306.45,2.06,D,0
-23.84861,32.0323,332.21,0.42,0.38,2026-01-29,1128,SNPP,SNPP,l,2,304.42,3.42,D,0
-23.8377,32.06015,330.23,0.42,0.38,2026-01-29,1128,SNPP,SNPP,l,2,302.86,3.84,D,0
-23.10744,35.39087,339.88,0.39,0.36,2026-01-29,1128,SNPP,SNPP,l,2,312.68,8.38,D,0
-22.98127,35.37125,339.78,0.39,0.36,2026-01-29,1128,SNPP,SNPP,n,2,309.28,3.62,D,0
-22.75277,35.33698,331,0.39,0.37,2026-01-29,1129,SNPP,SNPP,n,2,299.26,7.04,D,0
-22.75339,35.33315,339.6,0.39,0.36,2026-01-29,1129,SNPP,SNPP,n,2,303.45,7.04,D,0
-22.62856,35.43681,334,0.4,0.37,2026-01-29,1129,SNPP,SNPP,n,2,303.41,1.99,D,0
-22.61778,35.3315,337.57,0.39,0.37,2026-01-29,1129,SNPP,SNPP,l,2,310.32,43.44,D,0
-22.60057,35.35207,336.11,0.4,0.37,2026-01-29,1129,SNPP,SNPP,n,2,304.89,2.29,D,0
-22.58382,35.41249,335.08,0.4,0.37,2026-01-29,1129,SNPP,SNPP,l,2,307.06,9.01,D,0
-22.57982,35.41571,334.79,0.4,0.37,2026-01-29,1129,SNPP,SNPP,n,2,302.19,10.79,D,0
-22.58045,35.41185,330.38,0.4,0.37,2026-01-29,1129,SNPP,SNPP,l,2,303.29,10.79,D,0
-22.55269,35.40667,344.91,0.4,0.37,2026-01-29,1129,SNPP,SNPP,n,2,308.14,23.2,D,0
-22.50269,35.39338,337.23,0.4,0.37,2026-01-29,1129,SNPP,SNPP,n,2,306.05,2.15,D,0
-22.30522,35.16719,341.8,0.39,0.36,2026-01-29,1129,SNPP,SNPP,n,2,312.18,4.6,D,0
-22.30186,35.16657,339.46,0.39,0.36,2026-01-29,1129,SNPP,SNPP,n,2,309.36,3.13,D,0
-22.2648,35.30981,347.28,0.4,0.37,2026-01-29,1129,SNPP,SNPP,n,2,315.89,11.99,D,0
-22.26142,35.30919,341.13,0.4,0.37,2026-01-29,1129,SNPP,SNPP,n,2,308.05,11.99,D,0
-22.18305,35.31838,343.09,0.4,0.37,2026-01-29,1129,SNPP,SNPP,n,2,308.79,8.54,D,0
-22.18326,35.2313,342.51,0.39,0.37,2026-01-29,1129,SNPP,SNPP,n,2,310.33,4.51,D,0
-22.18051,35.22684,332.65,0.39,0.37,2026-01-29,1129,SNPP,SNPP,l,2,306.28,4.51,D,0
-22.1281,35.24472,334.93,0.4,0.37,2026-01-29,1129,SNPP,SNPP,n,2,304.36,1.41,D,0
-22.11372,35.22623,341.77,0.4,0.37,2026-01-29,1129,SNPP,SNPP,n,2,307.8,6.61,D,0
-21.88485,35.25891,353.51,0.4,0.37,2026-01-29,1129,SNPP,SNPP,n,2,309.95,6.39,D,0
-21.8023,35.16506,335.96,0.4,0.37,2026-01-29,1129,SNPP,SNPP,n,2,306.71,6.37,D,0
-21.73491,35.16845,337.58,0.4,0.37,2026-01-29,1129,SNPP,SNPP,l,2,310.01,3.74,D,0
-21.72847,35.18699,340.58,0.4,0.37,2026-01-29,1129,SNPP,SNPP,l,2,312.77,12.42,D,0
-21.64641,35.09303,335.18,0.39,0.37,2026-01-29,1129,SNPP,SNPP,l,2,309.23,9.03,D,0
-21.6459,35.0927,335.07,0.4,0.37,2026-01-29,1129,SNPP,SNPP,l,2,308.53,6.66,D,0
-21.52274,35.09776,336.96,0.4,0.37,2026-01-29,1129,SNPP,SNPP,l,2,308.05,4.33,D,0
-20.39191,33.94463,335.29,0.39,0.36,2026-01-29,1129,SNPP,SNPP,l,2,309.66,3.22,D,0
-20.56151,32.66804,337.41,0.39,0.36,2026-01-29,1129,SNPP,SNPP,n,2,307.02,5.92,D,0
-20.43542,32.81474,333.41,0.39,0.36,2026-01-29,1129,SNPP,SNPP,n,2,300.48,2.62,D,0
-19.74847,34.92168,330.43,0.4,0.37,2026-01-29,1129,SNPP,SNPP,l,2,303.78,1.52,D,0
-19.74508,34.92107,333.77,0.4,0.37,2026-01-29,1129,SNPP,SNPP,n,2,302.39,1.52,D,0
-19.82621,34.21384,334,0.39,0.36,2026-01-29,1129,SNPP,SNPP,n,2,304.08,2.49,D,0
-19.64886,33.81028,333.37,0.39,0.36,2026-01-29,1129,SNPP,SNPP,n,2,304.55,3.3,D,0
-19.31143,34.7289,336.67,0.4,0.37,2026-01-29,1130,SNPP,SNPP,n,2,294.62,2.77,D,0
-19.30805,34.72829,342,0.4,0.37,2026-01-29,1130,SNPP,SNPP,n,2,291.04,4.2,D,0
-18.8554,35.59998,334.97,0.43,0.38,2026-01-29,1130,SNPP,SNPP,n,2,299.63,8.62,D,0
-18.84842,35.59869,355.69,0.43,0.38,2026-01-29,1130,SNPP,SNPP,n,2,301.66,12.86,D,0
-18.83426,33.93202,337.4,0.39,0.36,2026-01-29,1130,SNPP,SNPP,n,2,301.32,2.43,D,0
-18.76696,33.93504,335.87,0.39,0.36,2026-01-29,1130,SNPP,SNPP,n,2,304.22,2.15,D,0
-18.5691,34.58547,331.75,0.4,0.37,2026-01-29,1130,SNPP,SNPP,l,2,302.49,3.12,D,0
-18.48545,34.51976,338.06,0.4,0.37,2026-01-29,1130,SNPP,SNPP,n,2,305.15,3.91,D,0
-18.54896,33.98823,334.44,0.39,0.36,2026-01-29,1130,SNPP,SNPP,n,2,301.07,2.98,D,0
-18.57123,33.80264,330.89,0.39,0.36,2026-01-29,1130,SNPP,SNPP,n,2,299.87,2.9,D,0
-18.47799,33.91518,331.63,0.39,0.36,2026-01-29,1130,SNPP,SNPP,l,2,304.7,0.97,D,0
-18.47617,33.91451,330.86,0.39,0.36,2026-01-29,1130,SNPP,SNPP,l,2,303.94,1.3,D,0
-18.09151,34.49313,338.74,0.4,0.37,2026-01-29,1130,SNPP,SNPP,l,2,310.41,4.56,D,0
-17.92591,34.63211,333.4,0.41,0.37,2026-01-29,1130,SNPP,SNPP,l,2,307.31,6.6,D,0
-17.48309,35.14101,334.61,0.42,0.38,2026-01-29,1130,SNPP,SNPP,n,2,302,1.37,D,0
-16.61701,35.45829,335.64,0.44,0.39,2026-01-29,1130,SNPP,SNPP,n,2,297.08,3.45,D,0
-16.11939,33.76053,330.34,0.4,0.37,2026-01-29,1130,SNPP,SNPP,n,2,296.25,6.04,D,2
-16.1199,33.75902,313.9,0.46,0.47,2026-01-29,2240,SNPP,SNPP,n,2,292.46,2.69,N,2
-16.12071,33.76339,310.94,0.46,0.47,2026-01-29,2240,SNPP,SNPP,n,2,292.12,1.56,N,2
-16.12154,33.76782,306.61,0.46,0.47,2026-01-29,2240,SNPP,SNPP,n,2,291.04,1.56,N,0
-16.12506,33.7625,306.62,0.46,0.47,2026-01-29,2240,SNPP,SNPP,n,2,292.33,3.48,N,2
-16.19489,33.84342,308.7,0.45,0.47,2026-01-29,2240,SNPP,SNPP,n,2,291.73,1.85,N,0
-16.19839,33.83821,316.68,0.45,0.47,2026-01-29,2240,SNPP,SNPP,n,2,292.23,1.85,N,0
-16.19919,33.84249,308.98,0.45,0.47,2026-01-29,2240,SNPP,SNPP,n,2,291.67,1.85,N,0
-16.2035,33.84156,304.33,0.45,0.47,2026-01-29,2240,SNPP,SNPP,n,2,291.54,2.53,N,0
-19.55871,34.67165,308.77,0.54,0.42,2026-01-29,2240,SNPP,SNPP,n,2,292.63,1.66,N,0
-19.5594,34.67486,306.16,0.54,0.42,2026-01-29,2241,SNPP,SNPP,n,2,292.6,1.35,N,0
-19.56913,32.87993,299.2,0.45,0.47,2026-01-29,2241,SNPP,SNPP,n,2,286.68,0.4,N,0
-19.5735,32.87925,311.35,0.45,0.47,2026-01-29,2241,SNPP,SNPP,n,2,286.54,0.78,N,0
-22.24675,35.06724,303.77,0.47,0.4,2026-01-29,2241,SNPP,SNPP,n,2,292.69,0.76,N,2
-23.8374,32.05629,304.47,0.43,0.46,2026-01-29,2242,SNPP,SNPP,n,2,290.29,1.3,N,0
-23.84159,32.05529,316.62,0.43,0.46,2026-01-29,2242,SNPP,SNPP,n,2,289.64,1.65,N,0
-23.84165,32.0332,308.15,0.43,0.46,2026-01-29,2242,SNPP,SNPP,n,2,291.42,0.84,N,0
-23.84832,32.0448,308.01,0.43,0.46,2026-01-29,2242,SNPP,SNPP,n,2,291.95,1.66,N,0
-23.84094,32.03384,306.69,0.43,0.46,2026-01-29,2242,SNPP,SNPP,n,2,291.64,0.91,N,0
-23.84769,32.04543,306.83,0.43,0.46,2026-01-29,2242,SNPP,SNPP,n,2,291.07,1.56,N,0
-25.36949,33.04844,340.98,0.44,0.46,2026-01-30,1109,SNPP,SNPP,n,2,299.07,5.15,D,0
-25.373,33.04564,334.57,0.44,0.46,2026-01-30,1109,SNPP,SNPP,n,2,299.08,7.41,D,0
-23.84215,32.03428,367,0.49,0.48,2026-01-30,1110,SNPP,SNPP,h,2,302.56,13.45,D,0
-22.26657,35.16209,343.49,0.47,0.4,2026-01-30,1110,SNPP,SNPP,n,2,302.11,10.38,D,0
-21.61221,35.00841,333.66,0.47,0.4,2026-01-30,1110,SNPP,SNPP,n,2,301.34,6.35,D,0
-21.42525,35.13645,335.58,0.46,0.39,2026-01-30,1110,SNPP,SNPP,l,2,301.48,7.81,D,0
-20.5329,33.92651,331.07,0.52,0.41,2026-01-30,1110,SNPP,SNPP,n,2,300.24,3.8,D,0
-19.6917,34.31535,334.54,0.48,0.4,2026-01-30,1111,SNPP,SNPP,l,2,298.36,6.21,D,0
-19.58215,35.08004,339.64,0.45,0.39,2026-01-30,1111,SNPP,SNPP,l,2,304.56,2.62,D,0
-19.67697,33.31832,331.51,0.55,0.42,2026-01-30,1111,SNPP,SNPP,n,2,298.79,5.22,D,0
-19.67722,33.32128,339.16,0.55,0.42,2026-01-30,1111,SNPP,SNPP,n,2,299.23,5,D,0
-19.45035,33.16866,332.15,0.55,0.43,2026-01-30,1111,SNPP,SNPP,n,2,295.47,8.1,D,0
-19.21887,33.39195,333.16,0.53,0.42,2026-01-30,1111,SNPP,SNPP,n,2,303.02,3.67,D,0
-18.69256,36.08043,334.7,0.41,0.37,2026-01-30,1111,SNPP,SNPP,n,2,301.57,3.57,D,0
-18.67424,36.06174,336.16,0.41,0.37,2026-01-30,1111,SNPP,SNPP,l,2,302.44,5.9,D,0
-18.27902,36.48607,339.98,0.4,0.37,2026-01-30,1111,SNPP,SNPP,n,2,299.52,4.06,D,0
-18.20134,36.6109,338.76,0.39,0.36,2026-01-30,1111,SNPP,SNPP,n,2,303.85,4.01,D,0
-18.1696,36.6629,348.24,0.39,0.36,2026-01-30,1111,SNPP,SNPP,n,2,305.91,9.01,D,0
-18.10682,36.588,332.66,0.39,0.36,2026-01-30,1111,SNPP,SNPP,l,2,306.21,5.16,D,0
-18.09913,34.41759,334.23,0.46,0.39,2026-01-30,1111,SNPP,SNPP,n,2,301.32,4.65,D,0
-16.20052,33.83944,334.64,0.47,0.4,2026-01-30,1112,SNPP,SNPP,l,2,304.64,12.29,D,0
-16.11678,33.76055,306.47,0.46,0.64,2026-01-30,2221,SNPP,SNPP,n,2,291.34,3.28,N,2
-16.12359,33.76361,304.87,0.46,0.64,2026-01-30,2221,SNPP,SNPP,n,2,291.7,2.15,N,2
-16.19808,33.83843,323.57,0.46,0.63,2026-01-30,2221,SNPP,SNPP,n,2,291.95,4.46,N,0
-19.73033,34.81413,314.25,0.34,0.56,2026-01-30,2222,SNPP,SNPP,n,2,292.07,1.25,N,0
-19.73134,34.81503,322.27,0.34,0.56,2026-01-30,2222,SNPP,SNPP,n,2,292.33,1.22,N,0
-23.84096,32.0343,320.19,0.41,0.61,2026-01-30,2223,SNPP,SNPP,n,2,291.49,1.11,N,0
-23.84652,32.0327,308.66,0.41,0.61,2026-01-30,2223,SNPP,SNPP,n,2,291.36,1.11,N,0
-23.84372,32.03047,306.16,0.69,0.74,2026-01-31,0004,SNPP,SNPP,n,2,289.44,2.27,N,0
-25.62457,32.76798,330.92,0.45,0.63,2026-01-31,1050,SNPP,SNPP,n,2,296.72,2.91,D,0
-23.82472,34.90785,337.92,0.32,0.54,2026-01-31,1051,SNPP,SNPP,n,2,298.62,3.13,D,0
-23.84379,32.03584,350.05,0.48,0.65,2026-01-31,1051,SNPP,SNPP,n,2,299.48,7.96,D,0
-22.62794,35.48769,342.06,0.57,0.52,2026-01-31,1051,SNPP,SNPP,n,2,300.46,6.95,D,0
-22.60072,35.39108,330.48,0.58,0.52,2026-01-31,1051,SNPP,SNPP,n,2,299.66,2.51,D,0
-21.80162,35.19663,340.71,0.58,0.52,2026-01-31,1051,SNPP,SNPP,n,2,301.15,5.47,D,0
-21.79799,35.18447,335.47,0.58,0.52,2026-01-31,1051,SNPP,SNPP,n,2,301.62,4.27,D,0
-21.77604,35.15844,331.28,0.58,0.52,2026-01-31,1051,SNPP,SNPP,n,2,300.52,2.92,D,0
-20.49971,32.84377,327.9,0.4,0.6,2026-01-31,1052,SNPP,SNPP,n,2,290.52,5.04,D,0
-19.66817,33.40033,356.73,0.36,0.57,2026-01-31,1052,SNPP,SNPP,n,2,296.39,9.32,D,0
-19.67055,33.40103,337.03,0.36,0.57,2026-01-31,1052,SNPP,SNPP,n,2,294.57,5.8,D,0
-19.67096,33.39717,332.61,0.36,0.57,2026-01-31,1052,SNPP,SNPP,n,2,293.83,3.86,D,0
-18.6291,35.46568,331.02,0.51,0.49,2026-01-31,1052,SNPP,SNPP,n,2,295.65,4.4,D,0
-18.04439,36.0956,334.28,0.46,0.47,2026-01-31,1052,SNPP,SNPP,n,2,298.5,6.56,D,0
-18.03328,35.8512,330.74,0.47,0.48,2026-01-31,1052,SNPP,SNPP,n,2,297.42,4.21,D,0
-18.2992,33.24864,339.24,0.35,0.57,2026-01-31,1052,SNPP,SNPP,n,2,300.37,4.25,D,0
-18.17669,33.05558,333.25,0.36,0.57,2026-01-31,1052,SNPP,SNPP,n,2,297.26,3.83,D,0
-17.79902,36.02722,331.45,0.46,0.47,2026-01-31,1052,SNPP,SNPP,n,2,295.85,2.29,D,0
-17.5644,35.60717,342.91,0.48,0.48,2026-01-31,1052,SNPP,SNPP,n,2,304.65,10.8,D,0
-17.55991,35.60669,333.71,0.48,0.48,2026-01-31,1052,SNPP,SNPP,n,2,299.06,4.56,D,0
-17.38781,35.49012,333.8,0.49,0.48,2026-01-31,1052,SNPP,SNPP,n,2,299.71,2.89,D,0
-17.0977,35.63708,335.37,0.47,0.48,2026-01-31,1052,SNPP,SNPP,n,2,299.08,5.08,D,0
-17.09527,35.63447,338.72,0.47,0.48,2026-01-31,1052,SNPP,SNPP,n,2,299.39,4.64,D,0
-16.64799,37.02392,335.61,0.38,0.43,2026-01-31,1052,SNPP,SNPP,n,2,300.36,3.24,D,0
-16.7334,34.48336,336.35,0.56,0.51,2026-01-31,1053,SNPP,SNPP,n,2,298.46,5,D,0
-16.61061,35.43876,342.05,0.48,0.48,2026-01-31,1053,SNPP,SNPP,n,2,300.01,4.2,D,0
-16.1993,33.8428,335.09,0.6,0.53,2026-01-31,1053,SNPP,SNPP,n,2,303.95,16.33,D,0
-23.84517,32.03618,337.95,0.58,0.7,2026-01-31,1231,SNPP,SNPP,n,2,298.53,5.44,D,0
-20.52039,32.83482,334.7,0.77,0.77,2026-01-31,1232,SNPP,SNPP,n,2,287.52,7.64,D,0
-15.88753,33.02332,305.72,0.32,0.55,2026-01-31,2342,SNPP,SNPP,n,2,290.71,0.48,N,2
-16.12837,33.76786,303.37,0.37,0.58,2026-01-31,2342,SNPP,SNPP,n,2,288.52,1.58,N,2
-16.13364,33.718,306.93,0.36,0.58,2026-01-31,2342,SNPP,SNPP,n,2,289.67,1.83,N,2
-16.19821,33.84243,300.85,0.37,0.58,2026-01-31,2342,SNPP,SNPP,n,2,288.18,1.46,N,0
-16.20908,33.84122,302.39,0.37,0.58,2026-01-31,2342,SNPP,SNPP,n,2,288.74,0.85,N,0
-22.60082,35.36965,335.04,0.58,0.69,2026-02-01,1032,SNPP,SNPP,n,2,294.2,5.06,D,0
-22.33522,35.43253,356.96,0.57,0.69,2026-02-01,1032,SNPP,SNPP,n,2,299.42,61.79,D,0
-22.33478,35.43612,350.28,0.57,0.69,2026-02-01,1032,SNPP,SNPP,n,2,295.17,40.42,D,0
-22.33523,35.43058,346.4,0.57,0.69,2026-02-01,1032,SNPP,SNPP,n,2,297.93,44.69,D,0
-21.41236,35.13095,339.18,0.58,0.7,2026-02-01,1032,SNPP,SNPP,n,2,295.96,4.6,D,0
-21.40769,35.1284,337.61,0.58,0.7,2026-02-01,1032,SNPP,SNPP,n,2,295.63,8.11,D,0
-19.23163,35.44671,339.33,0.53,0.67,2026-02-01,1033,SNPP,SNPP,n,2,295.47,5.82,D,0
-18.81912,35.97964,340.2,0.48,0.65,2026-02-01,1033,SNPP,SNPP,n,2,290.19,5.91,D,0
-18.81867,35.97815,338.36,0.48,0.65,2026-02-01,1033,SNPP,SNPP,n,2,289.45,5.37,D,0
-18.08641,36.51891,339.3,0.44,0.62,2026-02-01,1033,SNPP,SNPP,n,2,294.4,5.63,D,0
-17.78546,35.48034,329.57,0.51,0.66,2026-02-01,1033,SNPP,SNPP,n,2,297.07,4.2,D,0
-15.94859,36.82922,333.74,0.39,0.6,2026-02-01,1034,SNPP,SNPP,n,2,287.2,3.82,D,0
-25.46152,32.87928,346.34,0.63,0.54,2026-02-01,1212,SNPP,SNPP,n,2,295.29,11.27,D,0
-23.48382,34.98664,337.66,0.47,0.64,2026-02-01,1212,SNPP,SNPP,n,2,293.56,3.69,D,0
-23.3533,35.3544,333.64,0.49,0.65,2026-02-01,1212,SNPP,SNPP,n,2,294.72,2.65,D,0
-23.11467,35.28176,367,0.49,0.65,2026-02-01,1212,SNPP,SNPP,h,2,293.19,17.5,D,0
-22.75521,35.33737,330.66,0.51,0.66,2026-02-01,1212,SNPP,SNPP,n,2,296.34,4.82,D,0
-22.75623,35.33788,333.01,0.51,0.66,2026-02-01,1212,SNPP,SNPP,n,2,296.65,4.6,D,0
-22.66002,35.20182,334.78,0.5,0.66,2026-02-01,1212,SNPP,SNPP,n,2,293.93,3.43,D,0
-22.28075,35.50022,330.21,0.53,0.67,2026-02-01,1213,SNPP,SNPP,n,2,295.85,3.99,D,0
-20.51819,32.85718,367,0.4,0.6,2026-02-01,1213,SNPP,SNPP,h,2,296.28,6.05,D,0
-20.51279,32.85543,343.92,0.4,0.6,2026-02-01,1213,SNPP,SNPP,n,2,295.35,6.05,D,0
-19.33175,33.51019,342.22,0.46,0.64,2026-02-01,1213,SNPP,SNPP,n,2,297.35,4.1,D,0
-18.79602,34.00171,338.01,0.51,0.66,2026-02-01,1214,SNPP,SNPP,n,2,295.34,2.14,D,0
-18.79617,34.00318,339.42,0.51,0.66,2026-02-01,1214,SNPP,SNPP,n,2,295.74,4.3,D,0
-18.7579,34.14605,331.94,0.52,0.67,2026-02-01,1214,SNPP,SNPP,n,2,296.07,3.36,D,0
-16.18,33.67028,330.33,0.55,0.68,2026-02-01,1214,SNPP,SNPP,l,2,303.22,6.95,D,0
-16.12004,33.76037,311.63,0.55,0.42,2026-02-01,2324,SNPP,SNPP,n,2,295.46,3.18,N,2
-16.12934,33.76943,307.61,0.55,0.42,2026-02-01,2324,SNPP,SNPP,n,2,294.51,3.48,N,2
-16.11898,33.75892,311.65,0.55,0.42,2026-02-01,2324,SNPP,SNPP,n,2,295.64,4.33,N,2
-16.12822,33.768,309.83,0.55,0.42,2026-02-01,2324,SNPP,SNPP,n,2,294.76,3.2,N,2
-16.13389,33.72003,309.79,0.54,0.42,2026-02-01,2324,SNPP,SNPP,n,2,295.89,3.96,N,2
-16.19468,33.84291,306.52,0.55,0.43,2026-02-01,2324,SNPP,SNPP,n,2,294.89,1.41,N,0
-16.19864,33.84237,306.86,0.55,0.43,2026-02-01,2324,SNPP,SNPP,n,2,294.84,1.41,N,0
-16.21055,33.84071,306.85,0.55,0.43,2026-02-01,2324,SNPP,SNPP,n,2,293.97,1.16,N,0
-26.79433,32.67245,301.19,0.42,0.45,2026-02-01,2327,SNPP,SNPP,n,2,289.94,0.76,N,0
-26.79483,32.67676,303,0.42,0.45,2026-02-01,2327,SNPP,SNPP,n,2,289.75,0.46,N,0
-26.79304,32.67513,302.35,0.42,0.46,2026-02-01,2327,SNPP,SNPP,n,2,289.88,1.12,N,0
-26.79549,32.84915,330.44,0.49,0.4,2026-02-02,1153,SNPP,SNPP,n,2,300.44,4.22,D,0
-26.80325,32.67134,333.71,0.48,0.4,2026-02-02,1153,SNPP,SNPP,n,2,299.67,3.98,D,0
-26.8041,32.66656,331.66,0.48,0.4,2026-02-02,1153,SNPP,SNPP,n,2,298.85,5.14,D,0
-25.42656,32.89273,343.12,0.51,0.41,2026-02-02,1153,SNPP,SNPP,n,2,300.73,7.77,D,0
-25.41712,32.90117,334.73,0.51,0.41,2026-02-02,1153,SNPP,SNPP,n,2,301.78,3.45,D,0
-25.32995,33.13411,331.57,0.53,0.42,2026-02-02,1153,SNPP,SNPP,l,2,303.43,3.31,D,0
-24.68548,34.80417,330.76,0.44,0.46,2026-02-02,1153,SNPP,SNPP,l,2,303.74,3.31,D,0
-24.19212,35.42932,342.85,0.49,0.49,2026-02-02,1153,SNPP,SNPP,n,2,303.42,8.96,D,0
-23.1464,35.28625,341.8,0.51,0.49,2026-02-02,1154,SNPP,SNPP,n,2,298.89,7.03,D,0
-23.14743,35.2813,337.78,0.51,0.49,2026-02-02,1154,SNPP,SNPP,n,2,297.63,7.03,D,0
-23.0995,35.46537,336.9,0.52,0.5,2026-02-02,1154,SNPP,SNPP,n,2,299.64,2.28,D,0
-23.1475,35.28291,342.01,0.51,0.49,2026-02-02,1154,SNPP,SNPP,n,2,299.08,16.56,D,0
-23.06516,35.38398,330.94,0.52,0.5,2026-02-02,1154,SNPP,SNPP,n,2,300.75,1.37,D,0
-22.51608,35.28829,331.05,0.52,0.5,2026-02-02,1154,SNPP,SNPP,n,2,296.47,2.79,D,0
-22.30482,35.49312,334.01,0.54,0.51,2026-02-02,1154,SNPP,SNPP,n,2,297.27,3.83,D,0
-22.06296,35.17332,341.21,0.52,0.5,2026-02-02,1154,SNPP,SNPP,n,2,295.36,5.8,D,0
-21.69222,35.22516,341.14,0.54,0.5,2026-02-02,1154,SNPP,SNPP,n,2,297.6,17.67,D,0
-21.92805,33.99575,338.57,0.45,0.47,2026-02-02,1154,SNPP,SNPP,n,2,301.44,8.06,D,0
-21.92889,33.99144,339.96,0.45,0.47,2026-02-02,1154,SNPP,SNPP,n,2,299.44,4.84,D,0
-20.51988,32.86,343.82,0.41,0.45,2026-02-02,1154,SNPP,SNPP,n,2,297.13,8.05,D,0
-20.51416,32.86779,338.99,0.41,0.45,2026-02-02,1154,SNPP,SNPP,n,2,298.88,7.28,D,0
-16.76305,36.17979,332.27,0.38,0.59,2026-02-02,1155,SNPP,SNPP,n,2,295.77,2.6,D,0
-20.17447,33.12328,341.61,0.43,0.46,2026-02-02,1155,SNPP,SNPP,n,2,298.11,8.44,D,0
-19.74991,34.28181,339.73,0.51,0.49,2026-02-02,1155,SNPP,SNPP,n,2,298.88,7.13,D,0
-19.75773,34.2429,333.83,0.51,0.49,2026-02-02,1155,SNPP,SNPP,n,2,296.07,3.43,D,0
-19.74961,34.2836,339.92,0.51,0.49,2026-02-02,1155,SNPP,SNPP,n,2,299.5,6.04,D,0
-19.71947,34.19602,340.52,0.5,0.49,2026-02-02,1155,SNPP,SNPP,n,2,296.62,6.5,D,0
-19.6018,34.31581,341.21,0.51,0.5,2026-02-02,1155,SNPP,SNPP,n,2,295.35,16.62,D,0
-19.60277,34.31086,333.33,0.51,0.5,2026-02-02,1155,SNPP,SNPP,n,2,298.75,15.74,D,0
-19.5982,34.30988,338.82,0.51,0.5,2026-02-02,1155,SNPP,SNPP,n,2,297.09,6.03,D,0
-19.66832,33.33911,343.12,0.45,0.47,2026-02-02,1155,SNPP,SNPP,n,2,296.79,15.65,D,0
-19.02894,34.03459,332.24,0.51,0.49,2026-02-02,1155,SNPP,SNPP,n,2,299.38,3.59,D,0
-18.83626,34.07608,334.23,0.51,0.5,2026-02-02,1155,SNPP,SNPP,n,2,299.38,7.67,D,0
-18.81499,33.92111,330.21,0.5,0.49,2026-02-02,1155,SNPP,SNPP,n,2,299.18,2.59,D,0
-18.22211,36.66813,347.27,0.39,0.59,2026-02-02,1155,SNPP,SNPP,n,2,298.15,4.24,D,0
-17.97981,35.45601,338.08,0.33,0.55,2026-02-02,1155,SNPP,SNPP,n,2,297.35,2.86,D,0
-17.56298,35.61943,330.97,0.34,0.56,2026-02-02,1155,SNPP,SNPP,n,2,298.15,2.68,D,0
-17.43307,35.59194,333.14,0.34,0.56,2026-02-02,1155,SNPP,SNPP,n,2,295.77,3.7,D,0
-17.43295,35.59111,336.42,0.34,0.56,2026-02-02,1155,SNPP,SNPP,n,2,297.42,3.04,D,0
-17.32652,35.47361,331.16,0.34,0.56,2026-02-02,1155,SNPP,SNPP,n,2,296.96,1.48,D,0
-17.15869,35.33703,337.57,0.33,0.55,2026-02-02,1155,SNPP,SNPP,n,2,301.27,2.73,D,0
-16.76248,36.17849,333.13,0.38,0.59,2026-02-02,1155,SNPP,SNPP,n,2,298.68,3.53,D,0
-16.59796,35.41004,330.46,0.34,0.56,2026-02-02,1155,SNPP,SNPP,n,2,300.79,1.96,D,0
-16.40088,36.39182,332.99,0.4,0.6,2026-02-02,1155,SNPP,SNPP,n,2,291.98,2.65,D,0
-16.59272,35.40985,349.52,0.34,0.56,2026-02-02,1155,SNPP,SNPP,n,2,300.71,5.86,D,0
-16.47685,35.82281,336.89,0.37,0.58,2026-02-02,1155,SNPP,SNPP,n,2,296.72,3.69,D,0
-16.79091,34.16731,333.4,0.57,0.52,2026-02-02,1155,SNPP,SNPP,n,2,302.73,7.89,D,0
-16.50993,35.36489,344.71,0.34,0.56,2026-02-02,1155,SNPP,SNPP,n,2,298.62,3.11,D,0
-16.50947,35.36473,343.7,0.34,0.56,2026-02-02,1155,SNPP,SNPP,n,2,297.92,4.59,D,0
-16.32405,35.34684,330.07,0.35,0.56,2026-02-02,1155,SNPP,SNPP,n,2,297.81,2.41,D,0
-16.62885,32.94287,331.32,0.48,0.48,2026-02-02,1155,SNPP,SNPP,l,2,303.42,2.43,D,0
-16.16854,33.7718,338.14,0.55,0.51,2026-02-02,1156,SNPP,SNPP,l,2,312.47,18.67,D,0
-15.89392,30.60067,330.14,0.53,0.42,2026-02-02,1156,SNPP,SNPP,n,2,299.71,3.05,D,0
-15.70234,31.0852,338.88,0.57,0.43,2026-02-02,1156,SNPP,SNPP,n,2,304.58,13.29,D,3
-15.88771,33.02317,308.13,0.39,0.36,2026-02-02,2305,SNPP,SNPP,n,2,293.56,0.95,N,2
-16.11786,33.75983,312.22,0.38,0.36,2026-02-02,2305,SNPP,SNPP,n,2,297.89,1.9,N,2
-16.12119,33.75926,310.99,0.38,0.36,2026-02-02,2305,SNPP,SNPP,n,2,297.75,1.91,N,2
-16.12176,33.76286,317.88,0.38,0.36,2026-02-02,2305,SNPP,SNPP,n,2,299.1,1.91,N,2
-16.12956,33.76892,314.54,0.38,0.36,2026-02-02,2305,SNPP,SNPP,n,2,297.7,3.44,N,2
-16.1349,33.71626,309.75,0.38,0.36,2026-02-02,2305,SNPP,SNPP,n,2,298.81,2.14,N,2
-16.13547,33.71986,308.37,0.38,0.36,2026-02-02,2305,SNPP,SNPP,n,2,297.59,1.44,N,2
-16.1946,33.84332,308.53,0.38,0.36,2026-02-02,2305,SNPP,SNPP,n,2,297.11,1.88,N,0
-16.19736,33.83916,316.38,0.38,0.36,2026-02-02,2305,SNPP,SNPP,n,2,298.19,2.66,N,0
-16.2007,33.8386,319.93,0.38,0.36,2026-02-02,2305,SNPP,SNPP,n,2,298.13,2.2,N,0
-16.20127,33.8422,307.04,0.38,0.36,2026-02-02,2305,SNPP,SNPP,n,2,296.22,1.92,N,0
-16.21126,33.8405,312.98,0.38,0.36,2026-02-02,2305,SNPP,SNPP,n,2,295.65,1.32,N,0
-19.04156,33.19871,303.76,0.38,0.36,2026-02-02,2306,SNPP,SNPP,n,2,291.33,0.55,N,0
-21.74921,35.06054,305.01,0.43,0.38,2026-02-02,2306,SNPP,SNPP,n,2,293.86,0.81,N,2
-26.80815,32.6796,341.27,0.39,0.36,2026-02-03,1134,SNPP,SNPP,n,2,301.98,6.08,D,0
-25.22622,33.30732,340.39,0.38,0.36,2026-02-03,1134,SNPP,SNPP,n,2,306.92,6.25,D,0
-25.00558,33.35712,339.09,0.38,0.36,2026-02-03,1134,SNPP,SNPP,n,2,304.43,5.2,D,0
-24.71223,34.49544,345.23,0.4,0.37,2026-02-03,1134,SNPP,SNPP,n,2,304.99,6.37,D,0
-24.63043,34.65125,334.33,0.4,0.37,2026-02-03,1134,SNPP,SNPP,l,2,305.32,2.68,D,0
-23.86385,35.006,332.5,0.42,0.37,2026-02-03,1135,SNPP,SNPP,l,2,306.53,2.6,D,0
-23.1494,35.24942,337.13,0.43,0.38,2026-02-03,1135,SNPP,SNPP,n,2,301.06,7.15,D,0
-23.03205,35.42912,335.18,0.44,0.38,2026-02-03,1135,SNPP,SNPP,n,2,304.21,2,D,0
-22.99649,35.46644,342.4,0.44,0.38,2026-02-03,1135,SNPP,SNPP,n,2,307.35,19.26,D,0
-22.49418,35.43636,346.44,0.44,0.39,2026-02-03,1135,SNPP,SNPP,n,2,302.15,3.64,D,0
-22.49063,35.43565,347.66,0.44,0.39,2026-02-03,1135,SNPP,SNPP,n,2,303.73,19.97,D,0
-22.49219,35.43736,345.46,0.44,0.39,2026-02-03,1135,SNPP,SNPP,n,2,305.58,25.07,D,0
-22.28546,35.26917,334.38,0.44,0.38,2026-02-03,1135,SNPP,SNPP,n,2,301.52,3.17,D,0
-22.21062,35.2369,338.91,0.44,0.38,2026-02-03,1135,SNPP,SNPP,n,2,299.97,6.47,D,0
-21.91488,35.27451,337.63,0.44,0.39,2026-02-03,1135,SNPP,SNPP,n,2,301.67,4.29,D,0
-21.89477,34.08382,340.12,0.41,0.37,2026-02-03,1135,SNPP,SNPP,n,2,309.89,6.52,D,0
-21.51759,35.10334,334.3,0.44,0.38,2026-02-03,1135,SNPP,SNPP,n,2,301.56,3.71,D,0
-21.37488,34.88054,330.03,0.43,0.38,2026-02-03,1135,SNPP,SNPP,l,2,300.21,3.04,D,0
-21.32847,32.65236,338.25,0.39,0.36,2026-02-03,1135,SNPP,SNPP,n,2,306.92,4.34,D,0
-20.60345,32.77087,350.24,0.39,0.36,2026-02-03,1136,SNPP,SNPP,n,2,307.29,4.02,D,0
-20.6001,32.77029,336.7,0.39,0.36,2026-02-03,1136,SNPP,SNPP,n,2,304.82,4.02,D,0
-20.53978,32.84759,334.27,0.39,0.36,2026-02-03,1136,SNPP,SNPP,n,2,300.68,2.84,D,0
-20.53817,32.78257,331.08,0.39,0.36,2026-02-03,1136,SNPP,SNPP,l,2,303.31,1.88,D,0
-20.3432,32.91641,331.76,0.39,0.36,2026-02-03,1136,SNPP,SNPP,n,2,300.38,1.98,D,0
-20.34367,32.8702,346.63,0.39,0.36,2026-02-03,1136,SNPP,SNPP,n,2,300.46,6.22,D,0
-20.29115,32.91074,333.81,0.39,0.36,2026-02-03,1136,SNPP,SNPP,n,2,301.61,2.51,D,0
-20.27275,32.96167,341.18,0.39,0.36,2026-02-03,1136,SNPP,SNPP,n,2,300.23,3.03,D,0
-20.05966,33.0053,331.54,0.39,0.36,2026-02-03,1136,SNPP,SNPP,n,2,300.59,1.85,D,0
-19.83823,34.21607,333.95,0.42,0.38,2026-02-03,1136,SNPP,SNPP,n,2,297.32,2.19,D,0
-19.7811,34.19287,331.6,0.42,0.38,2026-02-03,1136,SNPP,SNPP,l,2,302.87,4.16,D,0
-19.56722,35.04465,336.96,0.46,0.39,2026-02-03,1136,SNPP,SNPP,n,2,303.8,2.8,D,0
-19.56361,35.04396,343.7,0.46,0.39,2026-02-03,1136,SNPP,SNPP,n,2,301.37,2.8,D,0
-19.64938,34.2653,336.85,0.43,0.38,2026-02-03,1136,SNPP,SNPP,n,2,301.66,3.63,D,0
-19.64926,34.26548,338.07,0.43,0.38,2026-02-03,1136,SNPP,SNPP,n,2,301.8,5,D,0
-19.40739,35.38545,335.87,0.48,0.4,2026-02-03,1136,SNPP,SNPP,n,2,303.54,2.15,D,0
-19.49381,34.67015,334.58,0.45,0.39,2026-02-03,1136,SNPP,SNPP,l,2,306.09,2.01,D,0
-19.69192,33.46817,332.85,0.4,0.37,2026-02-03,1136,SNPP,SNPP,n,2,300.86,2.14,D,0
-19.59795,33.74435,335.25,0.41,0.37,2026-02-03,1136,SNPP,SNPP,n,2,300.56,2.3,D,0
-19.26696,35.43583,347.7,0.48,0.4,2026-02-03,1136,SNPP,SNPP,n,2,305.02,11.44,D,0
-19.26326,35.43512,346.07,0.48,0.4,2026-02-03,1136,SNPP,SNPP,n,2,302.12,4.88,D,0
-19.29195,35.22855,337.49,0.47,0.4,2026-02-03,1136,SNPP,SNPP,n,2,303.62,3.79,D,0
-19.29274,35.22404,338.78,0.47,0.4,2026-02-03,1136,SNPP,SNPP,n,2,303.18,3.79,D,0
-19.28829,35.22785,332.35,0.47,0.4,2026-02-03,1136,SNPP,SNPP,l,2,302.88,3.79,D,0
-19.28543,35.22264,352.49,0.47,0.4,2026-02-03,1136,SNPP,SNPP,n,2,305.76,6.68,D,0
-19.17959,35.53541,335.78,0.49,0.4,2026-02-03,1136,SNPP,SNPP,n,2,303.24,3.65,D,0
-19.10795,35.57007,330.49,0.49,0.41,2026-02-03,1136,SNPP,SNPP,l,2,303.69,2.16,D,0
-19.10688,35.57248,331.34,0.49,0.41,2026-02-03,1136,SNPP,SNPP,n,2,303.58,2.52,D,0
-19.19948,34.46579,337.29,0.44,0.38,2026-02-03,1136,SNPP,SNPP,n,2,308,3.02,D,0
-19.34401,33.60548,338.18,0.41,0.37,2026-02-03,1136,SNPP,SNPP,n,2,300.21,2.36,D,0
-19.19594,34.46513,337.56,0.44,0.38,2026-02-03,1136,SNPP,SNPP,n,2,306.29,3.02,D,0
-19.0072,35.43367,330.81,0.49,0.4,2026-02-03,1136,SNPP,SNPP,l,2,304.99,1.94,D,0
-18.90542,35.92841,336.68,0.52,0.41,2026-02-03,1136,SNPP,SNPP,n,2,300.36,6.59,D,0
-18.95813,35.42904,330.03,0.49,0.4,2026-02-03,1136,SNPP,SNPP,n,2,303.03,3.47,D,0
-18.911,35.56522,332.05,0.5,0.41,2026-02-03,1136,SNPP,SNPP,n,2,302.32,2.98,D,0
-19.24042,33.51365,335.06,0.41,0.37,2026-02-03,1136,SNPP,SNPP,n,2,303.17,4.31,D,0
-19.20433,33.65233,339.03,0.41,0.37,2026-02-03,1136,SNPP,SNPP,n,2,302.66,6.48,D,0
-18.94677,35.0427,342.83,0.47,0.4,2026-02-03,1136,SNPP,SNPP,n,2,303.3,9.85,D,0
-18.75823,35.92239,332,0.52,0.42,2026-02-03,1136,SNPP,SNPP,n,2,299.78,2.89,D,0
-18.99885,33.76956,333.62,0.42,0.37,2026-02-03,1136,SNPP,SNPP,n,2,303.13,2.66,D,0
-18.59566,36.0688,333.64,0.53,0.42,2026-02-03,1136,SNPP,SNPP,n,2,298.45,4.73,D,0
-18.93873,34.10714,335.39,0.43,0.38,2026-02-03,1136,SNPP,SNPP,n,2,303.29,3.65,D,0
-18.93524,34.10648,334.78,0.43,0.38,2026-02-03,1136,SNPP,SNPP,n,2,302.34,4.15,D,0
-18.86102,33.92286,333.21,0.42,0.38,2026-02-03,1136,SNPP,SNPP,n,2,301.06,3.8,D,0
-18.83158,34.03393,335.35,0.43,0.38,2026-02-03,1136,SNPP,SNPP,n,2,302.16,3.66,D,0
-18.76753,33.96347,338.18,0.43,0.38,2026-02-03,1136,SNPP,SNPP,n,2,302.91,4.92,D,0
-18.76405,33.96281,333.86,0.43,0.38,2026-02-03,1136,SNPP,SNPP,n,2,301.71,2.59,D,0
-18.28424,36.51685,332.79,0.57,0.43,2026-02-03,1136,SNPP,SNPP,n,2,300.97,5.03,D,0
-18.28241,36.51949,337.33,0.57,0.43,2026-02-03,1136,SNPP,SNPP,n,2,300.72,4.17,D,0
-18.34419,35.69859,335.09,0.51,0.41,2026-02-03,1136,SNPP,SNPP,n,2,298.99,9.1,D,0
-18.61828,33.92426,333.97,0.43,0.38,2026-02-03,1136,SNPP,SNPP,n,2,302.4,3.89,D,0
-18.13152,36.71181,336.59,0.39,0.44,2026-02-03,1136,SNPP,SNPP,n,2,303.6,3.37,D,0
-18.48444,34.64014,337.15,0.46,0.39,2026-02-03,1136,SNPP,SNPP,n,2,300.18,3.46,D,0
-18.58073,34.04275,336.39,0.43,0.38,2026-02-03,1136,SNPP,SNPP,n,2,301.68,3.56,D,0
-18.11331,36.69666,341.11,0.39,0.44,2026-02-03,1136,SNPP,SNPP,n,2,302.72,2.75,D,0
-18.53749,33.9136,334.36,0.43,0.38,2026-02-03,1136,SNPP,SNPP,n,2,302.09,3.15,D,0
-18.5284,33.90357,335.12,0.43,0.38,2026-02-03,1136,SNPP,SNPP,n,2,302.84,3.55,D,0
-18.18209,35.82169,333.99,0.52,0.42,2026-02-03,1136,SNPP,SNPP,n,2,297.45,3.54,D,0
-18.18477,35.82001,337.52,0.52,0.42,2026-02-03,1136,SNPP,SNPP,n,2,300.41,3.51,D,0
-18.47668,34.10258,339.03,0.43,0.38,2026-02-03,1136,SNPP,SNPP,n,2,304.8,4.11,D,0
-18.1349,34.69471,336.19,0.46,0.39,2026-02-03,1136,SNPP,SNPP,n,2,299.39,5.98,D,0
-17.9268,35.62678,334.88,0.52,0.41,2026-02-03,1136,SNPP,SNPP,n,2,302.32,5.11,D,0
-17.923,35.62604,335.65,0.52,0.41,2026-02-03,1136,SNPP,SNPP,n,2,301.44,5.11,D,0
-18.1088,34.38377,339.07,0.45,0.39,2026-02-03,1136,SNPP,SNPP,n,2,305.5,6.56,D,0
-17.85166,35.52864,333.76,0.51,0.41,2026-02-03,1136,SNPP,SNPP,n,2,301.73,3.29,D,0
-18.25928,32.99424,332.49,0.4,0.37,2026-02-03,1136,SNPP,SNPP,n,2,300.28,6.4,D,0
-18.17168,33.31926,333.08,0.41,0.37,2026-02-03,1136,SNPP,SNPP,l,2,306.38,5,D,0
-18.18794,33.21862,340.61,0.41,0.37,2026-02-03,1136,SNPP,SNPP,n,2,306.7,2.6,D,0
-18.19093,33.00478,331.04,0.4,0.37,2026-02-03,1136,SNPP,SNPP,n,2,304.67,3.34,D,0
-17.76096,35.53799,332.28,0.51,0.41,2026-02-03,1136,SNPP,SNPP,l,2,302.45,1.58,D,0
-18.1262,33.08067,332.86,0.4,0.37,2026-02-03,1136,SNPP,SNPP,n,2,301.18,6.56,D,0
-18.1268,33.07697,331.18,0.4,0.37,2026-02-03,1136,SNPP,SNPP,n,2,300.85,4.77,D,0
-17.69617,35.57071,330.55,0.52,0.41,2026-02-03,1136,SNPP,SNPP,n,2,300.88,4.85,D,0
-17.69236,35.57,343.87,0.52,0.41,2026-02-03,1136,SNPP,SNPP,n,2,301.64,4.85,D,0
-17.73512,35.28694,333.76,0.5,0.41,2026-02-03,1136,SNPP,SNPP,n,2,301.89,3.35,D,0
-17.69476,35.56783,341.43,0.52,0.41,2026-02-03,1136,SNPP,SNPP,n,2,303.26,9.28,D,0
-18.05313,33.3185,337.96,0.41,0.37,2026-02-03,1136,SNPP,SNPP,l,2,308.29,2.49,D,0
-18.05082,33.09465,330.65,0.41,0.37,2026-02-03,1136,SNPP,SNPP,n,2,299.51,2.88,D,0
-18.05144,33.09079,332.22,0.41,0.37,2026-02-03,1136,SNPP,SNPP,n,2,299.19,2.88,D,0
-17.62019,35.43356,335.57,0.51,0.41,2026-02-03,1136,SNPP,SNPP,n,2,302.23,4.41,D,0
-17.54283,35.8209,332.86,0.54,0.42,2026-02-03,1136,SNPP,SNPP,l,2,303.58,3.43,D,0
-17.5428,35.81811,334.22,0.54,0.42,2026-02-03,1136,SNPP,SNPP,n,2,304.11,4.35,D,0
-17.52246,35.75161,335.1,0.53,0.42,2026-02-03,1136,SNPP,SNPP,n,2,302.69,3.82,D,0
-17.94995,33.22054,330.25,0.41,0.37,2026-02-03,1136,SNPP,SNPP,l,2,304.41,5.98,D,0
-17.5399,35.49471,332.56,0.51,0.41,2026-02-03,1136,SNPP,SNPP,l,2,302.77,4.24,D,0
-17.47771,35.71164,347.59,0.53,0.42,2026-02-03,1136,SNPP,SNPP,n,2,302.18,6.29,D,0
-17.55315,35.19827,332.5,0.5,0.41,2026-02-03,1136,SNPP,SNPP,l,2,303.99,2.41,D,0
-17.56056,35.15626,337.59,0.49,0.41,2026-02-03,1136,SNPP,SNPP,n,2,303.93,4.58,D,0
-17.4739,35.57776,343.65,0.52,0.42,2026-02-03,1136,SNPP,SNPP,n,2,301.67,8.53,D,0
-17.72026,34.1493,335.93,0.44,0.39,2026-02-03,1136,SNPP,SNPP,n,2,301.35,5.85,D,0
-17.4321,35.76544,341.76,0.53,0.42,2026-02-03,1136,SNPP,SNPP,n,2,302.27,4.77,D,0
-17.71812,34.14928,335.54,0.44,0.39,2026-02-03,1136,SNPP,SNPP,n,2,301.73,4.82,D,0
-17.43149,35.7673,341.81,0.53,0.42,2026-02-03,1136,SNPP,SNPP,n,2,301.74,7.64,D,0
-17.44133,35.6652,338.01,0.53,0.42,2026-02-03,1136,SNPP,SNPP,n,2,303.43,8.03,D,0
-17.49332,35.2759,330.41,0.5,0.41,2026-02-03,1136,SNPP,SNPP,l,2,303.91,2.78,D,0
-17.24112,35.93389,338.03,0.55,0.43,2026-02-03,1136,SNPP,SNPP,n,2,301.65,5.18,D,0
-17.20526,35.97538,330.51,0.55,0.43,2026-02-03,1136,SNPP,SNPP,l,2,301.89,2.77,D,0
-17.2152,35.87548,336.78,0.55,0.42,2026-02-03,1136,SNPP,SNPP,n,2,297.74,3.4,D,0
-17.24093,35.73273,335.94,0.54,0.42,2026-02-03,1136,SNPP,SNPP,n,2,301.35,8.05,D,0
-17.21156,35.87784,336.27,0.55,0.42,2026-02-03,1136,SNPP,SNPP,n,2,302.06,7.17,D,0
-17.05493,35.98982,331.02,0.56,0.43,2026-02-03,1136,SNPP,SNPP,n,2,301.21,3.9,D,0
-17.17617,35.18296,338.97,0.5,0.41,2026-02-03,1136,SNPP,SNPP,n,2,305.97,5.39,D,0
-16.96536,36.19253,332.92,0.57,0.43,2026-02-03,1136,SNPP,SNPP,n,2,301.35,2.89,D,0
-16.82775,36.44683,331.02,0.4,0.44,2026-02-03,1136,SNPP,SNPP,n,2,300.87,2.57,D,0
-16.7433,36.42938,342.3,0.4,0.44,2026-02-03,1137,SNPP,SNPP,n,2,301.47,2.91,D,0
-16.81484,35.9599,330.12,0.56,0.43,2026-02-03,1137,SNPP,SNPP,n,2,298.24,2.89,D,0
-16.73954,36.26447,330.2,0.39,0.44,2026-02-03,1137,SNPP,SNPP,n,2,300.38,2.76,D,0
-16.72284,36.31049,345.05,0.39,0.44,2026-02-03,1137,SNPP,SNPP,n,2,303.67,4.82,D,0
-16.7328,36.25564,339.69,0.39,0.44,2026-02-03,1137,SNPP,SNPP,n,2,300.1,3.71,D,0
-16.76131,36.07542,337.05,0.57,0.43,2026-02-03,1137,SNPP,SNPP,n,2,299.18,5.19,D,0
-16.67768,35.89328,337.26,0.56,0.43,2026-02-03,1137,SNPP,SNPP,n,2,297.99,4.63,D,0
-16.85112,34.7287,335.98,0.48,0.4,2026-02-03,1137,SNPP,SNPP,n,2,305.14,3.55,D,0
-16.57848,36.06895,333.49,0.57,0.43,2026-02-03,1137,SNPP,SNPP,n,2,299.31,4.27,D,0
-16.60336,35.52036,339.8,0.53,0.42,2026-02-03,1137,SNPP,SNPP,n,2,304,14.13,D,0
-16.56197,35.21529,332.02,0.51,0.41,2026-02-03,1137,SNPP,SNPP,n,2,301.34,3.71,D,0
-16.70648,34.34681,335.03,0.46,0.39,2026-02-03,1137,SNPP,SNPP,l,2,305.14,4.53,D,0
-16.55984,35.21184,333.54,0.51,0.41,2026-02-03,1137,SNPP,SNPP,n,2,301.22,2.56,D,0
-16.70606,34.34772,333.89,0.46,0.39,2026-02-03,1137,SNPP,SNPP,l,2,305.21,4.23,D,0
-16.38914,35.34568,335.48,0.52,0.42,2026-02-03,1137,SNPP,SNPP,n,2,298.2,3.28,D,0
-15.9154,32.62143,334.89,0.41,0.37,2026-02-03,1137,SNPP,SNPP,l,2,308.39,2.83,D,0
-15.43773,33.34844,336.03,0.43,0.38,2026-02-03,1137,SNPP,SNPP,n,2,301.88,2.01,D,0
-13.35887,35.46406,329.9,0.49,0.4,2026-02-03,2245,SNPP,SNPP,n,2,278.93,3.32,N,0
-15.8871,33.02256,304.27,0.41,0.45,2026-02-03,2246,SNPP,SNPP,n,2,291.92,0.37,N,2
-16.11812,33.75852,311.27,0.56,0.43,2026-02-03,2246,SNPP,SNPP,n,2,295.83,3.23,N,2
-16.11906,33.76378,306.67,0.55,0.43,2026-02-03,2246,SNPP,SNPP,n,2,294.77,1.91,N,2
-16.123,33.76299,310.97,0.55,0.43,2026-02-03,2246,SNPP,SNPP,n,2,295.65,1.91,N,2
-16.12787,33.76748,310.97,0.55,0.43,2026-02-03,2246,SNPP,SNPP,n,2,294.96,4.68,N,2
-16.12125,33.76147,317.52,0.55,0.43,2026-02-03,2246,SNPP,SNPP,n,2,296.47,4.71,N,2
-16.19629,33.83796,306.69,0.55,0.43,2026-02-03,2246,SNPP,SNPP,n,2,294.62,1.97,N,0
-16.19722,33.84312,306.86,0.55,0.42,2026-02-03,2246,SNPP,SNPP,n,2,294.82,1.97,N,0
-16.2002,33.83716,306.81,0.55,0.43,2026-02-03,2246,SNPP,SNPP,n,2,294.14,2.1,N,0
-16.20113,33.84232,313.48,0.55,0.42,2026-02-03,2246,SNPP,SNPP,n,2,294.84,2.1,N,0
-16.20896,33.84075,307.21,0.55,0.42,2026-02-03,2246,SNPP,SNPP,n,2,293.81,1.63,N,0
-24.48042,33.95795,310.02,0.43,0.38,2026-02-03,2248,SNPP,SNPP,n,2,293.17,0.84,N,0
-25.94262,32.49738,332.77,0.47,0.4,2026-02-03,2249,SNPP,SNPP,n,2,294.02,4.3,N,0
-26.45888,32.91037,336.15,0.57,0.43,2026-02-04,1115,SNPP,SNPP,n,2,308.4,7.62,D,0
-26.45422,32.91554,344.98,0.57,0.43,2026-02-04,1115,SNPP,SNPP,n,2,311.13,7.62,D,0
-26.45487,32.90979,337.18,0.57,0.43,2026-02-04,1115,SNPP,SNPP,n,2,307.17,7.62,D,0
-26.45021,32.91492,345.37,0.57,0.43,2026-02-04,1115,SNPP,SNPP,n,2,305.97,12.18,D,0
-26.4573,32.91415,334.75,0.57,0.43,2026-02-04,1115,SNPP,SNPP,n,2,309.05,12.05,D,0
-26.45329,32.91356,367,0.57,0.43,2026-02-04,1115,SNPP,SNPP,h,2,312.57,12.05,D,0
-25.20766,33.3076,333.96,0.52,0.42,2026-02-04,1115,SNPP,SNPP,l,2,308.55,4.39,D,0
-25.20831,33.30238,350.51,0.52,0.42,2026-02-04,1115,SNPP,SNPP,n,2,314.79,6.26,D,0
-25.20444,33.30182,340.49,0.52,0.42,2026-02-04,1115,SNPP,SNPP,n,2,304.88,6.26,D,0
-25.17484,33.28677,334.07,0.52,0.42,2026-02-04,1115,SNPP,SNPP,n,2,303.16,2.41,D,0
-25.17097,33.2862,337.71,0.52,0.42,2026-02-04,1115,SNPP,SNPP,n,2,302.86,5.13,D,0
-24.82811,34.00027,334.7,0.48,0.4,2026-02-04,1116,SNPP,SNPP,l,2,300.08,11.45,D,0
-24.36849,33.55378,336.62,0.5,0.41,2026-02-04,1116,SNPP,SNPP,n,2,303.67,2.36,D,0
-20.08263,33.15051,331.21,0.47,0.4,2026-02-04,1117,SNPP,SNPP,n,2,298.68,4.46,D,0
-19.69901,34.91849,330.8,0.4,0.37,2026-02-04,1117,SNPP,SNPP,n,2,301.66,2.52,D,0
-19.55281,35.16037,332.75,0.4,0.37,2026-02-04,1117,SNPP,SNPP,n,2,305.58,2.03,D,0
-19.55132,35.05132,333.36,0.4,0.37,2026-02-04,1117,SNPP,SNPP,n,2,301.8,2.2,D,0
-19.23792,35.55354,348.09,0.39,0.36,2026-02-04,1117,SNPP,SNPP,n,2,307.2,5.5,D,0
-19.01749,35.72179,344.25,0.39,0.36,2026-02-04,1117,SNPP,SNPP,n,2,304.78,3.45,D,0
-18.68366,36.07914,340.52,0.38,0.36,2026-02-04,1117,SNPP,SNPP,n,2,301.18,3.85,D,0
-18.48185,36.38105,334.28,0.38,0.36,2026-02-04,1117,SNPP,SNPP,l,2,304.49,3.92,D,0
-18.3773,36.64371,336.81,0.39,0.36,2026-02-04,1117,SNPP,SNPP,n,2,306.2,2.43,D,0
-18.31052,36.67734,334.26,0.39,0.36,2026-02-04,1117,SNPP,SNPP,l,2,306.12,1.49,D,0
-18.30946,36.66216,331.83,0.39,0.36,2026-02-04,1117,SNPP,SNPP,l,2,304.38,0.93,D,0
-18.3295,36.16413,334.89,0.38,0.36,2026-02-04,1117,SNPP,SNPP,n,2,301.99,1.8,D,0
-18.21701,36.67208,332.14,0.39,0.36,2026-02-04,1117,SNPP,SNPP,l,2,306.78,2.93,D,0
-18.2131,36.67517,334.16,0.39,0.36,2026-02-04,1117,SNPP,SNPP,l,2,307.49,3.45,D,0
-18.16865,36.63788,338.68,0.39,0.36,2026-02-04,1117,SNPP,SNPP,n,2,308.64,3.3,D,0
-18.05204,36.56135,349.43,0.39,0.36,2026-02-04,1117,SNPP,SNPP,n,2,299.96,7.24,D,0
-17.73158,35.60525,336.78,0.39,0.36,2026-02-04,1117,SNPP,SNPP,n,2,304.77,4.43,D,0
-17.68004,35.43219,330.06,0.39,0.36,2026-02-04,1117,SNPP,SNPP,n,2,298.63,2.2,D,0
-17.67561,35.43895,331.19,0.39,0.36,2026-02-04,1117,SNPP,SNPP,n,2,300.19,1.88,D,0
-17.56779,35.48449,339.69,0.39,0.36,2026-02-04,1118,SNPP,SNPP,n,2,303.93,24.24,D,0
-17.55723,35.48651,337.31,0.39,0.36,2026-02-04,1118,SNPP,SNPP,n,2,299.01,2.79,D,0
-17.2659,35.75822,347.04,0.38,0.36,2026-02-04,1118,SNPP,SNPP,n,2,305.48,10.07,D,0
-17.1548,36.24359,331.85,0.38,0.36,2026-02-04,1118,SNPP,SNPP,n,2,302.45,3.01,D,0
-16.85808,37.07484,330.64,0.4,0.37,2026-02-04,1118,SNPP,SNPP,l,2,305.44,1.83,D,0
-16.92126,36.50151,335.75,0.39,0.36,2026-02-04,1118,SNPP,SNPP,l,2,307.06,5.43,D,0
-16.91863,36.45969,331.99,0.39,0.36,2026-02-04,1118,SNPP,SNPP,n,2,301.36,1.64,D,0
-16.9458,35.97431,333.32,0.38,0.36,2026-02-04,1118,SNPP,SNPP,n,2,302.56,2.44,D,0
-16.75196,37.12505,331.67,0.4,0.37,2026-02-04,1118,SNPP,SNPP,l,2,304.59,1.55,D,0
-16.83837,36.33819,332.43,0.39,0.36,2026-02-04,1118,SNPP,SNPP,l,2,302.78,1.85,D,0
-16.79326,36.26321,331.72,0.39,0.36,2026-02-04,1118,SNPP,SNPP,l,2,305.18,1.38,D,0
-16.61657,37.20872,336.52,0.4,0.37,2026-02-04,1118,SNPP,SNPP,n,2,308.88,2.68,D,0
-16.59745,37.08332,330.66,0.4,0.37,2026-02-04,1118,SNPP,SNPP,l,2,304.13,1.73,D,0
-16.52663,37.07116,335.95,0.4,0.37,2026-02-04,1118,SNPP,SNPP,n,2,305.12,2.63,D,0
-16.79931,34.48985,337.6,0.4,0.37,2026-02-04,1118,SNPP,SNPP,n,2,301.9,3.36,D,0
-16.46902,36.45739,333.88,0.39,0.36,2026-02-04,1118,SNPP,SNPP,n,2,304.9,1.96,D,0
-16.48994,36.3009,335.26,0.39,0.36,2026-02-04,1118,SNPP,SNPP,n,2,303.95,2.73,D,0
-16.5274,36.01447,340.17,0.38,0.36,2026-02-04,1118,SNPP,SNPP,n,2,307.52,3.62,D,0
-16.56404,35.52952,343.03,0.38,0.36,2026-02-04,1118,SNPP,SNPP,n,2,307.21,3.51,D,0
-16.60222,34.07056,331.04,0.4,0.37,2026-02-04,1118,SNPP,SNPP,l,2,304.26,3.01,D,0
-16.21347,36.48838,333.13,0.39,0.36,2026-02-04,1118,SNPP,SNPP,n,2,299.46,3.13,D,0
-16.52334,34.39736,345.77,0.4,0.37,2026-02-04,1118,SNPP,SNPP,n,2,305.2,17.05,D,0
-16.22414,36.24491,334.3,0.39,0.36,2026-02-04,1118,SNPP,SNPP,n,2,302.68,1.74,D,0
-16.17451,36.24343,330.25,0.39,0.36,2026-02-04,1118,SNPP,SNPP,n,2,302.86,1.12,D,0
-15.62433,39.08461,330.15,0.48,0.4,2026-02-04,1118,SNPP,SNPP,n,2,297.63,3.2,D,0
-15.6252,39.08596,331.08,0.48,0.4,2026-02-04,1118,SNPP,SNPP,n,2,297.83,5.13,D,0
-15.65672,37.65237,336.5,0.42,0.37,2026-02-04,1118,SNPP,SNPP,n,2,306.48,2.68,D,0
-15.36329,36.56326,335.03,0.39,0.36,2026-02-04,1118,SNPP,SNPP,n,2,301.68,4.11,D,0
-16.12124,33.75796,305.99,0.37,0.58,2026-02-04,2227,SNPP,SNPP,n,2,292.5,2.31,N,2
-16.12197,33.76147,314.94,0.37,0.58,2026-02-04,2227,SNPP,SNPP,n,2,293.47,2.75,N,2
-16.12876,33.76738,307.62,0.37,0.58,2026-02-04,2227,SNPP,SNPP,n,2,292.95,1.89,N,2
-16.1987,33.83818,317.36,0.36,0.57,2026-02-04,2227,SNPP,SNPP,n,2,293.42,1.82,N,0
-16.19939,33.84163,308.53,0.36,0.57,2026-02-04,2227,SNPP,SNPP,n,2,292.33,1.82,N,0
-16.20996,33.8391,304.81,0.36,0.57,2026-02-04,2227,SNPP,SNPP,n,2,291.6,0.75,N,0
-16.19616,33.8395,313.83,0.36,0.57,2026-02-04,2227,SNPP,SNPP,n,2,293,1.99,N,0
-16.20143,33.83823,315.69,0.36,0.57,2026-02-04,2227,SNPP,SNPP,n,2,292.46,1.99,N,0
-16.20743,33.84043,304.52,0.36,0.57,2026-02-04,2227,SNPP,SNPP,n,2,291.57,0.88,N,0
-25.20515,33.31162,307.73,0.52,0.5,2026-02-04,2230,SNPP,SNPP,n,2,293,0.97,N,0
-25.20972,33.31041,310.91,0.52,0.5,2026-02-04,2230,SNPP,SNPP,n,2,293.09,1.41,N,0
-25.21189,33.30851,313.3,0.52,0.5,2026-02-04,2230,SNPP,SNPP,n,2,293.12,1.56,N,0
-26.44865,32.91099,307.66,0.52,0.5,2026-02-04,2230,SNPP,SNPP,n,2,294.2,2.63,N,0
-26.44975,32.91619,308.85,0.52,0.5,2026-02-04,2230,SNPP,SNPP,n,2,294.43,2.21,N,0
-26.44636,32.91052,307.24,0.52,0.5,2026-02-04,2230,SNPP,SNPP,n,2,294.98,2.06,N,0
-26.4475,32.91571,314.34,0.52,0.5,2026-02-04,2230,SNPP,SNPP,n,2,294.66,2.06,N,0
-26.20904,32.72763,335.29,0.37,0.58,2026-02-05,1056,SNPP,SNPP,n,2,299.62,4.39,D,0
-26.20844,32.72716,338.3,0.37,0.58,2026-02-05,1056,SNPP,SNPP,n,2,299.59,3.22,D,0
-25.19579,33.31009,367,0.33,0.55,2026-02-05,1057,SNPP,SNPP,h,2,305.33,13.11,D,0
-25.19608,33.30669,367,0.33,0.55,2026-02-05,1057,SNPP,SNPP,h,2,301.61,5.99,D,0
-25.19638,33.3033,348.62,0.33,0.55,2026-02-05,1057,SNPP,SNPP,n,2,298.73,5.99,D,0
-25.19468,33.30912,367,0.33,0.55,2026-02-05,1057,SNPP,SNPP,h,2,305.71,26.61,D,0
-25.195,33.30574,354.05,0.33,0.55,2026-02-05,1057,SNPP,SNPP,n,2,302.17,9.29,D,0
-25.19531,33.30236,339.44,0.33,0.55,2026-02-05,1057,SNPP,SNPP,n,2,298.28,9.29,D,0
-25.18981,33.30517,339.75,0.33,0.55,2026-02-05,1057,SNPP,SNPP,n,2,299.99,4.13,D,0
-23.09929,35.45055,330.15,0.46,0.47,2026-02-05,1057,SNPP,SNPP,n,2,298.71,1.12,D,0
-22.78798,35.41161,331.75,0.46,0.47,2026-02-05,1057,SNPP,SNPP,n,2,300.09,3.83,D,0
-22.78849,35.40708,332.7,0.46,0.47,2026-02-05,1057,SNPP,SNPP,n,2,297.27,3.26,D,0
-22.78359,35.41106,342.53,0.46,0.47,2026-02-05,1057,SNPP,SNPP,n,2,300.82,12.87,D,0
-22.78409,35.40652,338.52,0.46,0.47,2026-02-05,1057,SNPP,SNPP,n,2,301.72,10,D,0
-22.77073,35.48709,342.35,0.46,0.47,2026-02-05,1057,SNPP,SNPP,n,2,301.95,8.37,D,0
-22.75736,35.3348,339.74,0.46,0.47,2026-02-05,1057,SNPP,SNPP,n,2,301.8,6.64,D,0
-22.53411,35.42042,343.23,0.46,0.47,2026-02-05,1057,SNPP,SNPP,n,2,297.28,22.84,D,0
-22.52974,35.41983,348.31,0.46,0.47,2026-02-05,1057,SNPP,SNPP,n,2,298.64,22.84,D,0
-22.14252,35.3051,341.98,0.46,0.47,2026-02-05,1057,SNPP,SNPP,n,2,305.13,9.52,D,0
-22.14303,35.30057,334.84,0.46,0.47,2026-02-05,1057,SNPP,SNPP,n,2,302.43,9.52,D,0
-22.13814,35.30453,333.66,0.46,0.47,2026-02-05,1057,SNPP,SNPP,n,2,302.66,7.42,D,0
-22.13886,35.30248,355.86,0.46,0.47,2026-02-05,1057,SNPP,SNPP,n,2,302.46,11.97,D,0
-19.87044,33.21376,341.81,0.58,0.52,2026-02-05,1058,SNPP,SNPP,n,2,292.74,10.05,D,0
-19.39131,35.39532,341.55,0.42,0.45,2026-02-05,1058,SNPP,SNPP,n,2,299.11,4.32,D,0
-19.3918,35.39129,340.2,0.42,0.45,2026-02-05,1058,SNPP,SNPP,n,2,299.49,4.32,D,0
-19.44102,34.94552,331.93,0.45,0.47,2026-02-05,1058,SNPP,SNPP,n,2,296.39,3.64,D,0
-19.43669,34.94495,332.95,0.45,0.47,2026-02-05,1058,SNPP,SNPP,n,2,296.77,3.64,D,0
-19.32437,34.95728,329.52,0.44,0.46,2026-02-05,1058,SNPP,SNPP,n,2,297.9,3.16,D,0
-19.31854,34.96951,341.19,0.44,0.46,2026-02-05,1058,SNPP,SNPP,n,2,298.28,10.26,D,0
-19.13282,35.4838,330.72,0.41,0.45,2026-02-05,1058,SNPP,SNPP,n,2,298.58,1.81,D,0
-18.71982,36.32813,331.79,0.54,0.42,2026-02-05,1058,SNPP,SNPP,n,2,301.19,4.24,D,0
-18.37944,34.594,339.21,0.46,0.47,2026-02-05,1058,SNPP,SNPP,n,2,297.97,5,D,0
-18.37964,34.59168,334.33,0.46,0.47,2026-02-05,1058,SNPP,SNPP,n,2,297.28,4.51,D,0
-18.26829,34.70856,336.81,0.45,0.47,2026-02-05,1058,SNPP,SNPP,n,2,302.51,2.95,D,0
-18.26396,34.70799,338.37,0.45,0.47,2026-02-05,1058,SNPP,SNPP,n,2,299.5,2.95,D,0
-18.03537,35.54831,336.67,0.39,0.44,2026-02-05,1059,SNPP,SNPP,n,2,300.29,2.71,D,0
-18.18584,34.35915,332.77,0.47,0.48,2026-02-05,1059,SNPP,SNPP,n,2,293.43,4.26,D,0
-17.74974,36.54354,332.06,0.52,0.41,2026-02-05,1059,SNPP,SNPP,n,2,296.56,3.79,D,0
-17.66772,35.67915,335.55,0.38,0.43,2026-02-05,1059,SNPP,SNPP,n,2,301.31,3.75,D,0
-17.66819,35.67549,340.97,0.38,0.43,2026-02-05,1059,SNPP,SNPP,n,2,302.94,3.75,D,0
-17.5747,35.66658,332.21,0.38,0.43,2026-02-05,1059,SNPP,SNPP,n,2,298.64,1.25,D,0
-17.57222,35.55837,339.95,0.39,0.44,2026-02-05,1059,SNPP,SNPP,n,2,303.64,6.49,D,0
-17.49751,35.9179,332.05,0.55,0.43,2026-02-05,1059,SNPP,SNPP,n,2,300.8,3.43,D,0
-17.54823,35.48704,330.73,0.39,0.44,2026-02-05,1059,SNPP,SNPP,l,2,304.96,3,D,0
-17.48842,35.8307,345.73,0.56,0.43,2026-02-05,1059,SNPP,SNPP,n,2,300.07,13.97,D,0
-17.2516,35.78384,331.05,0.56,0.43,2026-02-05,1059,SNPP,SNPP,l,2,302.3,5.46,D,0
-17.26992,35.7518,330.97,0.56,0.43,2026-02-05,1059,SNPP,SNPP,n,2,298.78,6.49,D,0
-17.00099,36.15615,330.76,0.53,0.42,2026-02-05,1059,SNPP,SNPP,n,2,299.08,3.13,D,0
-17.05371,35.64087,331.94,0.57,0.43,2026-02-05,1059,SNPP,SNPP,n,2,298.4,3.92,D,0
-17.02239,35.84715,334.94,0.55,0.43,2026-02-05,1059,SNPP,SNPP,n,2,298.9,3.93,D,0
-16.77368,37.48449,330.7,0.45,0.39,2026-02-05,1059,SNPP,SNPP,l,2,299.54,4.04,D,0
-16.6098,35.99194,342.27,0.54,0.42,2026-02-05,1059,SNPP,SNPP,n,2,302.3,8.85,D,0
-16.79993,34.44357,332.86,0.44,0.46,2026-02-05,1059,SNPP,SNPP,n,2,297.76,3.1,D,0
-16.52437,36.4975,337.41,0.5,0.41,2026-02-05,1059,SNPP,SNPP,n,2,298.82,5.49,D,0
-16.52426,36.49932,337.37,0.5,0.41,2026-02-05,1059,SNPP,SNPP,n,2,298.03,6.81,D,0
-16.61682,35.45081,330.15,0.38,0.43,2026-02-05,1059,SNPP,SNPP,n,2,299.52,1.59,D,0
-16.61279,35.45024,341.49,0.38,0.43,2026-02-05,1059,SNPP,SNPP,n,2,301.47,7.37,D,0
-16.60567,35.28088,330.87,0.39,0.44,2026-02-05,1059,SNPP,SNPP,n,2,300.59,3.19,D,0
-16.50323,35.95355,346.05,0.54,0.42,2026-02-05,1059,SNPP,SNPP,n,2,301.37,30.4,D,0
-16.56106,35.3725,339.17,0.39,0.44,2026-02-05,1059,SNPP,SNPP,n,2,298.52,1.85,D,0
-16.56125,35.37228,338.52,0.39,0.44,2026-02-05,1059,SNPP,SNPP,n,2,298.71,1.17,D,0
-16.52385,35.40636,332.34,0.39,0.44,2026-02-05,1059,SNPP,SNPP,n,2,298.84,2.9,D,0
-16.53125,35.34966,330.89,0.39,0.44,2026-02-05,1059,SNPP,SNPP,n,2,300.83,2.8,D,0
-16.48816,35.49198,332.32,0.57,0.43,2026-02-05,1059,SNPP,SNPP,n,2,300.96,3.93,D,0
-16.46839,35.39052,340.52,0.39,0.44,2026-02-05,1059,SNPP,SNPP,n,2,298.59,2.1,D,0
-16.20173,33.83918,335.19,0.48,0.48,2026-02-05,1059,SNPP,SNPP,l,2,305.84,7.87,D,0
-16.19727,33.83865,333.28,0.48,0.48,2026-02-05,1059,SNPP,SNPP,l,2,304.71,7.87,D,0
-16.21729,33.67841,332.84,0.49,0.48,2026-02-05,1059,SNPP,SNPP,l,2,306.26,8.31,D,0
-16.16942,33.77083,338.48,0.48,0.48,2026-02-05,1059,SNPP,SNPP,l,2,310.61,15.19,D,0
-16.11851,33.76168,332.37,0.48,0.48,2026-02-05,1059,SNPP,SNPP,l,2,303.07,8.55,D,2
-26.67365,32.84182,334.03,0.69,0.74,2026-02-05,1237,SNPP,SNPP,n,2,294.19,5.96,D,0
-26.67556,32.83478,331.66,0.69,0.74,2026-02-05,1237,SNPP,SNPP,n,2,294.14,5.96,D,0
-26.2074,32.72982,330.25,0.7,0.75,2026-02-05,1237,SNPP,SNPP,n,2,297.57,6.59,D,0
-25.18864,33.30787,334.91,0.79,0.78,2026-02-05,1237,SNPP,SNPP,n,2,293.47,6.67,D,0
-16.1222,33.75882,304.1,0.73,0.76,2026-02-05,2208,SNPP,SNPP,n,2,288.03,3.3,N,2
-16.19687,33.84074,308.09,0.72,0.76,2026-02-05,2208,SNPP,SNPP,n,2,287.89,2.85,N,0
-16.1346,33.71575,303.84,0.46,0.64,2026-02-05,2349,SNPP,SNPP,n,2,289.2,2.2,N,2
-16.19915,33.84211,303.84,0.47,0.64,2026-02-05,2349,SNPP,SNPP,n,2,289.97,1.67,N,0
-25.89778,32.4306,303.45,0.49,0.65,2026-02-05,2352,SNPP,SNPP,n,2,292.87,1.32,N,2
-26.20222,32.72932,315.17,0.51,0.66,2026-02-05,2352,SNPP,SNPP,n,2,293.49,3.4,N,0
-22.23402,35.29004,341.57,0.46,0.64,2026-02-06,1038,SNPP,SNPP,n,2,296.47,3.39,D,0
-22.08969,35.26324,329.06,0.46,0.64,2026-02-06,1039,SNPP,SNPP,n,2,294.53,3.23,D,0
-22.09236,35.26497,338.69,0.46,0.64,2026-02-06,1039,SNPP,SNPP,n,2,295.09,3.73,D,0
-20.27962,32.90834,328.76,0.62,0.72,2026-02-06,1039,SNPP,SNPP,n,2,292.97,3.27,D,0
-19.24602,35.20178,331.09,0.43,0.62,2026-02-06,1039,SNPP,SNPP,n,2,297.12,4.38,D,0
-17.48574,35.77127,331.17,0.38,0.59,2026-02-06,1040,SNPP,SNPP,n,2,293.64,2.37,D,0
-17.45519,36.19342,340.66,0.35,0.57,2026-02-06,1040,SNPP,SNPP,n,2,295.39,4.81,D,0
-17.48564,35.77069,332.53,0.38,0.59,2026-02-06,1040,SNPP,SNPP,n,2,293.9,2.17,D,0
-17.48606,35.71589,339.75,0.38,0.59,2026-02-06,1040,SNPP,SNPP,n,2,297.28,3.26,D,0
-17.4545,35.54019,336.34,0.39,0.59,2026-02-06,1040,SNPP,SNPP,n,2,298,2.75,D,0
-17.45475,35.03146,337.98,0.42,0.61,2026-02-06,1040,SNPP,SNPP,n,2,297.69,6.49,D,0
-17.45328,35.03172,332.92,0.42,0.61,2026-02-06,1040,SNPP,SNPP,n,2,297.77,4.88,D,0
-17.26658,35.73758,335.38,0.38,0.59,2026-02-06,1040,SNPP,SNPP,n,2,295.06,3.79,D,0
-17.18915,35.89465,367,0.37,0.58,2026-02-06,1040,SNPP,SNPP,h,2,296.47,7.58,D,0
-17.14752,36.03128,334.52,0.36,0.57,2026-02-06,1040,SNPP,SNPP,n,2,294.78,3.33,D,0
-17.12497,35.70694,336.38,0.38,0.59,2026-02-06,1040,SNPP,SNPP,n,2,296.44,2.6,D,0
-16.95299,36.02261,330.11,0.36,0.57,2026-02-06,1040,SNPP,SNPP,n,2,294.25,3.16,D,0
-16.95335,36.01916,334.66,0.36,0.57,2026-02-06,1040,SNPP,SNPP,n,2,294.72,3.16,D,0
-16.80091,36.3498,335.57,0.34,0.56,2026-02-06,1040,SNPP,SNPP,n,2,295.62,2.95,D,0
-16.85267,35.70142,346.65,0.38,0.58,2026-02-06,1040,SNPP,SNPP,n,2,293.88,4.74,D,0
-16.65032,37.3362,327.91,0.58,0.52,2026-02-06,1040,SNPP,SNPP,n,2,287.64,4.55,D,0
-16.75848,35.86108,330.7,0.37,0.58,2026-02-06,1040,SNPP,SNPP,n,2,292.79,2.62,D,0
-16.72481,35.59623,355.96,0.38,0.59,2026-02-06,1040,SNPP,SNPP,n,2,291.96,7.63,D,0
-16.71089,35.46629,338.65,0.39,0.59,2026-02-06,1040,SNPP,SNPP,n,2,288.2,8.15,D,0
-16.7105,35.46994,357.46,0.39,0.59,2026-02-06,1040,SNPP,SNPP,l,2,289.43,8.15,D,0
-16.5882,35.36472,330.39,0.39,0.6,2026-02-06,1040,SNPP,SNPP,n,2,288.4,4.45,D,0
-16.59929,35.25792,336.7,0.4,0.6,2026-02-06,1040,SNPP,SNPP,n,2,290.95,2.67,D,0
-16.60076,35.25806,331.3,0.4,0.6,2026-02-06,1040,SNPP,SNPP,n,2,291.21,3.28,D,0
-16.55514,35.36497,330.72,0.39,0.6,2026-02-06,1040,SNPP,SNPP,n,2,290.87,2.61,D,0
-16.34677,36.1923,342.82,0.34,0.56,2026-02-06,1040,SNPP,SNPP,n,2,293.96,3.06,D,0
-26.80707,32.81176,335.12,0.36,0.58,2026-02-06,1218,SNPP,SNPP,n,2,301.84,2.05,D,0
-26.80181,32.81025,332.91,0.36,0.58,2026-02-06,1218,SNPP,SNPP,n,2,302.94,2.05,D,0
-26.74209,32.77745,342.46,0.36,0.58,2026-02-06,1218,SNPP,SNPP,n,2,303.17,4.99,D,0
-26.74015,32.77504,342.98,0.36,0.58,2026-02-06,1218,SNPP,SNPP,n,2,302.36,3.13,D,0
-25.39822,33.05643,332.24,0.4,0.6,2026-02-06,1218,SNPP,SNPP,n,2,296.76,2.39,D,0
-22.75676,35.33501,331.06,0.63,0.72,2026-02-06,1219,SNPP,SNPP,n,2,295.8,6.35,D,0
-22.22377,35.25711,333.44,0.64,0.72,2026-02-06,1219,SNPP,SNPP,n,2,292.63,3.39,D,0
-22.43218,33.4241,330.21,0.49,0.65,2026-02-06,1219,SNPP,SNPP,l,2,301.14,5.66,D,0
-18.58761,34.12737,331.36,0.65,0.73,2026-02-06,1220,SNPP,SNPP,n,2,289.36,4.78,D,0
-18.22274,34.72063,349.26,0.72,0.76,2026-02-06,1220,SNPP,SNPP,n,2,294.56,8.02,D,0
-18.22517,34.72447,335.9,0.72,0.76,2026-02-06,1220,SNPP,SNPP,n,2,294.58,10.05,D,0
-16.11902,33.76032,306.86,0.45,0.47,2026-02-06,2330,SNPP,SNPP,n,2,288.36,2.77,N,2
-16.12883,33.76759,304.58,0.45,0.47,2026-02-06,2330,SNPP,SNPP,n,2,288.29,2.24,N,2
-16.20046,33.84234,304.9,0.46,0.47,2026-02-06,2330,SNPP,SNPP,n,2,289.25,2.33,N,0
-16.20924,33.84119,305.04,0.46,0.47,2026-02-06,2330,SNPP,SNPP,n,2,288.76,1.61,N,0
-17.45504,35.02925,304.56,0.57,0.52,2026-02-06,2330,SNPP,SNPP,n,2,288.12,0.8,N,0
-19.05758,34.21954,310.82,0.53,0.5,2026-02-06,2331,SNPP,SNPP,n,2,291.03,1.28,N,0
-25.39472,33.05677,308.18,0.53,0.5,2026-02-06,2333,SNPP,SNPP,n,2,293.93,1.29,N,0
-25.89705,32.43346,317.77,0.5,0.49,2026-02-06,2333,SNPP,SNPP,n,2,294.2,1.69,N,2
-25.90162,32.43288,308.08,0.5,0.49,2026-02-06,2333,SNPP,SNPP,n,2,293.46,1.69,N,2
-26.25595,32.89818,307.08,0.53,0.5,2026-02-06,2333,SNPP,SNPP,n,2,294.32,1.22,N,0
-26.74477,32.77477,305.23,0.53,0.5,2026-02-06,2333,SNPP,SNPP,n,2,292.44,1.03,N,0
-26.74532,32.78025,308.76,0.53,0.5,2026-02-06,2333,SNPP,SNPP,n,2,292.81,1.03,N,0
-18.22498,36.81334,329.28,0.67,0.74,2026-02-07,1021,SNPP,SNPP,n,2,292.48,3.58,D,0
-25.38674,33.06044,331.19,0.42,0.45,2026-02-07,1159,SNPP,SNPP,n,2,300.85,4.96,D,0
-24.9132,34.01559,342.49,0.49,0.48,2026-02-07,1159,SNPP,SNPP,n,2,305.27,9.79,D,0
-24.91421,34.0107,340.59,0.49,0.48,2026-02-07,1159,SNPP,SNPP,n,2,305.8,9.79,D,0
-24.92812,32.91064,339.62,0.42,0.45,2026-02-07,1200,SNPP,SNPP,n,2,303.18,4.14,D,0
-22.23109,35.47712,338.6,0.34,0.56,2026-02-07,1200,SNPP,SNPP,n,2,301.92,3.25,D,0
-22.16732,35.29443,351.88,0.33,0.55,2026-02-07,1200,SNPP,SNPP,n,2,300.23,3.42,D,0
-22.16224,35.2932,336.17,0.33,0.55,2026-02-07,1200,SNPP,SNPP,n,2,299.43,2.53,D,0
-19.78749,34.26005,332.11,0.32,0.54,2026-02-07,1201,SNPP,SNPP,n,2,297.19,2.22,D,0
-19.62951,33.33459,334.08,0.56,0.52,2026-02-07,1201,SNPP,SNPP,n,2,296.94,8.26,D,0
-19.39248,34.14574,367,0.32,0.54,2026-02-07,1201,SNPP,SNPP,h,2,299.27,5.09,D,0
-18.75939,36.21161,349.14,0.44,0.62,2026-02-07,1201,SNPP,SNPP,n,2,296.16,7.98,D,0
-18.76025,36.21122,343.38,0.44,0.63,2026-02-07,1201,SNPP,SNPP,n,2,295.43,6.94,D,0
-19.34857,33.36003,330.19,0.57,0.52,2026-02-07,1201,SNPP,SNPP,n,2,300.9,2.78,D,0
-19.11248,34.32397,336.59,0.33,0.55,2026-02-07,1201,SNPP,SNPP,n,2,297.01,4.24,D,0
-18.84196,35.34174,367,0.39,0.59,2026-02-07,1201,SNPP,SNPP,h,2,297.13,11.18,D,0
-18.84115,35.34549,339.1,0.39,0.59,2026-02-07,1201,SNPP,SNPP,n,2,296.18,11.41,D,0
-18.84215,35.3406,367,0.39,0.59,2026-02-07,1201,SNPP,SNPP,h,2,296.8,10.62,D,0
-18.84137,35.34435,350.2,0.39,0.59,2026-02-07,1201,SNPP,SNPP,n,2,296.36,13.12,D,0
-18.55721,34.67035,334.45,0.36,0.57,2026-02-07,1201,SNPP,SNPP,n,2,296.29,3.12,D,0
-18.53222,34.73604,334.34,0.36,0.57,2026-02-07,1201,SNPP,SNPP,n,2,297.35,3.44,D,0
-18.55887,34.66932,340.1,0.36,0.57,2026-02-07,1201,SNPP,SNPP,n,2,296.98,3.05,D,0
-18.52909,34.73394,330.91,0.36,0.57,2026-02-07,1201,SNPP,SNPP,n,2,297.32,2.71,D,0
-18.64975,33.90844,332.33,0.32,0.54,2026-02-07,1201,SNPP,SNPP,n,2,296.22,1.62,D,0
-18.60313,34.03327,367,0.32,0.55,2026-02-07,1201,SNPP,SNPP,h,2,300.58,10.89,D,0
-18.46167,34.40289,353.47,0.34,0.56,2026-02-07,1201,SNPP,SNPP,n,2,294.92,4.88,D,0
-18.34824,34.5804,334.12,0.36,0.57,2026-02-07,1201,SNPP,SNPP,n,2,299.11,4.19,D,0
-18.34973,34.57935,343.52,0.36,0.57,2026-02-07,1201,SNPP,SNPP,n,2,299.33,3.48,D,0
-18.30529,34.55515,345.33,0.35,0.57,2026-02-07,1201,SNPP,SNPP,n,2,298.22,4.05,D,0
-17.7747,34.15836,338.32,0.34,0.56,2026-02-07,1201,SNPP,SNPP,n,2,294.2,3.13,D,0
-17.98418,33.03145,311.13,0.39,0.37,2026-02-07,2312,SNPP,SNPP,n,2,288.95,0.71,N,0
-25.22057,33.1242,309.03,0.45,0.39,2026-02-07,2314,SNPP,SNPP,n,2,294.68,0.73,N,0
-26.78164,32.79824,338.73,0.39,0.36,2026-02-08,1140,SNPP,SNPP,l,2,309.58,3.34,D,0
-26.77829,32.79758,343.52,0.39,0.36,2026-02-08,1140,SNPP,SNPP,n,2,307.05,3.34,D,0
-26.77891,32.79367,340.85,0.39,0.36,2026-02-08,1140,SNPP,SNPP,n,2,308.75,3.34,D,0
-26.77495,32.79692,334.92,0.39,0.36,2026-02-08,1140,SNPP,SNPP,l,2,305.67,8.01,D,0
-26.77557,32.79301,352.04,0.39,0.36,2026-02-08,1140,SNPP,SNPP,n,2,308.16,8.01,D,0
-26.77161,32.79626,333.12,0.39,0.36,2026-02-08,1140,SNPP,SNPP,l,2,306.74,8.01,D,0
-26.77223,32.79235,351.56,0.39,0.36,2026-02-08,1140,SNPP,SNPP,n,2,309.11,8.01,D,0
-26.69051,32.38298,333.9,0.39,0.36,2026-02-08,1140,SNPP,SNPP,n,2,306.02,1.77,D,0
-25.29773,33.15467,342.02,0.4,0.37,2026-02-08,1141,SNPP,SNPP,n,2,309.88,5.55,D,0
-25.29435,33.154,339.54,0.4,0.37,2026-02-08,1141,SNPP,SNPP,l,2,312.45,6.87,D,0
-25.295,33.15003,335.72,0.4,0.37,2026-02-08,1141,SNPP,SNPP,l,2,306.73,1.64,D,0
-24.8341,34.02087,338.11,0.43,0.38,2026-02-08,1141,SNPP,SNPP,n,2,308.78,5.1,D,0
-24.35875,33.98495,334.3,0.43,0.38,2026-02-08,1141,SNPP,SNPP,l,2,307.23,2.13,D,0
-23.48316,34.97386,336.23,0.48,0.4,2026-02-08,1141,SNPP,SNPP,l,2,310.02,2.45,D,0
-23.0193,35.47456,341.03,0.52,0.41,2026-02-08,1141,SNPP,SNPP,n,2,310.01,19.61,D,0
-23.01681,35.47648,335.89,0.52,0.41,2026-02-08,1141,SNPP,SNPP,n,2,305.76,17.72,D,0
-22.99924,35.20428,346.66,0.5,0.41,2026-02-08,1141,SNPP,SNPP,n,2,310.43,37.8,D,0
-22.94464,33.29977,343.92,0.42,0.38,2026-02-08,1141,SNPP,SNPP,n,2,308.89,6.12,D,0
-22.01151,34.14831,344.46,0.46,0.39,2026-02-08,1142,SNPP,SNPP,n,2,309.68,7.08,D,0
-20.55089,32.85452,334.7,0.43,0.38,2026-02-08,1142,SNPP,SNPP,n,2,302.7,1.69,D,0
-20.52995,32.80475,337,0.42,0.38,2026-02-08,1142,SNPP,SNPP,n,2,304.94,2.97,D,0
-20.35037,32.92743,333.92,0.43,0.38,2026-02-08,1142,SNPP,SNPP,n,2,302.44,4.92,D,0
-20.25504,32.97929,338.55,0.43,0.38,2026-02-08,1142,SNPP,SNPP,n,2,303.14,2.48,D,0
-20.13255,33.1259,335.08,0.44,0.38,2026-02-08,1142,SNPP,SNPP,n,2,304.96,2.89,D,0
-20.05383,33.15887,330.45,0.44,0.38,2026-02-08,1142,SNPP,SNPP,l,2,301.91,3.33,D,0
-20.05591,33.1554,333.18,0.44,0.38,2026-02-08,1142,SNPP,SNPP,n,2,302.18,3.08,D,0
-19.70576,34.1867,335.27,0.5,0.41,2026-02-08,1142,SNPP,SNPP,n,2,302.41,7.28,D,0
-19.7314,33.37709,335.26,0.45,0.39,2026-02-08,1142,SNPP,SNPP,n,2,302.37,8.65,D,0
-19.36312,35.39006,341.9,0.39,0.44,2026-02-08,1142,SNPP,SNPP,n,2,301.36,3.99,D,0
-19.3638,35.38636,336.22,0.39,0.44,2026-02-08,1142,SNPP,SNPP,n,2,302.61,3.99,D,0
-19.70389,33.30079,333.71,0.45,0.39,2026-02-08,1142,SNPP,SNPP,n,2,301.82,4.94,D,0
-19.7046,33.29665,332.66,0.45,0.39,2026-02-08,1142,SNPP,SNPP,n,2,301.16,3.2,D,0
-19.7029,33.29795,346.38,0.45,0.39,2026-02-08,1142,SNPP,SNPP,n,2,302.46,6.29,D,0
-19.68998,33.30875,335.25,0.45,0.39,2026-02-08,1142,SNPP,SNPP,n,2,303.73,12.78,D,0
-19.6907,33.30452,334.78,0.45,0.39,2026-02-08,1142,SNPP,SNPP,n,2,302.61,8.48,D,0
-19.68276,33.32952,330.33,0.45,0.39,2026-02-08,1142,SNPP,SNPP,l,2,303.99,2.03,D,0
-19.64096,33.35741,334.43,0.45,0.39,2026-02-08,1142,SNPP,SNPP,n,2,298.13,3.69,D,0
-19.47309,34.20938,333.35,0.5,0.41,2026-02-08,1142,SNPP,SNPP,n,2,300.53,3.32,D,0
-19.47394,34.2046,333.87,0.5,0.41,2026-02-08,1142,SNPP,SNPP,n,2,302.46,3.32,D,0
-19.48346,34.06412,335.22,0.49,0.4,2026-02-08,1142,SNPP,SNPP,n,2,300.53,8.56,D,0
-19.45363,33.33657,330.7,0.46,0.39,2026-02-08,1142,SNPP,SNPP,n,2,302.63,2.13,D,0
-19.47651,32.90019,331.51,0.44,0.38,2026-02-08,1142,SNPP,SNPP,n,2,300.43,1.73,D,0
-18.98426,35.38514,339.45,0.39,0.44,2026-02-08,1142,SNPP,SNPP,n,2,298.93,3.57,D,0
-19.14993,34.41776,331.61,0.52,0.41,2026-02-08,1142,SNPP,SNPP,l,2,302.91,2.88,D,0
-19.13147,34.14747,332.4,0.5,0.41,2026-02-08,1142,SNPP,SNPP,l,2,305,2.71,D,0
-18.56679,36.37128,341.34,0.46,0.47,2026-02-08,1142,SNPP,SNPP,n,2,296.48,5.67,D,0
-18.57929,34.62012,337.03,0.54,0.42,2026-02-08,1142,SNPP,SNPP,n,2,304.14,6.34,D,0
-18.5754,34.61936,330.05,0.54,0.42,2026-02-08,1142,SNPP,SNPP,l,2,300.72,5.57,D,0
-18.8974,32.71327,334.74,0.44,0.38,2026-02-08,1142,SNPP,SNPP,n,2,305.42,1.89,D,0
-18.16946,35.98761,335.58,0.44,0.46,2026-02-08,1142,SNPP,SNPP,n,2,299.34,3.58,D,0
-18.41865,34.34725,330.93,0.53,0.42,2026-02-08,1142,SNPP,SNPP,l,2,302.28,3.78,D,0
-18.47706,33.92431,333.64,0.5,0.41,2026-02-08,1142,SNPP,SNPP,n,2,299.8,3.21,D,0
-18.28475,34.17902,334.51,0.52,0.41,2026-02-08,1143,SNPP,SNPP,n,2,299.43,4.25,D,0
-17.98716,35.59209,331.85,0.42,0.45,2026-02-08,1143,SNPP,SNPP,n,2,301.14,3.38,D,0
-18.05567,34.49352,331.56,0.54,0.42,2026-02-08,1143,SNPP,SNPP,l,2,305.04,3.67,D,0
-18.27089,33.01744,341.46,0.46,0.39,2026-02-08,1143,SNPP,SNPP,n,2,305.42,21.34,D,0
-17.77594,35.53766,330.08,0.42,0.45,2026-02-08,1143,SNPP,SNPP,l,2,301.59,3.17,D,0
-18.20198,33.06762,333.01,0.46,0.39,2026-02-08,1143,SNPP,SNPP,n,2,298.72,3.06,D,0
-17.6408,35.54286,337.63,0.42,0.45,2026-02-08,1143,SNPP,SNPP,n,2,303.26,3.59,D,0
-17.84023,34.0607,330.5,0.52,0.41,2026-02-08,1143,SNPP,SNPP,n,2,297.15,3.71,D,0
-17.50529,35.8559,340.72,0.44,0.46,2026-02-08,1143,SNPP,SNPP,n,2,299.18,4.39,D,0
-17.50607,35.85168,331.77,0.44,0.46,2026-02-08,1143,SNPP,SNPP,n,2,300.61,4.39,D,0
-17.53819,35.50961,334.81,0.42,0.45,2026-02-08,1143,SNPP,SNPP,n,2,300.76,2.2,D,0
-17.54967,34.99068,331.45,0.39,0.44,2026-02-08,1143,SNPP,SNPP,l,2,302.86,2.67,D,0
-17.43297,35.19076,343.29,0.41,0.45,2026-02-08,1143,SNPP,SNPP,n,2,302.55,2.83,D,0
-17.46521,34.87878,345.73,0.39,0.44,2026-02-08,1143,SNPP,SNPP,n,2,300.33,11,D,0
-17.21871,35.96735,334.26,0.46,0.47,2026-02-08,1143,SNPP,SNPP,n,2,300.65,2.52,D,0
-17.2276,35.68365,336.01,0.44,0.46,2026-02-08,1143,SNPP,SNPP,n,2,300.48,3.35,D,0
-17.22336,35.68278,332.66,0.44,0.46,2026-02-08,1143,SNPP,SNPP,n,2,300.85,3.35,D,0
-17.2252,35.68302,342.76,0.44,0.46,2026-02-08,1143,SNPP,SNPP,n,2,301.84,7.4,D,0
-17.12443,35.79754,342.98,0.45,0.47,2026-02-08,1143,SNPP,SNPP,n,2,300.71,3.65,D,0
-17.13274,35.72954,332.85,0.44,0.46,2026-02-08,1143,SNPP,SNPP,n,2,297.92,4.39,D,0
-17.11399,35.78212,341.23,0.45,0.47,2026-02-08,1143,SNPP,SNPP,n,2,299.14,4.8,D,0
-16.85107,36.83757,331.65,0.53,0.5,2026-02-08,1143,SNPP,SNPP,n,2,295.6,3.63,D,0
-16.95915,35.73474,330.2,0.45,0.47,2026-02-08,1143,SNPP,SNPP,n,2,295.58,2.99,D,0
-16.77057,36.44614,334.6,0.5,0.49,2026-02-08,1143,SNPP,SNPP,n,2,296.3,3.19,D,0
-16.82546,35.79782,342.49,0.45,0.47,2026-02-08,1143,SNPP,SNPP,n,2,295.59,6.84,D,0
-16.88369,35.38813,338.61,0.43,0.46,2026-02-08,1143,SNPP,SNPP,n,2,298.1,2.13,D,0
-16.92782,34.64425,331.63,0.38,0.43,2026-02-08,1143,SNPP,SNPP,l,2,302.08,1.04,D,0
-16.86514,34.71495,336.17,0.39,0.44,2026-02-08,1143,SNPP,SNPP,n,2,304.3,3.15,D,0
-16.83888,34.78967,343.82,0.39,0.44,2026-02-08,1143,SNPP,SNPP,n,2,304.17,4.89,D,0
-16.83956,34.78599,335.94,0.39,0.44,2026-02-08,1143,SNPP,SNPP,n,2,303.01,4.89,D,0
-16.83915,34.78928,344,0.39,0.44,2026-02-08,1143,SNPP,SNPP,n,2,304.5,9.55,D,0
-16.44331,36.40565,334.47,0.5,0.49,2026-02-08,1143,SNPP,SNPP,n,2,290.11,2.07,D,0
-16.44268,36.40669,339.59,0.5,0.49,2026-02-08,1143,SNPP,SNPP,n,2,291.65,6.15,D,0
-16.57579,35.48494,343.88,0.44,0.46,2026-02-08,1143,SNPP,SNPP,n,2,296.54,7.01,D,0
-16.57728,35.47679,333.6,0.44,0.46,2026-02-08,1143,SNPP,SNPP,n,2,296.07,1.62,D,0
-16.54455,35.4399,330.05,0.43,0.46,2026-02-08,1143,SNPP,SNPP,n,2,295.46,1.18,D,0
-16.5494,35.34286,337.96,0.43,0.46,2026-02-08,1143,SNPP,SNPP,n,2,297.44,3.05,D,0
-16.37194,35.88021,337.32,0.47,0.47,2026-02-08,1143,SNPP,SNPP,n,2,298.03,5.91,D,0
-16.76418,33.03687,331.35,0.48,0.4,2026-02-08,1143,SNPP,SNPP,l,2,304.31,5.81,D,0
-16.16712,33.77176,333.52,0.53,0.42,2026-02-08,1143,SNPP,SNPP,n,2,300.81,6.94,D,0
-16.40546,32.07959,337.85,0.44,0.38,2026-02-08,1143,SNPP,SNPP,n,2,303.59,3.28,D,0
-15.88777,33.02258,331.92,0.49,0.4,2026-02-08,1143,SNPP,SNPP,n,2,301.26,6.22,D,2
-25.94344,32.49799,307.56,0.41,0.37,2026-02-08,2255,SNPP,SNPP,n,2,294.01,2.17,N,0
-26.70913,32.74885,341.08,0.48,0.4,2026-02-09,1121,SNPP,SNPP,n,2,306.78,5.24,D,0
-26.7054,32.74828,344.87,0.48,0.4,2026-02-09,1121,SNPP,SNPP,n,2,306.75,5.24,D,0
-26.68683,32.77537,342.57,0.48,0.4,2026-02-09,1121,SNPP,SNPP,n,2,305.77,4.46,D,0
-26.67939,32.77421,338.27,0.48,0.4,2026-02-09,1121,SNPP,SNPP,n,2,304,5.38,D,0
-26.08707,32.57782,334.4,0.49,0.4,2026-02-09,1122,SNPP,SNPP,n,2,302.38,1.79,D,0
-25.27571,33.18472,330.78,0.45,0.39,2026-02-09,1122,SNPP,SNPP,l,2,302.12,4.17,D,0
-24.20963,34.95199,353.26,0.39,0.36,2026-02-09,1122,SNPP,SNPP,n,2,307.35,8.56,D,0
-22.60209,34.17353,331.12,0.4,0.37,2026-02-09,1122,SNPP,SNPP,l,2,303.59,3.41,D,0
-19.53523,34.94806,337.55,0.38,0.36,2026-02-09,1123,SNPP,SNPP,n,2,298.43,4.43,D,0
-19.59791,33.38531,332.66,0.4,0.37,2026-02-09,1123,SNPP,SNPP,n,2,297.84,2.2,D,0
-19.19548,35.1595,335.21,0.38,0.36,2026-02-09,1123,SNPP,SNPP,n,2,303.52,6.41,D,0
-19.4381,33.42984,330.13,0.4,0.37,2026-02-09,1123,SNPP,SNPP,n,2,297.3,2.43,D,0
-18.60741,35.37361,330.5,0.39,0.36,2026-02-09,1124,SNPP,SNPP,n,2,298.92,1.59,D,0
-18.38018,36.53643,340.09,0.41,0.37,2026-02-09,1124,SNPP,SNPP,n,2,301.51,3.37,D,0
-18.3633,36.5534,344.02,0.41,0.37,2026-02-09,1124,SNPP,SNPP,n,2,303.18,11.02,D,0
-18.35987,36.55279,349.03,0.41,0.37,2026-02-09,1124,SNPP,SNPP,n,2,303.88,11.02,D,0
-18.36051,36.5489,337.77,0.41,0.37,2026-02-09,1124,SNPP,SNPP,n,2,302.17,5.05,D,0
-18.35708,36.54829,336.93,0.41,0.37,2026-02-09,1124,SNPP,SNPP,n,2,298.82,1.92,D,0
-18.35,36.52704,333.98,0.41,0.37,2026-02-09,1124,SNPP,SNPP,n,2,300.95,2.6,D,0
-18.30817,36.65194,336.25,0.41,0.37,2026-02-09,1124,SNPP,SNPP,n,2,299.91,2.77,D,0
-18.30622,36.65208,334.4,0.41,0.37,2026-02-09,1124,SNPP,SNPP,n,2,299.64,3.23,D,0
-18.85332,32.80354,330.25,0.41,0.37,2026-02-09,1124,SNPP,SNPP,n,2,296.31,3.56,D,0
-18.62751,33.9525,339.54,0.39,0.36,2026-02-09,1124,SNPP,SNPP,n,2,307.29,4.9,D,0
-18.45721,34.70293,333.72,0.38,0.36,2026-02-09,1124,SNPP,SNPP,n,2,301.46,4.07,D,0
-18.18791,35.84472,334.62,0.4,0.37,2026-02-09,1124,SNPP,SNPP,n,2,299.9,3.39,D,0
-18.12696,36.11673,331.49,0.4,0.37,2026-02-09,1124,SNPP,SNPP,n,2,296.7,2.88,D,0
-17.9789,36.97791,336.34,0.43,0.38,2026-02-09,1124,SNPP,SNPP,n,2,301.7,2.33,D,0
-18.55156,32.96548,332.78,0.4,0.37,2026-02-09,1124,SNPP,SNPP,n,2,298.38,6.55,D,0
-18.55153,32.96559,341,0.4,0.37,2026-02-09,1124,SNPP,SNPP,n,2,298.05,8.38,D,0
-18.35113,34.22499,333.44,0.39,0.36,2026-02-09,1124,SNPP,SNPP,n,2,302.59,2.01,D,0
-18.03148,36.25269,333.21,0.4,0.37,2026-02-09,1124,SNPP,SNPP,n,2,297.49,2.88,D,0
-18.0005,36.31428,330.61,0.41,0.37,2026-02-09,1124,SNPP,SNPP,n,2,298.19,2.84,D,0
-18.04905,35.83953,334.77,0.4,0.37,2026-02-09,1124,SNPP,SNPP,n,2,299.35,1.63,D,0
-17.99466,35.58924,335.06,0.39,0.36,2026-02-09,1124,SNPP,SNPP,n,2,297.5,3.92,D,0
-17.82536,35.68937,336.85,0.39,0.36,2026-02-09,1124,SNPP,SNPP,n,2,298.18,6.26,D,0
-17.72761,36.05811,334.9,0.4,0.37,2026-02-09,1124,SNPP,SNPP,n,2,298.19,3.47,D,0
-17.74656,35.54937,330.46,0.39,0.36,2026-02-09,1124,SNPP,SNPP,n,2,297.78,2.69,D,0
-17.97273,34.06488,333.55,0.39,0.36,2026-02-09,1124,SNPP,SNPP,n,2,301.79,2.62,D,0
-17.71257,35.65407,345.32,0.39,0.36,2026-02-09,1124,SNPP,SNPP,n,2,299.17,5.22,D,0
-17.71132,35.65363,343.04,0.39,0.36,2026-02-09,1124,SNPP,SNPP,n,2,299.56,5.91,D,0
-17.74175,35.21952,334.89,0.39,0.36,2026-02-09,1124,SNPP,SNPP,n,2,300.69,0.8,D,0
-17.5982,35.94969,331.07,0.4,0.37,2026-02-09,1124,SNPP,SNPP,l,2,302.09,2.64,D,0
-17.51647,36.38781,334.48,0.41,0.37,2026-02-09,1124,SNPP,SNPP,n,2,297.5,3.17,D,0
-17.62901,35.69281,338.3,0.4,0.37,2026-02-09,1124,SNPP,SNPP,n,2,299,4.52,D,0
-17.64421,35.55424,335.93,0.39,0.36,2026-02-09,1124,SNPP,SNPP,n,2,297.33,3.36,D,0
-17.61278,35.68613,334.71,0.4,0.37,2026-02-09,1124,SNPP,SNPP,n,2,298.43,2.23,D,0
-17.60942,35.68554,337.55,0.4,0.37,2026-02-09,1124,SNPP,SNPP,n,2,299.53,14.12,D,0
-17.5428,36.03334,336.31,0.4,0.37,2026-02-09,1124,SNPP,SNPP,n,2,299.34,3.12,D,0
-17.543,36.03316,333.9,0.4,0.37,2026-02-09,1124,SNPP,SNPP,n,2,299.53,4.14,D,0
-17.64179,35.40919,334.69,0.39,0.36,2026-02-09,1124,SNPP,SNPP,n,2,293.35,10.33,D,0
-17.56315,35.81941,336.63,0.4,0.37,2026-02-09,1124,SNPP,SNPP,n,2,293.36,4.19,D,0
-17.5677,35.68182,337.37,0.4,0.37,2026-02-09,1124,SNPP,SNPP,n,2,299.08,2.75,D,0
-17.4992,35.8933,346.6,0.4,0.37,2026-02-09,1124,SNPP,SNPP,n,2,301.42,11.02,D,0
-17.47035,35.94257,335.14,0.4,0.37,2026-02-09,1124,SNPP,SNPP,n,2,298.41,2.36,D,0
-17.58063,35.14281,346.18,0.39,0.36,2026-02-09,1124,SNPP,SNPP,n,2,296.13,4.25,D,0
-17.43386,35.86297,337.51,0.4,0.37,2026-02-09,1124,SNPP,SNPP,n,2,301.06,8.11,D,0
-17.45539,35.66262,337.69,0.4,0.37,2026-02-09,1124,SNPP,SNPP,n,2,293,2.12,D,0
-17.44944,35.63478,342.84,0.39,0.37,2026-02-09,1124,SNPP,SNPP,n,2,298.06,7.99,D,0
-17.41965,35.7563,331.02,0.4,0.37,2026-02-09,1124,SNPP,SNPP,n,2,298.23,1.48,D,0
-17.41531,35.74013,335.23,0.4,0.37,2026-02-09,1124,SNPP,SNPP,n,2,298.66,4.74,D,0
-17.39205,35.86336,331.22,0.4,0.37,2026-02-09,1124,SNPP,SNPP,n,2,297.17,1.85,D,0
-17.40953,35.75453,332.05,0.4,0.37,2026-02-09,1124,SNPP,SNPP,n,2,298.14,2.69,D,0
-17.42052,35.66424,348.85,0.4,0.37,2026-02-09,1124,SNPP,SNPP,n,2,300.28,8.62,D,0
-17.37244,35.89868,331.2,0.4,0.37,2026-02-09,1124,SNPP,SNPP,n,2,297.72,1.67,D,0
-17.4128,35.64758,337.84,0.4,0.37,2026-02-09,1124,SNPP,SNPP,n,2,300.12,5.3,D,0
-17.36016,35.93149,332.23,0.4,0.37,2026-02-09,1124,SNPP,SNPP,n,2,294.44,2.15,D,0
-17.33824,35.91582,342.19,0.4,0.37,2026-02-09,1124,SNPP,SNPP,n,2,300.21,6.26,D,0
-17.33485,35.91524,347.4,0.4,0.37,2026-02-09,1124,SNPP,SNPP,n,2,298.46,6.26,D,0
-17.36359,35.73471,330.34,0.4,0.37,2026-02-09,1124,SNPP,SNPP,n,2,299.72,3.62,D,0
-17.36418,35.73097,339.55,0.4,0.37,2026-02-09,1124,SNPP,SNPP,n,2,300.8,5.55,D,0
-17.36259,35.71915,331.13,0.4,0.37,2026-02-09,1124,SNPP,SNPP,n,2,298.7,2.97,D,0
-17.30817,35.75586,347.41,0.4,0.37,2026-02-09,1124,SNPP,SNPP,n,2,298.06,6.87,D,0
-17.3018,35.77396,334.89,0.4,0.37,2026-02-09,1124,SNPP,SNPP,n,2,296.87,4.92,D,0
-17.274,35.83872,347.83,0.4,0.37,2026-02-09,1124,SNPP,SNPP,n,2,299.25,5.31,D,0
-17.26871,35.80687,334.99,0.4,0.37,2026-02-09,1124,SNPP,SNPP,n,2,297.53,2.66,D,0
-17.25626,35.72738,334.7,0.4,0.37,2026-02-09,1124,SNPP,SNPP,n,2,298.85,2.1,D,0
-17.24434,35.6715,330.95,0.4,0.37,2026-02-09,1124,SNPP,SNPP,n,2,298.23,3.42,D,0
-16.80756,36.41188,339.83,0.42,0.38,2026-02-09,1124,SNPP,SNPP,n,2,292.02,3.11,D,0
-16.83067,35.90097,335.2,0.4,0.37,2026-02-09,1124,SNPP,SNPP,n,2,295.63,2.56,D,0
-16.86464,35.69048,335.34,0.4,0.37,2026-02-09,1124,SNPP,SNPP,n,2,294.74,2.46,D,0
-16.77223,35.65514,330.05,0.4,0.37,2026-02-09,1124,SNPP,SNPP,n,2,293.84,3.52,D,0
-16.74623,35.60087,330.96,0.4,0.37,2026-02-09,1124,SNPP,SNPP,n,2,296.84,2.57,D,0
-16.74577,35.60035,332.32,0.4,0.37,2026-02-09,1124,SNPP,SNPP,n,2,296.46,2.18,D,0
-16.76413,35.46235,334.65,0.39,0.37,2026-02-09,1124,SNPP,SNPP,n,2,296.19,3.13,D,0
-16.69757,35.42426,342.09,0.39,0.37,2026-02-09,1124,SNPP,SNPP,n,2,296.1,15.79,D,0
-16.56067,35.4505,330.73,0.4,0.37,2026-02-09,1124,SNPP,SNPP,n,2,291.46,1.88,D,0
-16.55731,35.44988,336.19,0.4,0.37,2026-02-09,1124,SNPP,SNPP,n,2,290.28,3.05,D,0
-16.54255,35.45044,347.28,0.4,0.37,2026-02-09,1124,SNPP,SNPP,n,2,290.03,5.09,D,0
-16.53259,35.42595,346.94,0.4,0.37,2026-02-09,1124,SNPP,SNPP,n,2,289.39,4.4,D,0
-16.11752,33.76036,331.47,0.38,0.36,2026-02-09,1124,SNPP,SNPP,l,2,301.66,4.92,D,2
-21.74733,35.05922,305.9,0.39,0.44,2026-02-09,2235,SNPP,SNPP,n,2,294.95,0.76,N,2
-26.69322,32.81157,310.88,0.42,0.45,2026-02-09,2236,SNPP,SNPP,n,2,291.2,0.44,N,0
-25.31773,33.22198,330.83,0.54,0.51,2026-02-10,1103,SNPP,SNPP,l,2,302.56,6.57,D,0
-24.7199,34.53898,331.66,0.44,0.46,2026-02-10,1103,SNPP,SNPP,n,2,301.48,2.11,D,0
-24.53454,34.56136,331.87,0.44,0.46,2026-02-10,1103,SNPP,SNPP,l,2,305.4,4.85,D,0
-24.37867,35.17353,333.18,0.4,0.44,2026-02-10,1103,SNPP,SNPP,l,2,304.81,2.15,D,0
-22.68556,35.46835,334.32,0.55,0.43,2026-02-10,1104,SNPP,SNPP,n,2,300.76,17.36,D,0
-20.52146,32.82401,335.22,0.5,0.49,2026-02-10,1104,SNPP,SNPP,n,2,298.45,4.8,D,0
-20.28104,32.90244,340.48,0.49,0.49,2026-02-10,1104,SNPP,SNPP,n,2,293.54,5.65,D,0
-19.72787,34.87237,332.68,0.55,0.43,2026-02-10,1104,SNPP,SNPP,n,2,300.34,2.91,D,0
-19.72625,33.461,330.44,0.44,0.46,2026-02-10,1104,SNPP,SNPP,n,2,293.5,4.64,D,0
-19.51133,33.47083,330.36,0.44,0.46,2026-02-10,1105,SNPP,SNPP,n,2,291.61,3.6,D,0
-19.25002,35.25508,341.29,0.52,0.41,2026-02-10,1105,SNPP,SNPP,n,2,296.12,6.75,D,0
-19.25066,35.25011,333.38,0.52,0.41,2026-02-10,1105,SNPP,SNPP,n,2,296.17,5.01,D,0
-19.16918,35.08281,333.93,0.53,0.42,2026-02-10,1105,SNPP,SNPP,n,2,294.39,4.83,D,0
-18.99222,34.07049,344.43,0.4,0.44,2026-02-10,1105,SNPP,SNPP,n,2,296.68,5.33,D,0
-18.97277,34.1259,341.08,0.4,0.44,2026-02-10,1105,SNPP,SNPP,n,2,297.72,4.3,D,0
-18.98265,34.04652,331.48,0.4,0.44,2026-02-10,1105,SNPP,SNPP,n,2,296.19,2.7,D,0
-19.02701,33.47287,332.36,0.44,0.46,2026-02-10,1105,SNPP,SNPP,n,2,294.7,4.34,D,0
-15.72261,40.23018,330.99,0.4,0.37,2026-02-10,1105,SNPP,SNPP,n,2,299.59,1.76,D,0
-20.05995,33.77031,307.01,0.49,0.65,2026-02-10,2216,SNPP,SNPP,n,2,290.05,0.84,N,0
-25.32723,32.82842,332.02,0.56,0.69,2026-02-11,1044,SNPP,SNPP,n,2,296.15,3.38,D,0
-23.06005,35.49657,367,0.36,0.58,2026-02-11,1045,SNPP,SNPP,h,2,306.23,9.79,D,0
-23.03877,35.43201,335.22,0.37,0.58,2026-02-11,1045,SNPP,SNPP,n,2,303.11,3.67,D,0
-23.0391,35.42833,346.49,0.37,0.58,2026-02-11,1045,SNPP,SNPP,n,2,303.72,3.67,D,0
-22.18136,35.28077,333.19,0.37,0.58,2026-02-11,1045,SNPP,SNPP,n,2,297.92,2.71,D,0
-22.17922,35.28011,333.31,0.37,0.58,2026-02-11,1045,SNPP,SNPP,n,2,297.94,2.3,D,0
-21.8457,35.28598,367,0.36,0.58,2026-02-11,1045,SNPP,SNPP,h,2,300.63,5.82,D,0
-21.23846,35.02747,340.49,0.37,0.58,2026-02-11,1045,SNPP,SNPP,n,2,298.16,3.71,D,0
-21.23766,35.0268,340.65,0.37,0.58,2026-02-11,1045,SNPP,SNPP,n,2,297.79,2.48,D,0
-20.56488,32.85417,367,0.5,0.66,2026-02-11,1045,SNPP,SNPP,h,2,294.01,11.38,D,0
-20.52741,32.85594,367,0.5,0.66,2026-02-11,1045,SNPP,SNPP,h,2,292.53,16.83,D,0
-20.52139,32.85845,336.36,0.5,0.66,2026-02-11,1045,SNPP,SNPP,n,2,292.64,7.61,D,0
-19.79882,33.26031,337.99,0.46,0.64,2026-02-11,1046,SNPP,SNPP,n,2,291.52,3.96,D,0
-19.67112,34.34622,336.37,0.39,0.6,2026-02-11,1046,SNPP,SNPP,n,2,293.28,3.31,D,0
-19.69448,33.38272,331.36,0.45,0.63,2026-02-11,1046,SNPP,SNPP,n,2,291.15,3.64,D,0
-19.15998,34.1833,337.38,0.4,0.6,2026-02-11,1046,SNPP,SNPP,n,2,295.18,3.18,D,0
-19.10813,34.4789,330.83,0.38,0.59,2026-02-11,1046,SNPP,SNPP,n,2,295.73,2.39,D,0
-19.11967,34.20409,330.07,0.4,0.6,2026-02-11,1046,SNPP,SNPP,n,2,296.35,3.31,D,0
-18.61916,33.97023,367,0.41,0.6,2026-02-11,1046,SNPP,SNPP,h,2,304.41,24.63,D,0
-18.61955,33.96623,348.06,0.41,0.6,2026-02-11,1046,SNPP,SNPP,n,2,297.38,24.63,D,0
-18.62194,33.97211,354.05,0.4,0.6,2026-02-11,1046,SNPP,SNPP,n,2,298.38,14.9,D,0
-18.62235,33.96816,346.2,0.4,0.6,2026-02-11,1046,SNPP,SNPP,n,2,301.55,14.9,D,0
-18.61629,33.97169,346.68,0.4,0.6,2026-02-11,1046,SNPP,SNPP,n,2,295.02,14.9,D,0
-18.61671,33.96771,352.24,0.4,0.6,2026-02-11,1046,SNPP,SNPP,n,2,295.16,14.9,D,0
-17.61828,35.31667,346.13,0.32,0.55,2026-02-11,1046,SNPP,SNPP,n,2,298.2,2.81,D,0
-17.61555,35.31784,344.43,0.32,0.55,2026-02-11,1046,SNPP,SNPP,n,2,298.4,3.3,D,0
-17.45858,34.87831,330.25,0.34,0.56,2026-02-11,1046,SNPP,SNPP,n,2,295.37,4.46,D,0
-17.40318,35.27216,332.07,0.32,0.55,2026-02-11,1046,SNPP,SNPP,n,2,296.7,1.79,D,0
-14.72287,40.78793,330.2,0.43,0.38,2026-02-11,1047,SNPP,SNPP,l,2,295.18,4.31,D,0
-25.2448,33.17671,367,0.51,0.66,2026-02-11,1224,SNPP,SNPP,h,2,297.18,12.22,D,0
-23.07486,35.38308,343.92,0.77,0.77,2026-02-11,1225,SNPP,SNPP,n,2,298.18,6.39,D,0
-18.59014,33.94812,335.77,0.79,0.78,2026-02-11,1226,SNPP,SNPP,n,2,292.88,6.02,D,0
-18.34241,33.29338,329.96,0.73,0.76,2026-02-11,1226,SNPP,SNPP,n,2,289.22,5.44,D,0
-18.3459,33.29278,332.77,0.73,0.76,2026-02-11,1226,SNPP,SNPP,n,2,289.36,6.04,D,0
-19.57035,32.8767,309.01,0.56,0.51,2026-02-11,2337,SNPP,SNPP,n,2,288.3,1.29,N,0
-22.37667,35.30237,332.66,0.73,0.76,2026-02-12,1026,SNPP,SNPP,n,2,297.92,5.76,D,0
-22.30107,35.51608,341.15,0.71,0.75,2026-02-12,1026,SNPP,SNPP,n,2,298.62,5.39,D,0
-17.66576,34.53529,329.95,0.74,0.76,2026-02-12,1027,SNPP,SNPP,n,2,295.54,3.68,D,0
-17.44015,35.73026,334.69,0.61,0.71,2026-02-12,1027,SNPP,SNPP,n,2,295.1,4.48,D,0
-25.35463,32.93173,336.19,0.51,0.49,2026-02-12,1206,SNPP,SNPP,n,2,299.09,4.14,D,0
-24.91141,33.74854,332.49,0.58,0.52,2026-02-12,1206,SNPP,SNPP,l,2,306.03,2.61,D,0
-24.6705,34.70121,331.76,0.34,0.56,2026-02-12,1206,SNPP,SNPP,l,2,304.04,2.42,D,0
-24.54233,34.56366,337.81,0.33,0.56,2026-02-12,1206,SNPP,SNPP,n,2,303.44,1.26,D,0
-23.8535,34.57394,338.52,0.34,0.56,2026-02-12,1206,SNPP,SNPP,l,2,309.57,2.97,D,0
-23.04388,35.51657,343.15,0.41,0.61,2026-02-12,1206,SNPP,SNPP,n,2,303.64,3,D,0
-23.0383,35.51524,334.49,0.41,0.61,2026-02-12,1206,SNPP,SNPP,n,2,301.55,2.06,D,0
-23.04089,35.51545,356.62,0.41,0.61,2026-02-12,1206,SNPP,SNPP,n,2,304.4,7.07,D,0
-22.81116,35.43895,334.32,0.41,0.61,2026-02-12,1206,SNPP,SNPP,n,2,302.8,2.64,D,0
-21.91046,35.20863,342.97,0.41,0.61,2026-02-12,1207,SNPP,SNPP,n,2,300.2,3.9,D,0
-21.90858,35.20708,339,0.41,0.61,2026-02-12,1207,SNPP,SNPP,n,2,300.81,4.37,D,0
-21.80157,35.18426,336.09,0.41,0.61,2026-02-12,1207,SNPP,SNPP,n,2,302.66,4.38,D,0
-21.80467,35.18475,336.98,0.41,0.61,2026-02-12,1207,SNPP,SNPP,n,2,302.43,4.34,D,0
-21.6233,35.19363,335.46,0.42,0.61,2026-02-12,1207,SNPP,SNPP,n,2,302.72,3.67,D,0
-20.56958,32.63248,340.32,0.61,0.53,2026-02-12,1207,SNPP,SNPP,n,2,301.85,7.13,D,0
-20.29021,32.90579,342.13,0.32,0.55,2026-02-12,1207,SNPP,SNPP,n,2,299.55,3.95,D,0
-20.17859,32.97183,332.37,0.33,0.55,2026-02-12,1207,SNPP,SNPP,n,2,299.08,1.98,D,0
-20.1466,32.89777,335.38,0.32,0.55,2026-02-12,1207,SNPP,SNPP,n,2,295.15,4.01,D,0
-20.14727,32.89458,334.36,0.32,0.55,2026-02-12,1207,SNPP,SNPP,n,2,292.1,2.59,D,0
-19.77339,34.22987,336.46,0.4,0.6,2026-02-12,1207,SNPP,SNPP,n,2,298.28,2.47,D,0
-19.67915,34.29902,330.71,0.4,0.6,2026-02-12,1207,SNPP,SNPP,n,2,299.13,1.41,D,0
-19.64113,34.23366,355.86,0.4,0.6,2026-02-12,1207,SNPP,SNPP,n,2,301.69,4.83,D,0
-19.64254,34.23375,355.52,0.4,0.6,2026-02-12,1207,SNPP,SNPP,n,2,301.78,5.37,D,0
-19.57329,34.20533,332.8,0.4,0.6,2026-02-12,1207,SNPP,SNPP,n,2,298.17,4.22,D,0
-19.48644,34.05383,337.48,0.39,0.6,2026-02-12,1207,SNPP,SNPP,n,2,303.62,3.52,D,0
-19.14907,35.40764,336.18,0.48,0.65,2026-02-12,1207,SNPP,SNPP,n,2,295.68,4.21,D,0
-19.15385,35.40731,330.85,0.48,0.65,2026-02-12,1207,SNPP,SNPP,n,2,295.64,8.33,D,0
-19.51643,33.3568,334.76,0.35,0.57,2026-02-12,1207,SNPP,SNPP,n,2,298.27,2.48,D,0
-19.40982,33.45267,331.45,0.36,0.57,2026-02-12,1207,SNPP,SNPP,n,2,300.54,1.76,D,0
-19.12653,34.18451,348.12,0.41,0.6,2026-02-12,1207,SNPP,SNPP,n,2,299.47,5.06,D,0
-19.0159,34.0428,333.94,0.4,0.6,2026-02-12,1207,SNPP,SNPP,n,2,301.06,1.57,D,0
-19.03368,33.49716,330.55,0.37,0.58,2026-02-12,1207,SNPP,SNPP,l,2,300.65,1.8,D,0
-18.85622,33.82606,330.51,0.39,0.59,2026-02-12,1207,SNPP,SNPP,n,2,301.18,1.68,D,0
-18.76041,34.14381,350.02,0.41,0.61,2026-02-12,1207,SNPP,SNPP,n,2,299.81,2.98,D,0
-18.53888,34.72039,330.48,0.45,0.63,2026-02-12,1207,SNPP,SNPP,n,2,296.93,2.7,D,0
-18.54063,34.72054,338.11,0.45,0.63,2026-02-12,1208,SNPP,SNPP,n,2,297.02,2.51,D,0
-18.47511,34.76882,340.47,0.46,0.63,2026-02-12,1208,SNPP,SNPP,n,2,295.57,3.62,D,0
-18.44963,34.69034,332.55,0.45,0.63,2026-02-12,1208,SNPP,SNPP,n,2,303.79,1.82,D,0
-18.44382,34.68904,332.33,0.45,0.63,2026-02-12,1208,SNPP,SNPP,n,2,301.29,1.49,D,0
-18.44503,34.68931,339.19,0.45,0.63,2026-02-12,1208,SNPP,SNPP,n,2,302.28,3.77,D,0
-18.50584,33.91306,367,0.4,0.6,2026-02-12,1208,SNPP,SNPP,h,2,304.74,11.04,D,0
-18.50669,33.90911,331.11,0.4,0.6,2026-02-12,1208,SNPP,SNPP,n,2,300.84,5.52,D,0
-18.50032,33.91172,355.28,0.4,0.6,2026-02-12,1208,SNPP,SNPP,n,2,299.52,11.04,D,0
-18.50118,33.90779,331.96,0.4,0.6,2026-02-12,1208,SNPP,SNPP,n,2,300.19,5.52,D,0
-18.50232,33.91269,367,0.4,0.6,2026-02-12,1208,SNPP,SNPP,h,2,302.29,19.84,D,0
-18.50315,33.90873,354.32,0.4,0.6,2026-02-12,1208,SNPP,SNPP,n,2,301.95,13.69,D,0
-17.92477,34.65263,339.63,0.46,0.64,2026-02-12,1208,SNPP,SNPP,n,2,301.28,2.65,D,0
-17.64204,35.40287,336.33,0.52,0.67,2026-02-12,1208,SNPP,SNPP,n,2,295.05,3.33,D,0
-17.45244,35.81342,351.43,0.56,0.68,2026-02-12,1208,SNPP,SNPP,n,2,298.88,7.21,D,0
-17.45101,35.81396,340.68,0.56,0.69,2026-02-12,1208,SNPP,SNPP,n,2,298.67,8.58,D,0
-17.53814,35.15118,330.63,0.5,0.66,2026-02-12,1208,SNPP,SNPP,n,2,300.3,2.14,D,0
-17.7856,33.38737,343.68,0.39,0.59,2026-02-12,1208,SNPP,SNPP,n,2,298.33,4.13,D,0
-16.51059,35.92426,343.64,0.59,0.7,2026-02-12,1208,SNPP,SNPP,n,2,295.89,4.99,D,0
-16.55708,35.55592,333.88,0.56,0.69,2026-02-12,1208,SNPP,SNPP,n,2,294.92,5.58,D,0
-16.47068,35.52567,335.06,0.56,0.69,2026-02-12,1208,SNPP,SNPP,n,2,296.87,4.31,D,0
-15.88965,33.02494,304.25,0.42,0.38,2026-02-12,2317,SNPP,SNPP,n,2,289.59,0.54,N,2
-16.11983,33.75692,306.53,0.45,0.39,2026-02-12,2317,SNPP,SNPP,n,2,295.12,1.58,N,2
-16.12044,33.76115,311.96,0.45,0.39,2026-02-12,2317,SNPP,SNPP,n,2,297.07,1.58,N,2
-16.12889,33.7685,309.45,0.45,0.39,2026-02-12,2317,SNPP,SNPP,n,2,295.36,2.77,N,2
-16.12969,33.77029,306.74,0.45,0.39,2026-02-12,2317,SNPP,SNPP,n,2,294.99,3.05,N,2
-16.13331,33.71767,309.53,0.45,0.39,2026-02-12,2317,SNPP,SNPP,n,2,296.52,2.59,N,2
-16.13391,33.7219,306.72,0.45,0.39,2026-02-12,2317,SNPP,SNPP,n,2,295.01,1.36,N,2
-16.19846,33.83846,306.39,0.46,0.39,2026-02-12,2317,SNPP,SNPP,n,2,292.35,1.71,N,0
-16.20995,33.84112,306.55,0.46,0.39,2026-02-12,2317,SNPP,SNPP,n,2,290.77,1.33,N,0
-21.74962,35.06061,303.12,0.41,0.45,2026-02-12,2319,SNPP,SNPP,n,2,290.14,0.9,N,2
-26.83269,32.75514,340.12,0.42,0.37,2026-02-13,1147,SNPP,SNPP,n,2,305.53,4.42,D,0
-26.18919,32.47039,355.42,0.41,0.37,2026-02-13,1147,SNPP,SNPP,n,2,308.62,11.65,D,0
-26.18574,32.46968,336.52,0.41,0.37,2026-02-13,1147,SNPP,SNPP,n,2,306.04,4.8,D,0
-26.07541,32.56398,333.67,0.42,0.38,2026-02-13,1147,SNPP,SNPP,l,2,307.68,2.36,D,0
-25.91215,32.6131,334.68,0.42,0.38,2026-02-13,1147,SNPP,SNPP,l,2,307.98,4.44,D,0
-25.41886,33.03847,336.68,0.44,0.38,2026-02-13,1147,SNPP,SNPP,n,2,305.17,3.91,D,0
-25.41532,33.03773,332.3,0.44,0.38,2026-02-13,1147,SNPP,SNPP,l,2,306.62,3.31,D,0
-25.25229,33.1784,334.7,0.45,0.39,2026-02-13,1147,SNPP,SNPP,l,2,308.17,5.9,D,0
-25.25387,33.16948,333.33,0.45,0.39,2026-02-13,1147,SNPP,SNPP,l,2,307.77,3.11,D,0
-25.13344,33.42606,331.6,0.46,0.39,2026-02-13,1147,SNPP,SNPP,l,2,301.8,2.28,D,0
-24.99438,33.88136,338.57,0.48,0.4,2026-02-13,1147,SNPP,SNPP,n,2,300.62,2.45,D,0
-24.99628,33.88371,337.56,0.48,0.4,2026-02-13,1147,SNPP,SNPP,n,2,301.91,3.59,D,0
-23.87053,32.04361,342.47,0.42,0.38,2026-02-13,1147,SNPP,SNPP,n,2,301.89,17.73,D,0
-22.04043,31.87469,332.96,0.43,0.38,2026-02-13,1148,SNPP,SNPP,l,2,305.24,4.1,D,0
-22.03764,31.8698,334.67,0.43,0.38,2026-02-13,1148,SNPP,SNPP,n,2,304.69,3.06,D,0
-20.62742,32.78478,332.75,0.49,0.4,2026-02-13,1148,SNPP,SNPP,l,2,305.12,4.21,D,0
-20.62621,32.78616,336.57,0.49,0.4,2026-02-13,1148,SNPP,SNPP,n,2,304.06,4.01,D,0
-20.55414,32.84491,330.72,0.5,0.41,2026-02-13,1148,SNPP,SNPP,l,2,301.72,2.28,D,0
-20.54053,32.81293,331.35,0.49,0.41,2026-02-13,1148,SNPP,SNPP,n,2,298.27,1.68,D,0
-20.52306,32.82418,336.79,0.49,0.41,2026-02-13,1148,SNPP,SNPP,n,2,303.25,3.46,D,0
-20.50987,32.78804,336.94,0.49,0.41,2026-02-13,1148,SNPP,SNPP,n,2,300.33,5.57,D,0
-20.4863,32.81249,337.19,0.5,0.41,2026-02-13,1148,SNPP,SNPP,n,2,302.47,4.4,D,0
-20.47628,32.82547,334.93,0.5,0.41,2026-02-13,1148,SNPP,SNPP,n,2,298.33,4.82,D,0
-20.42107,32.87458,332.7,0.5,0.41,2026-02-13,1148,SNPP,SNPP,n,2,299.79,3.25,D,0
-20.39921,32.90967,336.83,0.5,0.41,2026-02-13,1148,SNPP,SNPP,n,2,301.52,2.89,D,0
-20.39549,32.90878,333.15,0.5,0.41,2026-02-13,1148,SNPP,SNPP,n,2,303.3,3.86,D,0
-20.39639,32.90383,337.69,0.5,0.41,2026-02-13,1148,SNPP,SNPP,n,2,301.75,3.86,D,0
-20.39597,32.90654,348.49,0.5,0.41,2026-02-13,1148,SNPP,SNPP,n,2,304.35,7.06,D,0
-20.37262,32.97325,330.59,0.51,0.41,2026-02-13,1148,SNPP,SNPP,n,2,301.46,1.97,D,0
-20.36458,32.93027,334.45,0.5,0.41,2026-02-13,1148,SNPP,SNPP,n,2,300.47,5.77,D,0
-20.34756,32.91644,336.51,0.5,0.41,2026-02-13,1148,SNPP,SNPP,n,2,301.64,6.72,D,0
-20.33434,32.90324,330.98,0.5,0.41,2026-02-13,1148,SNPP,SNPP,n,2,300.71,3.87,D,0
-20.30457,32.91732,332.64,0.5,0.41,2026-02-13,1148,SNPP,SNPP,n,2,300.39,3.54,D,0
-20.26989,32.93656,335.01,0.51,0.41,2026-02-13,1148,SNPP,SNPP,n,2,300.37,4.41,D,0
-20.26755,32.93264,336.63,0.51,0.41,2026-02-13,1148,SNPP,SNPP,n,2,301.27,8.59,D,0
-20.23675,32.88649,332.01,0.5,0.41,2026-02-13,1148,SNPP,SNPP,n,2,297.04,3.05,D,0
-20.22522,32.92941,338.73,0.51,0.41,2026-02-13,1148,SNPP,SNPP,n,2,300.88,6.04,D,0
-19.77511,34.32307,335.97,0.41,0.45,2026-02-13,1148,SNPP,SNPP,n,2,295.43,4.59,D,0
-19.77583,34.31918,340.82,0.41,0.45,2026-02-13,1148,SNPP,SNPP,n,2,296.42,4.59,D,0
-19.77846,34.25907,331.83,0.4,0.45,2026-02-13,1148,SNPP,SNPP,n,2,293.56,2.05,D,0
-19.98423,33.08528,354.08,0.52,0.41,2026-02-13,1148,SNPP,SNPP,n,2,301.23,9.25,D,0
-19.98042,33.08447,338.12,0.52,0.41,2026-02-13,1148,SNPP,SNPP,n,2,298.87,9.25,D,0
-19.95018,33.20856,330.44,0.53,0.42,2026-02-13,1148,SNPP,SNPP,n,2,298.07,3.2,D,0
-19.70993,34.26094,334.88,0.41,0.45,2026-02-13,1148,SNPP,SNPP,n,2,295.12,4.59,D,0
-19.70834,34.25749,332.14,0.41,0.45,2026-02-13,1148,SNPP,SNPP,n,2,298.37,3.59,D,0
-19.82339,33.242,334.75,0.53,0.42,2026-02-13,1148,SNPP,SNPP,n,2,300.06,8.76,D,0
-19.60902,34.24141,338.05,0.41,0.45,2026-02-13,1148,SNPP,SNPP,n,2,300.1,3.19,D,0
-19.60741,34.24061,337.38,0.41,0.45,2026-02-13,1148,SNPP,SNPP,n,2,299.43,4.54,D,0
-19.52389,34.27635,331.91,0.41,0.45,2026-02-13,1148,SNPP,SNPP,n,2,292.94,2.94,D,0
-19.67951,33.37056,335.01,0.54,0.42,2026-02-13,1148,SNPP,SNPP,n,2,300.81,5.47,D,0
-19.63672,33.40785,333.51,0.55,0.42,2026-02-13,1149,SNPP,SNPP,n,2,299.1,4.15,D,0
-19.61982,33.36686,335.76,0.54,0.42,2026-02-13,1149,SNPP,SNPP,n,2,299.14,6.27,D,0
-19.59446,33.3508,330.28,0.54,0.42,2026-02-13,1149,SNPP,SNPP,n,2,299.21,4.2,D,0
-19.52111,33.57319,333.8,0.56,0.43,2026-02-13,1149,SNPP,SNPP,n,2,300.68,2.27,D,0
-19.16104,35.40826,330.85,0.49,0.48,2026-02-13,1149,SNPP,SNPP,n,2,300.57,5.55,D,0
-19.16196,35.40362,334.23,0.49,0.48,2026-02-13,1149,SNPP,SNPP,n,2,301.6,5.55,D,0
-19.16018,35.4039,336.89,0.49,0.48,2026-02-13,1149,SNPP,SNPP,n,2,302.75,8.1,D,0
-19.16106,35.39926,333.84,0.49,0.48,2026-02-13,1149,SNPP,SNPP,n,2,302.84,4.25,D,0
-19.15572,35.40296,333.51,0.49,0.48,2026-02-13,1149,SNPP,SNPP,n,2,302.04,6.27,D,0
-19.49516,33.48014,333.55,0.55,0.43,2026-02-13,1149,SNPP,SNPP,n,2,302.17,3.48,D,0
-19.13138,35.03045,333.16,0.46,0.47,2026-02-13,1149,SNPP,SNPP,n,2,299.3,5.02,D,0
-19.13224,35.02602,330.71,0.46,0.47,2026-02-13,1149,SNPP,SNPP,n,2,298.8,2.58,D,0
-19.13098,35.03144,331.35,0.46,0.47,2026-02-13,1149,SNPP,SNPP,n,2,299.55,4.33,D,0
-19.13181,35.02701,332.18,0.46,0.47,2026-02-13,1149,SNPP,SNPP,n,2,299.01,2.93,D,0
-18.95593,35.82792,334.37,0.52,0.5,2026-02-13,1149,SNPP,SNPP,n,2,302.62,6.09,D,0
-18.98615,35.52545,337.7,0.5,0.49,2026-02-13,1149,SNPP,SNPP,n,2,299.71,4.15,D,0
-19.20315,34.31679,339.63,0.42,0.45,2026-02-13,1149,SNPP,SNPP,n,2,299.85,1.7,D,0
-19.20718,34.27231,330.02,0.41,0.45,2026-02-13,1149,SNPP,SNPP,l,2,302.39,3.09,D,0
-19.16045,34.337,330.58,0.42,0.45,2026-02-13,1149,SNPP,SNPP,l,2,302.1,3.05,D,0
-19.14678,34.36329,335.76,0.42,0.45,2026-02-13,1149,SNPP,SNPP,n,2,304.3,7.39,D,0
-19.14754,34.35928,344.61,0.42,0.45,2026-02-13,1149,SNPP,SNPP,n,2,306.86,8.1,D,0
-19.14734,34.35994,346.07,0.42,0.45,2026-02-13,1149,SNPP,SNPP,n,2,308.19,7.93,D,0
-18.78792,36.13513,333.31,0.55,0.51,2026-02-13,1149,SNPP,SNPP,n,2,300.96,3.14,D,0
-19.12231,34.35479,337.06,0.42,0.45,2026-02-13,1149,SNPP,SNPP,n,2,305.24,3.59,D,0
-19.11814,34.35392,331.69,0.42,0.45,2026-02-13,1149,SNPP,SNPP,l,2,304.74,3.76,D,0
-19.09995,34.35854,342.99,0.42,0.45,2026-02-13,1149,SNPP,SNPP,n,2,303.5,7.66,D,0
-18.88137,35.363,330.8,0.49,0.49,2026-02-13,1149,SNPP,SNPP,n,2,297.16,3.25,D,0
-19.07566,34.34938,331.96,0.42,0.45,2026-02-13,1149,SNPP,SNPP,n,2,299,1.56,D,0
-19.20162,33.67379,341.59,0.38,0.43,2026-02-13,1149,SNPP,SNPP,n,2,300.33,3.23,D,0
-19.0381,34.3417,331.48,0.42,0.45,2026-02-13,1149,SNPP,SNPP,n,2,301.41,3.4,D,0
-19.03762,34.34185,334.5,0.42,0.45,2026-02-13,1149,SNPP,SNPP,n,2,301.71,5.33,D,0
-18.80945,35.43745,341.16,0.5,0.49,2026-02-13,1149,SNPP,SNPP,n,2,301.69,4.27,D,0
-18.64133,36.12821,338.57,0.55,0.51,2026-02-13,1149,SNPP,SNPP,n,2,301.29,6.91,D,0
-18.96501,34.15368,336.9,0.41,0.45,2026-02-13,1149,SNPP,SNPP,n,2,300.42,3.26,D,0
-18.96402,34.15294,335.96,0.41,0.45,2026-02-13,1149,SNPP,SNPP,n,2,300.78,3.83,D,0
-18.99891,33.19865,334.51,0.54,0.42,2026-02-13,1149,SNPP,SNPP,n,2,302.17,3.19,D,0
-18.82649,33.64618,330.54,0.39,0.44,2026-02-13,1149,SNPP,SNPP,l,2,302.72,3.9,D,0
-18.64274,34.59966,332.87,0.44,0.46,2026-02-13,1149,SNPP,SNPP,n,2,299.07,4.09,D,0
-18.62456,34.18141,337.79,0.42,0.45,2026-02-13,1149,SNPP,SNPP,n,2,298.78,3.41,D,0
-18.65228,33.98322,343.23,0.41,0.45,2026-02-13,1149,SNPP,SNPP,n,2,302.27,4.08,D,0
-18.3055,35.67739,352.93,0.52,0.5,2026-02-13,1149,SNPP,SNPP,n,2,299.14,11.37,D,0
-18.30647,35.67242,330.37,0.52,0.5,2026-02-13,1149,SNPP,SNPP,n,2,299.54,4.28,D,0
-18.47361,34.707,334.08,0.45,0.47,2026-02-13,1149,SNPP,SNPP,n,2,300.69,1.84,D,0
-18.45532,34.68546,332.26,0.45,0.47,2026-02-13,1149,SNPP,SNPP,n,2,299.85,2.49,D,0
-18.42647,34.59559,335.79,0.45,0.47,2026-02-13,1149,SNPP,SNPP,n,2,302.5,2.91,D,0
-18.52088,34.08579,332.62,0.42,0.45,2026-02-13,1149,SNPP,SNPP,n,2,295.73,2.34,D,0
-18.458,34.10001,333.66,0.42,0.45,2026-02-13,1149,SNPP,SNPP,n,2,298.11,4.03,D,0
-18.47235,34.02348,332.45,0.41,0.45,2026-02-13,1149,SNPP,SNPP,n,2,304.2,2.96,D,0
-18.4073,33.97249,341.51,0.41,0.45,2026-02-13,1149,SNPP,SNPP,n,2,300.39,4.97,D,0
-18.09184,34.59541,338.51,0.45,0.47,2026-02-13,1149,SNPP,SNPP,n,2,302.1,4,D,0
-17.76083,35.86594,331.5,0.55,0.51,2026-02-13,1149,SNPP,SNPP,n,2,287.77,4.85,D,0
-18.20209,33.26983,331.31,0.57,0.43,2026-02-13,1149,SNPP,SNPP,l,2,303.08,2.8,D,0
-17.70722,35.45457,334.96,0.52,0.5,2026-02-13,1149,SNPP,SNPP,n,2,295.8,5.05,D,0
-18.051,33.32095,335.38,0.57,0.43,2026-02-13,1149,SNPP,SNPP,n,2,300.65,4.01,D,0
-17.53774,35.89732,331.88,0.56,0.51,2026-02-13,1149,SNPP,SNPP,n,2,294.92,4.09,D,0
-17.5376,35.89945,331.33,0.56,0.51,2026-02-13,1149,SNPP,SNPP,n,2,294.07,3.35,D,0
-17.45186,35.8097,332.64,0.55,0.51,2026-02-13,1149,SNPP,SNPP,n,2,295.39,3.86,D,0
-17.44715,35.80866,337.86,0.55,0.51,2026-02-13,1149,SNPP,SNPP,n,2,295.25,3.86,D,0
-17.45152,35.80808,341.89,0.55,0.51,2026-02-13,1149,SNPP,SNPP,n,2,295.72,10.68,D,0
-17.45015,35.76424,340.85,0.55,0.51,2026-02-13,1149,SNPP,SNPP,n,2,295.6,7.09,D,0
-17.1741,35.71532,333.4,0.55,0.51,2026-02-13,1149,SNPP,SNPP,n,2,296.88,4.03,D,0
-17.14682,35.75386,332.06,0.56,0.51,2026-02-13,1149,SNPP,SNPP,n,2,293.75,4.03,D,0
-17.14658,35.75552,332.43,0.56,0.51,2026-02-13,1149,SNPP,SNPP,n,2,293.58,3.14,D,0
-16.77728,36.41566,334.59,0.62,0.54,2026-02-13,1149,SNPP,SNPP,n,2,292.94,6.23,D,0
-16.73293,36.43038,331.75,0.63,0.54,2026-02-13,1149,SNPP,SNPP,n,2,291.53,5.81,D,0
-16.90161,34.78991,335.06,0.49,0.48,2026-02-13,1149,SNPP,SNPP,n,2,295.29,4.08,D,0
-16.56241,35.3708,339.36,0.54,0.51,2026-02-13,1149,SNPP,SNPP,n,2,288.43,4.26,D,0
-16.56148,35.36833,337.29,0.54,0.51,2026-02-13,1149,SNPP,SNPP,n,2,288.99,4.42,D,0
-16.77615,34.18996,340.36,0.45,0.47,2026-02-13,1149,SNPP,SNPP,n,2,296.98,2.69,D,0
-16.51763,35.52227,331.63,0.55,0.51,2026-02-13,1149,SNPP,SNPP,n,2,292.71,5.61,D,0
-16.11931,33.7589,312.04,0.4,0.37,2026-02-13,2259,SNPP,SNPP,n,2,286.73,1.89,N,2
-16.11995,33.76271,308.76,0.4,0.37,2026-02-13,2259,SNPP,SNPP,n,2,286.92,1.72,N,2
-16.12335,33.7621,305.61,0.4,0.37,2026-02-13,2259,SNPP,SNPP,n,2,284.32,2.33,N,2
-16.12802,33.76909,303.77,0.4,0.37,2026-02-13,2259,SNPP,SNPP,n,2,282.59,0.79,N,2
-16.1991,33.83868,309.54,0.4,0.37,2026-02-13,2259,SNPP,SNPP,n,2,283.13,1.79,N,0
-16.19972,33.84245,301.84,0.4,0.37,2026-02-13,2259,SNPP,SNPP,n,2,281.18,1.44,N,0
-16.20992,33.84061,307.77,0.4,0.37,2026-02-13,2259,SNPP,SNPP,n,2,284.13,0.98,N,0
-23.86892,32.0413,317.15,0.4,0.37,2026-02-13,2301,SNPP,SNPP,n,2,294.76,1.75,N,0
-23.86957,32.04521,311.21,0.4,0.37,2026-02-13,2301,SNPP,SNPP,n,2,294.97,1.85,N,0
-23.8723,32.04062,308.17,0.4,0.37,2026-02-13,2301,SNPP,SNPP,n,2,294.6,1.82,N,0
-23.87296,32.04453,308.76,0.4,0.37,2026-02-13,2301,SNPP,SNPP,n,2,295.74,2.07,N,0
-24.57659,34.39688,296.7,0.39,0.36,2026-02-13,2301,SNPP,SNPP,n,2,271.4,0.73,N,0
-26.39289,32.65371,308.53,0.38,0.36,2026-02-13,2302,SNPP,SNPP,n,2,293.59,0.79,N,2
-20.60666,32.70787,332.55,0.39,0.36,2026-02-14,1129,SNPP,SNPP,l,2,306.18,2.31,D,0
-20.57821,32.71463,330.71,0.39,0.36,2026-02-14,1129,SNPP,SNPP,l,2,305.63,1.74,D,0
-20.53307,32.74171,331.32,0.39,0.36,2026-02-14,1129,SNPP,SNPP,l,2,304.93,2.14,D,0
-20.51595,32.83447,332.3,0.39,0.36,2026-02-14,1129,SNPP,SNPP,n,2,297.07,9.5,D,0
-16.57716,35.53835,331.05,0.45,0.39,2026-02-14,1130,SNPP,SNPP,n,2,291.59,6.29,D,0
-20.2568,34.07172,345.75,0.39,0.36,2026-02-14,1130,SNPP,SNPP,n,2,303.71,3.75,D,0
-20.25347,34.07114,334.62,0.39,0.36,2026-02-14,1130,SNPP,SNPP,n,2,302.97,3.75,D,0
-20.35091,32.99698,335.1,0.39,0.36,2026-02-14,1130,SNPP,SNPP,n,2,298.23,3.38,D,0
-20.14906,32.9701,331.75,0.39,0.36,2026-02-14,1130,SNPP,SNPP,n,2,298.48,4.81,D,0
-20.14961,32.9664,347.7,0.39,0.36,2026-02-14,1130,SNPP,SNPP,n,2,299.11,4.78,D,0
-20.14128,32.95361,336.44,0.39,0.36,2026-02-14,1130,SNPP,SNPP,n,2,294.7,3.27,D,0
-20.12793,32.95144,330.8,0.39,0.36,2026-02-14,1130,SNPP,SNPP,n,2,299.73,5.99,D,0
-19.90743,34.29532,348.66,0.39,0.36,2026-02-14,1130,SNPP,SNPP,n,2,303.08,6.3,D,0
-19.94854,33.8802,330.69,0.39,0.36,2026-02-14,1130,SNPP,SNPP,l,2,304.16,2.17,D,0
-19.78909,34.11843,333.27,0.39,0.36,2026-02-14,1130,SNPP,SNPP,n,2,302.78,2.9,D,0
-19.77814,34.11231,330.85,0.39,0.36,2026-02-14,1130,SNPP,SNPP,l,2,304.72,2.24,D,0
-19.63071,35.01968,332.51,0.4,0.37,2026-02-14,1130,SNPP,SNPP,l,2,302.73,2.06,D,0
-19.60782,35.03139,340.79,0.4,0.37,2026-02-14,1130,SNPP,SNPP,n,2,299.36,3.37,D,0
-19.73834,34.14724,341.74,0.39,0.36,2026-02-14,1130,SNPP,SNPP,n,2,306.41,9.43,D,0
-19.71681,34.19678,339.34,0.39,0.36,2026-02-14,1130,SNPP,SNPP,n,2,303.5,22.3,D,0
-19.69704,34.3003,336.27,0.39,0.36,2026-02-14,1130,SNPP,SNPP,n,2,301.56,2.1,D,0
-19.70778,34.21046,336.45,0.39,0.36,2026-02-14,1130,SNPP,SNPP,n,2,301.92,1.98,D,0
-19.69012,34.257,331.38,0.39,0.36,2026-02-14,1130,SNPP,SNPP,l,2,301.5,0.99,D,0
-19.50849,35.10492,333.18,0.41,0.37,2026-02-14,1130,SNPP,SNPP,n,2,300.48,3.53,D,0
-19.50911,35.10104,347.15,0.41,0.37,2026-02-14,1130,SNPP,SNPP,n,2,301.42,3.53,D,0
-19.50508,35.1043,336.45,0.41,0.37,2026-02-14,1130,SNPP,SNPP,n,2,301.52,2.87,D,0
-19.5057,35.10042,335.8,0.41,0.37,2026-02-14,1130,SNPP,SNPP,n,2,303.24,2.87,D,0
-19.50167,35.10367,333.86,0.41,0.37,2026-02-14,1130,SNPP,SNPP,l,2,305.15,2.87,D,0
-19.50229,35.0998,341.27,0.41,0.37,2026-02-14,1130,SNPP,SNPP,n,2,304.82,2.87,D,0
-19.49888,35.09918,343.57,0.41,0.37,2026-02-14,1130,SNPP,SNPP,n,2,307.34,4.98,D,0
-19.49548,35.09856,330.37,0.41,0.37,2026-02-14,1130,SNPP,SNPP,n,2,299.53,4.98,D,0
-19.449,35.2544,335.96,0.41,0.37,2026-02-14,1130,SNPP,SNPP,n,2,303.8,4,D,0
-19.44558,35.25378,333.62,0.41,0.37,2026-02-14,1130,SNPP,SNPP,n,2,302.45,3.81,D,0
-19.47528,34.96387,332.94,0.4,0.37,2026-02-14,1130,SNPP,SNPP,n,2,302.53,4.08,D,0
-19.41453,35.22799,341.42,0.41,0.37,2026-02-14,1130,SNPP,SNPP,n,2,304.58,7.27,D,0
-19.6841,33.32089,336.32,0.38,0.36,2026-02-14,1130,SNPP,SNPP,n,2,300.27,10.29,D,0
-19.38762,35.11885,346.37,0.41,0.37,2026-02-14,1130,SNPP,SNPP,n,2,302.13,11.24,D,0
-19.38421,35.11823,344.86,0.41,0.37,2026-02-14,1130,SNPP,SNPP,n,2,302.56,11.24,D,0
-19.3717,35.15195,332.19,0.41,0.37,2026-02-14,1130,SNPP,SNPP,n,2,300.32,2.13,D,0
-19.36828,35.15133,346.91,0.41,0.37,2026-02-14,1130,SNPP,SNPP,n,2,298.51,1.2,D,0
-19.59334,33.51239,330.51,0.38,0.36,2026-02-14,1130,SNPP,SNPP,l,2,302.28,1.43,D,0
-19.45931,34.17397,334.18,0.39,0.36,2026-02-14,1130,SNPP,SNPP,n,2,301.39,3.61,D,0
-19.286,35.18052,331.51,0.41,0.37,2026-02-14,1130,SNPP,SNPP,n,2,301.12,2.21,D,0
-19.32144,34.94393,338.31,0.4,0.37,2026-02-14,1130,SNPP,SNPP,n,2,305.87,3.18,D,0
-19.3214,34.94389,339.9,0.4,0.37,2026-02-14,1130,SNPP,SNPP,n,2,305.41,3.61,D,0
-19.15326,35.51839,331.45,0.42,0.38,2026-02-14,1130,SNPP,SNPP,l,2,302.44,3.74,D,0
-19.15393,35.5144,339.02,0.42,0.38,2026-02-14,1130,SNPP,SNPP,n,2,303.6,3.74,D,0
-19.49475,33.38232,338.65,0.38,0.36,2026-02-14,1130,SNPP,SNPP,n,2,308,4.63,D,0
-19.26499,34.79586,339.87,0.4,0.37,2026-02-14,1130,SNPP,SNPP,n,2,306.4,3.31,D,0
-19.12409,35.50069,333.25,0.42,0.38,2026-02-14,1130,SNPP,SNPP,n,2,302.69,3.1,D,0
-19.40447,33.60036,335.72,0.38,0.36,2026-02-14,1130,SNPP,SNPP,n,2,305.1,1.51,D,0
-19.16595,35.06339,333.71,0.41,0.37,2026-02-14,1130,SNPP,SNPP,n,2,303.03,3.68,D,0
-19.14279,35.11923,338.59,0.41,0.37,2026-02-14,1130,SNPP,SNPP,n,2,300.44,2.44,D,0
-19.12163,35.1194,335.94,0.41,0.37,2026-02-14,1130,SNPP,SNPP,n,2,300.94,1.57,D,0
-19.10615,35.02076,331.54,0.41,0.37,2026-02-14,1130,SNPP,SNPP,l,2,302.34,3.43,D,0
-18.95426,35.80046,331.42,0.43,0.38,2026-02-14,1130,SNPP,SNPP,n,2,299.71,2.56,D,0
-19.0073,35.43525,334.01,0.42,0.38,2026-02-14,1130,SNPP,SNPP,l,2,304.05,4.19,D,0
-19.14347,34.46355,333.6,0.39,0.37,2026-02-14,1130,SNPP,SNPP,l,2,303.78,2.69,D,0
-19.2237,33.67048,335.84,0.39,0.36,2026-02-14,1130,SNPP,SNPP,l,2,307.88,4.08,D,0
-19.13589,34.18583,343,0.39,0.36,2026-02-14,1130,SNPP,SNPP,n,2,298.04,5.95,D,0
-19.20295,33.71595,330.49,0.39,0.36,2026-02-14,1130,SNPP,SNPP,l,2,304.94,1.03,D,0
-18.85464,35.81174,332.18,0.43,0.38,2026-02-14,1130,SNPP,SNPP,l,2,302.25,2.4,D,0
-19.10231,34.31005,338.91,0.39,0.36,2026-02-14,1130,SNPP,SNPP,n,2,306.45,3.77,D,0
-18.8557,35.80797,331.77,0.43,0.38,2026-02-14,1130,SNPP,SNPP,l,2,301.82,1.82,D,0
-19.10199,34.21768,339.59,0.39,0.36,2026-02-14,1130,SNPP,SNPP,n,2,304.15,5.66,D,0
-19.07905,34.14491,348.8,0.39,0.36,2026-02-14,1130,SNPP,SNPP,n,2,302.75,11.3,D,0
-19.07176,34.14746,337.46,0.39,0.36,2026-02-14,1130,SNPP,SNPP,n,2,300.91,2.14,D,0
-18.84284,35.32345,334.06,0.42,0.37,2026-02-14,1130,SNPP,SNPP,n,2,303.41,2.9,D,0
-18.83939,35.32281,338.09,0.42,0.37,2026-02-14,1130,SNPP,SNPP,n,2,304.88,2.9,D,0
-18.84004,35.31887,337.81,0.42,0.37,2026-02-14,1130,SNPP,SNPP,n,2,304.11,2.9,D,0
-18.81697,35.37186,332.49,0.42,0.38,2026-02-14,1130,SNPP,SNPP,n,2,301.85,2.54,D,0
-18.81517,35.37178,330.24,0.42,0.38,2026-02-14,1130,SNPP,SNPP,l,2,300.86,2.87,D,0
-19.06116,33.80754,333.12,0.39,0.36,2026-02-14,1130,SNPP,SNPP,l,2,307.02,2.35,D,0
-19.03589,33.85984,331.9,0.39,0.36,2026-02-14,1130,SNPP,SNPP,l,2,306.09,1.07,D,0
-18.6526,36.08934,342.98,0.45,0.39,2026-02-14,1130,SNPP,SNPP,n,2,298.47,6.92,D,0
-18.65118,36.07598,336.94,0.45,0.39,2026-02-14,1130,SNPP,SNPP,n,2,296.58,3.44,D,0
-18.7735,35.34372,331.12,0.42,0.38,2026-02-14,1130,SNPP,SNPP,n,2,299.39,1.46,D,0
-18.81297,34.99571,341.88,0.41,0.37,2026-02-14,1130,SNPP,SNPP,n,2,303.45,7.84,D,0
-18.61692,36.10457,331.08,0.45,0.39,2026-02-14,1130,SNPP,SNPP,n,2,296.74,2.98,D,0
-18.57001,36.33482,339.22,0.46,0.39,2026-02-14,1130,SNPP,SNPP,n,2,298.75,3.55,D,0
-18.91441,34.10818,330.59,0.39,0.36,2026-02-14,1130,SNPP,SNPP,n,2,299.41,2.4,D,0
-18.91296,34.10809,330.33,0.39,0.36,2026-02-14,1130,SNPP,SNPP,n,2,299.56,4.57,D,0
-18.92764,33.77326,338.86,0.39,0.36,2026-02-14,1130,SNPP,SNPP,n,2,306.64,5.54,D,0
-18.90936,33.86832,333.23,0.39,0.36,2026-02-14,1130,SNPP,SNPP,l,2,306.62,2.52,D,0
-18.48521,36.11198,333.84,0.45,0.39,2026-02-14,1130,SNPP,SNPP,n,2,299.51,3.74,D,0
-18.46532,35.93493,335.09,0.44,0.38,2026-02-14,1130,SNPP,SNPP,n,2,295.14,2.67,D,0
-18.33512,36.67748,340.08,0.48,0.4,2026-02-14,1130,SNPP,SNPP,n,2,294.45,5.9,D,0
-18.75999,33.91026,334.33,0.39,0.36,2026-02-14,1130,SNPP,SNPP,n,2,305.51,2.23,D,0
-18.72098,33.92945,338.16,0.39,0.36,2026-02-14,1130,SNPP,SNPP,n,2,302.5,2.28,D,0
-18.27869,36.5517,333.66,0.47,0.4,2026-02-14,1130,SNPP,SNPP,n,2,291.34,2.51,D,0
-18.36321,35.98573,338.11,0.45,0.39,2026-02-14,1130,SNPP,SNPP,n,2,305.37,6.32,D,0
-18.31943,36.20171,339.45,0.45,0.39,2026-02-14,1130,SNPP,SNPP,n,2,297.77,4.86,D,0
-18.578,34.59169,335.98,0.4,0.37,2026-02-14,1130,SNPP,SNPP,n,2,304.98,7.76,D,0
-18.62638,34.26735,336.85,0.39,0.36,2026-02-14,1130,SNPP,SNPP,n,2,305.51,3.18,D,0
-18.5374,34.71358,331.39,0.4,0.37,2026-02-14,1130,SNPP,SNPP,l,2,303.98,2.8,D,0
-18.55001,34.61406,336.76,0.4,0.37,2026-02-14,1130,SNPP,SNPP,n,2,304.71,7.46,D,0
-18.54662,34.61346,341.72,0.4,0.37,2026-02-14,1130,SNPP,SNPP,n,2,306.87,9.94,D,0
-18.53646,34.61167,334.07,0.4,0.37,2026-02-14,1130,SNPP,SNPP,l,2,304.86,4,D,0
-18.54165,34.558,330.98,0.4,0.37,2026-02-14,1130,SNPP,SNPP,l,2,304.96,1.68,D,0
-18.61927,33.96489,331.35,0.39,0.36,2026-02-14,1130,SNPP,SNPP,l,2,304.63,2.09,D,0
-18.49821,34.67528,333.45,0.4,0.37,2026-02-14,1130,SNPP,SNPP,l,2,307.54,6.64,D,0
-18.52349,34.51978,339.01,0.4,0.37,2026-02-14,1130,SNPP,SNPP,n,2,306.62,4.1,D,0
-18.52279,34.51961,342.33,0.4,0.37,2026-02-14,1130,SNPP,SNPP,n,2,308.55,8.2,D,0
-18.51941,34.51901,350.19,0.4,0.37,2026-02-14,1130,SNPP,SNPP,n,2,310.53,8.2,D,0
-18.61199,33.93306,338.42,0.39,0.36,2026-02-14,1130,SNPP,SNPP,n,2,304.77,3.59,D,0
-18.59631,33.9455,338.84,0.39,0.36,2026-02-14,1130,SNPP,SNPP,n,2,305.97,9.02,D,0
-18.60395,33.87485,333.98,0.39,0.36,2026-02-14,1130,SNPP,SNPP,l,2,306.89,1.93,D,0
-18.59219,33.88419,331.12,0.39,0.36,2026-02-14,1130,SNPP,SNPP,l,2,304.17,2.73,D,0
-18.58307,33.92048,340.63,0.39,0.36,2026-02-14,1130,SNPP,SNPP,n,2,309.08,3.02,D,0
-18.45074,34.72966,335.67,0.4,0.37,2026-02-14,1130,SNPP,SNPP,n,2,305.5,2.52,D,0
-18.65074,33.39798,331.86,0.38,0.36,2026-02-14,1130,SNPP,SNPP,l,2,304.25,1.39,D,0
-18.50782,34.20054,338.66,0.39,0.36,2026-02-14,1130,SNPP,SNPP,n,2,308.65,2.81,D,0
-18.45942,34.48126,335.11,0.4,0.37,2026-02-14,1130,SNPP,SNPP,l,2,308.54,5.96,D,0
-18.46003,34.4775,337.57,0.4,0.37,2026-02-14,1130,SNPP,SNPP,l,2,308.85,6.53,D,0
-18.50446,34.19995,337.64,0.39,0.36,2026-02-14,1130,SNPP,SNPP,n,2,306.52,2.54,D,0
-18.55109,33.86195,338.21,0.39,0.36,2026-02-14,1130,SNPP,SNPP,n,2,307.44,4.12,D,0
-18.55167,33.85826,338.87,0.39,0.36,2026-02-14,1130,SNPP,SNPP,n,2,308.31,4.66,D,0
-18.2186,35.78744,332.77,0.44,0.38,2026-02-14,1130,SNPP,SNPP,l,2,304.28,0.87,D,0
-18.51927,33.95483,339.38,0.39,0.36,2026-02-14,1130,SNPP,SNPP,n,2,306.31,3.31,D,0
-18.51317,33.94999,335.51,0.39,0.36,2026-02-14,1130,SNPP,SNPP,n,2,304.41,1.59,D,0
-18.40666,34.52665,341.72,0.4,0.37,2026-02-14,1130,SNPP,SNPP,n,2,311.28,5.26,D,0
-18.50579,33.79007,332.52,0.39,0.36,2026-02-14,1130,SNPP,SNPP,l,2,302.73,1.72,D,0
-18.35485,34.65413,330.56,0.4,0.37,2026-02-14,1130,SNPP,SNPP,l,2,305.29,1.94,D,0
-18.35841,34.54535,339.21,0.4,0.37,2026-02-14,1130,SNPP,SNPP,l,2,311.99,4.13,D,0
-18.40321,34.13567,331.83,0.39,0.36,2026-02-14,1130,SNPP,SNPP,n,2,300.53,1.38,D,0
-18.39987,34.13503,330.01,0.39,0.36,2026-02-14,1130,SNPP,SNPP,n,2,299.51,2.55,D,0
-18.32458,34.58226,336.74,0.4,0.37,2026-02-14,1130,SNPP,SNPP,l,2,307.27,1.38,D,0
-18.32119,34.58167,339.29,0.4,0.37,2026-02-14,1130,SNPP,SNPP,n,2,309.18,3.95,D,0
-17.94146,36.76332,350.01,0.49,0.4,2026-02-14,1130,SNPP,SNPP,n,2,299.85,12.64,D,0
-18.27703,34.59344,334.67,0.4,0.37,2026-02-14,1130,SNPP,SNPP,l,2,307.1,4.2,D,0
-18.39194,33.86848,345.72,0.39,0.36,2026-02-14,1130,SNPP,SNPP,n,2,308.91,7.47,D,0
-18.22709,34.72985,334.2,0.4,0.37,2026-02-14,1130,SNPP,SNPP,l,2,306.84,4.93,D,0
-18.20627,34.79332,331.94,0.41,0.37,2026-02-14,1130,SNPP,SNPP,l,2,304.36,2.34,D,0
-18.17028,34.90613,334.92,0.41,0.37,2026-02-14,1130,SNPP,SNPP,n,2,303.91,3.77,D,0
-18.19769,34.71675,339.59,0.4,0.37,2026-02-14,1130,SNPP,SNPP,l,2,310.17,8.28,D,0
-18.17268,34.82699,337.6,0.41,0.37,2026-02-14,1130,SNPP,SNPP,n,2,306.62,3.31,D,0
-18.3241,33.84164,331.66,0.39,0.36,2026-02-14,1130,SNPP,SNPP,l,2,304.97,2.57,D,0
-18.14137,34.88903,353.79,0.41,0.37,2026-02-14,1130,SNPP,SNPP,n,2,309.18,4.39,D,0
-18.13795,34.88842,332.25,0.41,0.37,2026-02-14,1130,SNPP,SNPP,l,2,306.36,4.39,D,0
-18.13904,34.88842,351,0.41,0.37,2026-02-14,1130,SNPP,SNPP,n,2,306.55,5.75,D,0
-17.90794,35.85309,333.06,0.44,0.39,2026-02-14,1130,SNPP,SNPP,n,2,300.25,3.75,D,0
-17.91443,35.44725,336.23,0.43,0.38,2026-02-14,1130,SNPP,SNPP,n,2,296.86,4.67,D,0
-18.23937,33.28234,336.63,0.38,0.36,2026-02-14,1130,SNPP,SNPP,n,2,307.35,2.28,D,0
-18.23604,33.28178,339.5,0.38,0.36,2026-02-14,1130,SNPP,SNPP,n,2,304.09,4.17,D,0
-17.79537,35.7899,334.79,0.44,0.39,2026-02-14,1130,SNPP,SNPP,n,2,294.87,2.04,D,0
-17.88849,35.23582,338.06,0.42,0.38,2026-02-14,1130,SNPP,SNPP,n,2,303.74,4.31,D,0
-17.83854,35.51293,333.58,0.43,0.38,2026-02-14,1130,SNPP,SNPP,n,2,296.67,3.97,D,0
-18.13017,33.55507,336.82,0.39,0.36,2026-02-14,1130,SNPP,SNPP,n,2,306.42,4.36,D,0
-17.73343,35.6889,331.33,0.44,0.38,2026-02-14,1130,SNPP,SNPP,n,2,297.81,1.49,D,0
-17.96049,34.13108,334.14,0.39,0.36,2026-02-14,1130,SNPP,SNPP,l,2,307.34,4.84,D,0
-17.70021,35.69129,330.13,0.44,0.38,2026-02-14,1130,SNPP,SNPP,l,2,300.15,2.29,D,0
-17.70717,35.62863,335.51,0.44,0.38,2026-02-14,1130,SNPP,SNPP,n,2,300.96,3.3,D,0
-17.83072,34.84546,338.75,0.41,0.37,2026-02-14,1130,SNPP,SNPP,n,2,306.63,2.89,D,0
-17.63209,35.98267,339.9,0.45,0.39,2026-02-14,1130,SNPP,SNPP,n,2,296.79,6.63,D,0
-17.6341,35.98463,337.23,0.45,0.39,2026-02-14,1130,SNPP,SNPP,n,2,297.18,3.68,D,0
-17.63051,35.98396,332.81,0.45,0.39,2026-02-14,1130,SNPP,SNPP,n,2,294.36,3.68,D,0
-17.70917,35.46543,331.04,0.43,0.38,2026-02-14,1130,SNPP,SNPP,n,2,299.97,1.39,D,0
-17.7105,35.45732,333.77,0.43,0.38,2026-02-14,1130,SNPP,SNPP,n,2,300.41,2.63,D,0
-17.83385,34.69964,337.1,0.41,0.37,2026-02-14,1130,SNPP,SNPP,l,2,308.83,3.1,D,0
-17.66196,35.70687,344.65,0.44,0.38,2026-02-14,1130,SNPP,SNPP,n,2,301.41,7.4,D,0
-18.07807,33.10205,342.01,0.38,0.36,2026-02-14,1130,SNPP,SNPP,n,2,296.3,4.74,D,0
-17.68312,35.55743,345.66,0.44,0.38,2026-02-14,1130,SNPP,SNPP,n,2,296.55,7.64,D,0
-17.69282,35.43328,335.32,0.43,0.38,2026-02-14,1130,SNPP,SNPP,n,2,299.87,2.59,D,0
-17.8895,34.19963,335.79,0.4,0.37,2026-02-14,1130,SNPP,SNPP,n,2,299.46,2.38,D,0
-17.67372,35.50493,341.68,0.43,0.38,2026-02-14,1130,SNPP,SNPP,n,2,299.45,4.46,D,0
-17.62593,35.7476,334.36,0.44,0.39,2026-02-14,1130,SNPP,SNPP,n,2,298.98,2.41,D,0
-17.63951,35.55798,344.89,0.44,0.38,2026-02-14,1130,SNPP,SNPP,n,2,299.56,2.6,D,0
-17.86375,34.18748,335.26,0.4,0.37,2026-02-14,1130,SNPP,SNPP,n,2,294.46,2.78,D,0
-17.76727,34.61299,330.82,0.4,0.37,2026-02-14,1130,SNPP,SNPP,l,2,304.47,2.57,D,0
-17.56486,35.76232,333.02,0.44,0.39,2026-02-14,1130,SNPP,SNPP,n,2,298.49,1.02,D,0
-17.60145,35.52556,346.52,0.43,0.38,2026-02-14,1130,SNPP,SNPP,n,2,302.69,16.41,D,0
-17.5629,35.76239,334.17,0.44,0.39,2026-02-14,1130,SNPP,SNPP,n,2,298.36,1.66,D,0
-17.60194,35.52592,343.8,0.43,0.38,2026-02-14,1130,SNPP,SNPP,n,2,303.67,16.55,D,0
-17.66493,35.11916,330.7,0.42,0.38,2026-02-14,1130,SNPP,SNPP,l,2,304.57,1.86,D,0
-17.83391,34.02123,333.66,0.39,0.36,2026-02-14,1130,SNPP,SNPP,l,2,308.61,2.44,D,0
-17.55265,35.67001,335.36,0.44,0.38,2026-02-14,1130,SNPP,SNPP,n,2,295.95,2.48,D,0
-17.51311,35.70992,337.17,0.44,0.39,2026-02-14,1130,SNPP,SNPP,n,2,300.93,3.34,D,0
-17.52692,35.58422,334.77,0.44,0.38,2026-02-14,1130,SNPP,SNPP,n,2,300.14,1.73,D,0
-17.48823,35.64095,337.28,0.44,0.38,2026-02-14,1130,SNPP,SNPP,n,2,299.5,4.52,D,0
-17.50218,35.55846,333.42,0.44,0.38,2026-02-14,1130,SNPP,SNPP,n,2,300.19,2.78,D,0
-17.45695,35.78183,334.39,0.45,0.39,2026-02-14,1130,SNPP,SNPP,n,2,295.68,2.04,D,0
-17.48667,35.54284,330.32,0.44,0.38,2026-02-14,1130,SNPP,SNPP,l,2,302.47,2.81,D,0
-17.48689,35.54337,331.89,0.44,0.38,2026-02-14,1130,SNPP,SNPP,l,2,301.97,2.93,D,0
-17.49214,35.48953,335.79,0.43,0.38,2026-02-14,1130,SNPP,SNPP,n,2,301.44,3.87,D,0
-17.45429,35.65242,333.53,0.44,0.38,2026-02-14,1130,SNPP,SNPP,n,2,303.42,2.66,D,0
-17.52932,35.19748,331.08,0.42,0.38,2026-02-14,1130,SNPP,SNPP,l,2,301.81,1.22,D,0
-17.72576,33.97564,333.28,0.39,0.36,2026-02-14,1130,SNPP,SNPP,n,2,300.47,2.38,D,0
-17.46722,35.55255,332.94,0.44,0.38,2026-02-14,1130,SNPP,SNPP,l,2,303.01,1.54,D,0
-17.45127,35.60477,334.69,0.44,0.38,2026-02-14,1130,SNPP,SNPP,n,2,303.24,2.78,D,0
-17.46471,35.48021,335.43,0.43,0.38,2026-02-14,1130,SNPP,SNPP,n,2,304.38,3.04,D,0
-17.40705,35.78194,330.46,0.45,0.39,2026-02-14,1130,SNPP,SNPP,n,2,298.31,3,D,0
-17.42731,35.61739,337.41,0.44,0.38,2026-02-14,1130,SNPP,SNPP,n,2,304.71,2.97,D,0
-17.45539,35.44918,336.12,0.43,0.38,2026-02-14,1130,SNPP,SNPP,n,2,301.94,6.95,D,0
-17.45606,35.44511,330.07,0.43,0.38,2026-02-14,1130,SNPP,SNPP,l,2,302.73,6.95,D,0
-17.4245,35.4607,335.49,0.43,0.38,2026-02-14,1130,SNPP,SNPP,n,2,300.36,3.63,D,0
-17.24703,36.2887,334.39,0.47,0.4,2026-02-14,1130,SNPP,SNPP,n,2,292.22,2.72,D,0
-17.3355,35.76059,335.35,0.45,0.39,2026-02-14,1130,SNPP,SNPP,n,2,297.8,6.45,D,0
-17.25134,36.10777,334.22,0.46,0.39,2026-02-14,1130,SNPP,SNPP,n,2,296.08,2.91,D,0
-17.5917,34.00932,338.64,0.39,0.36,2026-02-14,1130,SNPP,SNPP,n,2,305.36,1.79,D,0
-17.3055,35.6987,337.41,0.44,0.39,2026-02-14,1130,SNPP,SNPP,n,2,298.42,2.3,D,0
-17.26855,35.67897,332.98,0.44,0.39,2026-02-14,1130,SNPP,SNPP,n,2,296.96,2.51,D,0
-17.24717,35.71843,334.48,0.45,0.39,2026-02-14,1130,SNPP,SNPP,n,2,297.89,0.93,D,0
-17.2448,35.71934,339.35,0.45,0.39,2026-02-14,1130,SNPP,SNPP,n,2,297.61,2.02,D,0
-17.25084,35.50667,333.96,0.44,0.38,2026-02-14,1130,SNPP,SNPP,n,2,300.41,3.44,D,0
-17.18935,35.8313,340.03,0.45,0.39,2026-02-14,1130,SNPP,SNPP,n,2,298.44,8.37,D,0
-17.1721,35.91188,340.48,0.46,0.39,2026-02-14,1130,SNPP,SNPP,n,2,298.59,3.9,D,0
-17.13851,36.08852,342.86,0.46,0.39,2026-02-14,1130,SNPP,SNPP,n,2,297.22,7.38,D,0
-17.18487,35.63955,338.7,0.44,0.39,2026-02-14,1130,SNPP,SNPP,n,2,297.84,4.16,D,0
-17.29445,34.89608,344.84,0.42,0.37,2026-02-14,1130,SNPP,SNPP,n,2,302.63,14.38,D,0
-17.15039,35.56994,330.82,0.44,0.38,2026-02-14,1130,SNPP,SNPP,n,2,297.23,1.7,D,0
-17.02087,36.27716,333.4,0.48,0.4,2026-02-14,1130,SNPP,SNPP,n,2,295.64,2.3,D,0
-17.20979,35.09963,330.2,0.42,0.38,2026-02-14,1130,SNPP,SNPP,n,2,298.86,1.74,D,0
-17.05839,35.92245,335.79,0.46,0.39,2026-02-14,1130,SNPP,SNPP,n,2,298.5,4.81,D,0
-17.05418,35.64232,330.32,0.44,0.39,2026-02-14,1130,SNPP,SNPP,n,2,296.85,2.1,D,0
-17.02568,35.70189,341.43,0.45,0.39,2026-02-14,1130,SNPP,SNPP,n,2,298.15,3.35,D,0
-17.03698,35.66563,331.19,0.45,0.39,2026-02-14,1130,SNPP,SNPP,n,2,297.59,1.77,D,0
-17.38319,33.50867,332.95,0.39,0.36,2026-02-14,1130,SNPP,SNPP,l,2,307.3,4.19,D,0
-17.0236,35.70209,335.84,0.45,0.39,2026-02-14,1130,SNPP,SNPP,n,2,298.62,5.32,D,0
-17.04193,35.52533,332.16,0.44,0.38,2026-02-14,1130,SNPP,SNPP,n,2,298.84,2.34,D,0
-17.20121,34.50587,332.34,0.41,0.37,2026-02-14,1130,SNPP,SNPP,n,2,301.61,1.1,D,0
-17.12655,34.92308,330.93,0.42,0.38,2026-02-14,1130,SNPP,SNPP,n,2,298.32,4.45,D,0
-16.95973,35.3465,336.52,0.43,0.38,2026-02-14,1130,SNPP,SNPP,n,2,294.49,3.47,D,0
-16.86012,35.90088,330.74,0.46,0.39,2026-02-14,1130,SNPP,SNPP,n,2,289.31,2.94,D,0
-16.80485,36.18381,330.08,0.47,0.4,2026-02-14,1130,SNPP,SNPP,n,2,291.1,3.99,D,0
-16.81695,35.84879,330.46,0.46,0.39,2026-02-14,1130,SNPP,SNPP,n,2,294.97,2.22,D,0
-16.75269,36.20173,333.48,0.47,0.4,2026-02-14,1130,SNPP,SNPP,n,2,292.86,2.11,D,0
-16.89241,35.38073,331.3,0.44,0.38,2026-02-14,1130,SNPP,SNPP,n,2,298.06,2.9,D,0
-16.75469,36.12458,330.41,0.47,0.4,2026-02-14,1130,SNPP,SNPP,n,2,290.73,3.7,D,0
-16.86353,35.37978,331.39,0.44,0.38,2026-02-14,1130,SNPP,SNPP,n,2,296.68,2.64,D,0
-16.86375,35.38037,333.19,0.44,0.38,2026-02-14,1130,SNPP,SNPP,n,2,296.84,2.71,D,0
-16.79941,35.48323,337.74,0.44,0.38,2026-02-14,1130,SNPP,SNPP,n,2,297.53,5.23,D,0
-16.73441,35.6952,334.9,0.45,0.39,2026-02-14,1130,SNPP,SNPP,n,2,294.81,3.49,D,0
-16.73512,35.66932,331.96,0.45,0.39,2026-02-14,1130,SNPP,SNPP,n,2,294.69,3.18,D,0
-16.75051,35.47022,334.04,0.44,0.38,2026-02-14,1130,SNPP,SNPP,n,2,298.35,2.28,D,0
-16.71825,35.58506,331.23,0.45,0.39,2026-02-14,1130,SNPP,SNPP,n,2,296.42,2.04,D,0
-16.61868,36.04774,335.85,0.47,0.4,2026-02-14,1130,SNPP,SNPP,n,2,293.77,6.55,D,0
-16.67142,35.64566,333.45,0.45,0.39,2026-02-14,1130,SNPP,SNPP,n,2,295.82,4.68,D,0
-16.69649,35.4957,334.75,0.44,0.39,2026-02-14,1130,SNPP,SNPP,n,2,297.1,1.54,D,0
-16.65395,35.27287,335.97,0.43,0.38,2026-02-14,1130,SNPP,SNPP,n,2,300.47,3.78,D,0
-16.64506,35.30485,333.95,0.44,0.38,2026-02-14,1130,SNPP,SNPP,n,2,296.79,2.71,D,0
-16.61686,35.40956,337.39,0.44,0.38,2026-02-14,1130,SNPP,SNPP,n,2,297.88,6.56,D,0
-16.57646,35.5425,337.57,0.45,0.39,2026-02-14,1130,SNPP,SNPP,n,2,291.39,6.29,D,0
-16.57777,35.51277,334.38,0.44,0.39,2026-02-14,1130,SNPP,SNPP,n,2,291.33,3.1,D,0
-16.56578,35.5406,330.99,0.45,0.39,2026-02-14,1130,SNPP,SNPP,n,2,293.17,1.43,D,0
-16.59951,35.33879,354.22,0.44,0.38,2026-02-14,1130,SNPP,SNPP,n,2,302.06,30.89,D,0
-16.60212,35.30135,338.17,0.44,0.38,2026-02-14,1130,SNPP,SNPP,n,2,299.17,3.81,D,0
-16.58139,35.382,343.81,0.44,0.38,2026-02-14,1130,SNPP,SNPP,n,2,298.82,5.65,D,0
-16.54246,35.57021,331.54,0.45,0.39,2026-02-14,1130,SNPP,SNPP,n,2,295.58,2.03,D,0
-16.57629,35.34725,338.25,0.44,0.38,2026-02-14,1130,SNPP,SNPP,n,2,298.63,3.21,D,0
-16.53384,35.55599,334.07,0.45,0.39,2026-02-14,1130,SNPP,SNPP,n,2,298.29,3.36,D,0
-16.44522,36.0533,336.2,0.47,0.4,2026-02-14,1130,SNPP,SNPP,n,2,297.28,4.13,D,0
-16.5273,35.508,337.07,0.44,0.39,2026-02-14,1130,SNPP,SNPP,n,2,294.72,4.64,D,0
-16.55788,35.32706,330.51,0.44,0.38,2026-02-14,1130,SNPP,SNPP,n,2,296.83,1.42,D,0
-16.56308,35.23157,333.75,0.43,0.38,2026-02-14,1130,SNPP,SNPP,n,2,299.92,5.86,D,0
-16.56376,35.22752,332.49,0.43,0.38,2026-02-14,1130,SNPP,SNPP,n,2,300.16,5.83,D,0
-16.56513,35.21942,330.67,0.43,0.38,2026-02-14,1130,SNPP,SNPP,l,2,303.81,3.28,D,0
-16.56412,35.22776,336.68,0.43,0.38,2026-02-14,1130,SNPP,SNPP,n,2,300.04,6.43,D,0
-16.5417,35.32018,338.4,0.44,0.38,2026-02-14,1130,SNPP,SNPP,n,2,299.12,2.54,D,0
-16.53499,35.27277,330.59,0.44,0.38,2026-02-14,1130,SNPP,SNPP,n,2,299.3,2.63,D,0
-16.47806,35.59423,337.36,0.45,0.39,2026-02-14,1130,SNPP,SNPP,n,2,298.21,4.71,D,0
-16.5308,35.27621,337.52,0.44,0.38,2026-02-14,1130,SNPP,SNPP,n,2,299.08,6.4,D,0
-16.53147,35.27214,335.19,0.44,0.38,2026-02-14,1130,SNPP,SNPP,n,2,297.77,2.9,D,0
-16.52428,35.2499,330.43,0.43,0.38,2026-02-14,1130,SNPP,SNPP,n,2,299.06,1.51,D,0
-16.49639,35.28687,337.19,0.44,0.38,2026-02-14,1130,SNPP,SNPP,n,2,298.65,5.2,D,0
-16.66097,34.1744,336.35,0.4,0.37,2026-02-14,1130,SNPP,SNPP,n,2,304.79,8.01,D,0
-16.20047,33.84135,332.7,0.4,0.37,2026-02-14,1131,SNPP,SNPP,n,2,301.63,2.51,D,0
-16.1971,33.84078,332.14,0.4,0.37,2026-02-14,1131,SNPP,SNPP,n,2,300.52,2.51,D,0
-16.21953,33.6777,333.89,0.39,0.36,2026-02-14,1131,SNPP,SNPP,l,2,304.59,6.37,D,0
-16.11937,33.75871,336.56,0.4,0.37,2026-02-14,1131,SNPP,SNPP,n,2,303.05,6.9,D,2
-16.52644,33.87894,335.97,0.4,0.37,2026-02-14,1131,SNPP,SNPP,n,2,304.66,3.06,D,0
-16.74564,33.32478,333.88,0.39,0.36,2026-02-14,1131,SNPP,SNPP,n,2,299.49,1.94,D,0
-16.31882,34.34476,332.6,0.41,0.37,2026-02-14,1131,SNPP,SNPP,n,2,299.07,1.59,D,0
-16.19988,33.84505,333.01,0.4,0.37,2026-02-14,1131,SNPP,SNPP,n,2,301.18,2.51,D,0
-16.36044,34.561,334.38,0.41,0.37,2026-02-14,1131,SNPP,SNPP,n,2,299.39,1.87,D,0
-14.52036,40.67482,306.29,0.38,0.36,2026-02-14,2239,SNPP,SNPP,n,2,288.32,1.14,N,3
-19.08339,33.35201,300.95,0.44,0.46,2026-02-14,2241,SNPP,SNPP,n,2,280.78,0.62,N,0
-19.07916,33.35297,300.91,0.44,0.46,2026-02-14,2241,SNPP,SNPP,n,2,281.01,0.62,N,0
-17.01437,38.55608,330.09,0.39,0.36,2026-02-15,1111,SNPP,SNPP,n,2,293.97,2.26,D,0
-16.20297,33.84229,300.3,0.37,0.58,2026-02-16,2343,SNPP,SNPP,n,2,283.36,0.8,N,0
-16.19754,33.84289,301.45,0.37,0.58,2026-02-16,2343,SNPP,SNPP,n,2,284.89,0.8,N,0
-23.83081,32.05394,300.68,0.35,0.57,2026-02-16,2345,SNPP,SNPP,n,2,287.51,0.54,N,0
-22.10377,35.19771,328.36,0.59,0.7,2026-02-17,1032,SNPP,SNPP,n,2,291.82,3.63,D,0
-25.89602,32.39133,332.28,0.4,0.44,2026-02-17,2327,SNPP,SNPP,n,2,289.38,2.94,N,0
-25.46109,32.87461,351.86,0.51,0.41,2026-02-18,1153,SNPP,SNPP,n,2,305.55,22.8,D,0
-25.45638,32.87879,332.79,0.51,0.41,2026-02-18,1153,SNPP,SNPP,n,2,301.85,6.7,D,0
-25.45732,32.87377,330.52,0.51,0.41,2026-02-18,1153,SNPP,SNPP,n,2,298.7,22.8,D,0
-25.58519,32.17659,340.33,0.47,0.4,2026-02-18,1153,SNPP,SNPP,n,2,303.01,3.61,D,0
-26.82451,32.29106,332.46,0.46,0.39,2026-02-18,1153,SNPP,SNPP,n,2,297.88,2.69,D,0
-25.65111,32.51954,332.7,0.48,0.4,2026-02-18,1153,SNPP,SNPP,l,2,307.68,2,D,0
-25.46486,32.87545,356.27,0.51,0.41,2026-02-18,1153,SNPP,SNPP,n,2,302.53,14.6,D,0
-25.46015,32.87963,335.57,0.51,0.41,2026-02-18,1153,SNPP,SNPP,n,2,302.22,6.7,D,0
-25.1888,32.81628,339.87,0.51,0.41,2026-02-18,1153,SNPP,SNPP,n,2,306.57,3.02,D,0
-19.15301,34.19151,339.96,0.51,0.49,2026-02-18,1155,SNPP,SNPP,n,2,286.8,5.62,D,0
-19.11755,34.17878,341.73,0.51,0.49,2026-02-18,1155,SNPP,SNPP,n,2,288.2,7.61,D,0
-16.12008,33.76011,312.38,0.38,0.36,2026-02-18,2305,SNPP,SNPP,n,2,293.27,1.12,N,2
-16.11675,33.76067,308.26,0.38,0.36,2026-02-18,2305,SNPP,SNPP,n,2,291.96,0.93,N,2
-16.12065,33.76371,310.46,0.38,0.36,2026-02-18,2305,SNPP,SNPP,n,2,292.52,1.12,N,2
-16.12398,33.76314,308.4,0.38,0.36,2026-02-18,2305,SNPP,SNPP,n,2,292.64,1.12,N,2
-16.12787,33.76614,305.82,0.38,0.36,2026-02-18,2305,SNPP,SNPP,n,2,292.23,0.89,N,2
-16.12844,33.76974,308.07,0.38,0.36,2026-02-18,2305,SNPP,SNPP,n,2,291.6,0.89,N,2
-16.13177,33.76917,306.01,0.38,0.36,2026-02-18,2305,SNPP,SNPP,n,2,292.1,0.89,N,2
-16.13453,33.76501,305.11,0.38,0.36,2026-02-18,2305,SNPP,SNPP,n,2,291.57,0.75,N,0
-16.1351,33.76861,305.7,0.38,0.36,2026-02-18,2305,SNPP,SNPP,n,2,291.92,0.75,N,2
-16.131,33.7213,307.94,0.38,0.36,2026-02-18,2305,SNPP,SNPP,n,2,291.92,0.96,N,2
-16.13376,33.71714,309.77,0.38,0.36,2026-02-18,2305,SNPP,SNPP,n,2,292.83,2.14,N,2
-16.13433,33.72074,309.58,0.38,0.36,2026-02-18,2305,SNPP,SNPP,n,2,292.02,1.27,N,2
-16.19426,33.83985,308.01,0.38,0.36,2026-02-18,2305,SNPP,SNPP,n,2,291.61,0.98,N,0
-16.19759,33.83928,311.54,0.38,0.36,2026-02-18,2305,SNPP,SNPP,n,2,292.22,0.98,N,0
-16.20092,33.83872,308.59,0.38,0.36,2026-02-18,2305,SNPP,SNPP,n,2,291.38,1.38,N,0
-16.20149,33.84232,307.99,0.38,0.36,2026-02-18,2305,SNPP,SNPP,n,2,291.06,1.78,N,0
-16.20815,33.84119,305.98,0.38,0.36,2026-02-18,2305,SNPP,SNPP,n,2,291.16,0.96,N,0
-21.74844,35.06004,304.17,0.43,0.38,2026-02-18,2306,SNPP,SNPP,n,2,292.09,1.03,N,2
-19.74052,34.84042,305.48,0.41,0.37,2026-02-18,2306,SNPP,SNPP,n,2,291.65,0.53,N,0
-23.87349,32.04076,312.74,0.38,0.36,2026-02-18,2307,SNPP,SNPP,n,2,293.74,1.38,N,0
-23.87016,32.04138,314.94,0.38,0.36,2026-02-18,2307,SNPP,SNPP,n,2,293.75,1.38,N,0
-26.39354,32.65038,309.83,0.39,0.37,2026-02-18,2308,SNPP,SNPP,n,2,291.93,0.8,N,2
-25.69164,32.2178,332.8,0.39,0.36,2026-02-19,1134,SNPP,SNPP,n,2,302.09,1.45,D,0
-25.65757,32.70655,346.32,0.39,0.36,2026-02-19,1134,SNPP,SNPP,n,2,300.79,9.83,D,0
-25.65924,32.57979,336.82,0.39,0.36,2026-02-19,1134,SNPP,SNPP,n,2,305.58,0.97,D,0
-25.35969,32.77192,338.2,0.39,0.36,2026-02-19,1134,SNPP,SNPP,n,2,304.6,2.69,D,0
-25.43252,32.67449,338.87,0.39,0.36,2026-02-19,1134,SNPP,SNPP,n,2,306.29,2.83,D,0
-25.43178,32.58724,336.36,0.39,0.36,2026-02-19,1134,SNPP,SNPP,n,2,305.38,1.38,D,0
-25.37246,32.77818,332.27,0.39,0.36,2026-02-19,1134,SNPP,SNPP,l,2,306.14,2.11,D,0
-25.36464,32.78465,341.77,0.39,0.36,2026-02-19,1134,SNPP,SNPP,n,2,308.81,5.78,D,0
-22.69836,35.46739,343.45,0.44,0.38,2026-02-19,1135,SNPP,SNPP,n,2,298.81,21.97,D,0
-22.63923,31.91702,335.83,0.39,0.36,2026-02-19,1135,SNPP,SNPP,n,2,304.11,2.98,D,0
-21.98554,35.0878,334.91,0.43,0.38,2026-02-19,1135,SNPP,SNPP,n,2,299.22,1.56,D,0
-21.73805,35.15867,345.1,0.44,0.38,2026-02-19,1135,SNPP,SNPP,n,2,301.65,27.47,D,0
-25.31034,32.34327,334.11,0.39,0.36,2026-02-19,1135,SNPP,SNPP,n,2,306.64,2.35,D,0
-25.12847,33.47698,351.9,0.38,0.36,2026-02-19,1135,SNPP,SNPP,n,2,304.57,32.13,D,0
-25.12514,33.47636,342.7,0.38,0.36,2026-02-19,1135,SNPP,SNPP,n,2,309.54,32.13,D,0
-25.12181,33.47574,341.92,0.38,0.36,2026-02-19,1135,SNPP,SNPP,n,2,302.74,2.57,D,0
-25.08791,33.47333,341.06,0.38,0.36,2026-02-19,1135,SNPP,SNPP,n,2,310.89,5.86,D,0
-24.6376,34.5681,336.03,0.4,0.37,2026-02-19,1135,SNPP,SNPP,n,2,301.38,1.92,D,0
-24.03301,34.86263,332.78,0.41,0.37,2026-02-19,1135,SNPP,SNPP,n,2,302.21,3.07,D,0
-23.95645,33.97932,337.12,0.39,0.36,2026-02-19,1135,SNPP,SNPP,n,2,303.62,4.02,D,0
-23.95371,33.97483,333.51,0.39,0.36,2026-02-19,1135,SNPP,SNPP,l,2,304.87,3.18,D,0
-23.87923,34.26458,354.07,0.4,0.37,2026-02-19,1135,SNPP,SNPP,n,2,306.72,17.01,D,0
-23.03661,35.43516,337.3,0.44,0.38,2026-02-19,1135,SNPP,SNPP,n,2,299.23,5.2,D,0
-22.98506,35.4382,340.38,0.44,0.38,2026-02-19,1135,SNPP,SNPP,n,2,297.4,5.51,D,0
-19.07527,34.14839,332.27,0.43,0.38,2026-02-19,1136,SNPP,SNPP,n,2,298.79,1.71,D,0
-20.30148,32.89685,334.47,0.39,0.36,2026-02-19,1136,SNPP,SNPP,n,2,298.51,4.01,D,0
-20.21888,32.92908,334.02,0.39,0.36,2026-02-19,1136,SNPP,SNPP,n,2,296.46,1.59,D,0
-20.21554,32.92846,333.71,0.39,0.36,2026-02-19,1136,SNPP,SNPP,n,2,295.11,0.92,D,0
-20.20451,32.91113,334.54,0.39,0.36,2026-02-19,1136,SNPP,SNPP,n,2,299.7,8.34,D,0
-20.18756,32.93114,340.71,0.39,0.36,2026-02-19,1136,SNPP,SNPP,n,2,296.8,3.85,D,0
-19.88953,34.16285,336.93,0.42,0.38,2026-02-19,1136,SNPP,SNPP,n,2,295.28,9.27,D,0
-19.8902,34.15881,331.59,0.42,0.38,2026-02-19,1136,SNPP,SNPP,n,2,298.13,10.36,D,0
-19.74284,34.21912,335.01,0.42,0.38,2026-02-19,1136,SNPP,SNPP,n,2,297.17,3.09,D,0
-19.73064,34.12131,334.67,0.42,0.38,2026-02-19,1136,SNPP,SNPP,n,2,296.94,2.23,D,0
-19.72965,34.12131,332.06,0.42,0.38,2026-02-19,1136,SNPP,SNPP,n,2,296.9,2.43,D,0
-19.50768,35.09275,335.15,0.46,0.39,2026-02-19,1136,SNPP,SNPP,n,2,293.19,3.31,D,0
-19.77522,33.347,336.51,0.4,0.37,2026-02-19,1136,SNPP,SNPP,n,2,294,4.21,D,0
-19.62441,33.37114,330.9,0.4,0.37,2026-02-19,1136,SNPP,SNPP,n,2,294.99,8.03,D,0
-19.62502,33.36735,331.04,0.4,0.37,2026-02-19,1136,SNPP,SNPP,n,2,296.68,8.28,D,0
-19.15988,34.46094,335.36,0.44,0.38,2026-02-19,1136,SNPP,SNPP,n,2,299.25,2.55,D,0
-19.15496,34.42567,337.21,0.44,0.38,2026-02-19,1136,SNPP,SNPP,n,2,300.15,6.86,D,0
-19.14295,34.43201,336.03,0.44,0.38,2026-02-19,1136,SNPP,SNPP,n,2,298.78,3.13,D,0
-19.17492,34.13331,339.76,0.43,0.38,2026-02-19,1136,SNPP,SNPP,n,2,300.61,26.79,D,0
-19.14434,34.14431,330.81,0.43,0.38,2026-02-19,1136,SNPP,SNPP,n,2,299.13,1.92,D,0
-19.11527,34.21049,336.83,0.43,0.38,2026-02-19,1136,SNPP,SNPP,n,2,299.54,6.41,D,0
-19.10958,34.17994,332.38,0.43,0.38,2026-02-19,1136,SNPP,SNPP,n,2,300.43,3.25,D,0
-19.07491,34.1493,333.39,0.43,0.38,2026-02-19,1136,SNPP,SNPP,n,2,298.87,1.62,D,0
-18.74069,35.53689,340.91,0.49,0.41,2026-02-19,1136,SNPP,SNPP,n,2,297.03,7.41,D,0
-18.73695,35.53617,334.78,0.49,0.41,2026-02-19,1136,SNPP,SNPP,n,2,296.01,4.67,D,0
-19.08159,33.3563,330.42,0.4,0.37,2026-02-19,1136,SNPP,SNPP,l,2,300.49,2.08,D,0
-18.36108,35.77124,333.79,0.51,0.41,2026-02-19,1136,SNPP,SNPP,n,2,295.41,3.08,D,0
-18.36348,35.76831,334.55,0.52,0.41,2026-02-19,1136,SNPP,SNPP,n,2,292.64,1.9,D,0
-18.50959,34.56596,334.33,0.45,0.39,2026-02-19,1136,SNPP,SNPP,n,2,299.29,3.78,D,0
-18.49813,34.56823,335.7,0.45,0.39,2026-02-19,1136,SNPP,SNPP,n,2,298.96,5.69,D,0
-18.49887,34.56396,331.53,0.45,0.39,2026-02-19,1136,SNPP,SNPP,n,2,297.61,4.06,D,0
-18.40604,34.60114,330.73,0.45,0.39,2026-02-19,1136,SNPP,SNPP,n,2,299.3,4.36,D,0
-18.66096,32.97543,330.22,0.4,0.37,2026-02-19,1136,SNPP,SNPP,n,2,295.98,2.73,D,0
-18.17419,35.80068,335.08,0.52,0.42,2026-02-19,1136,SNPP,SNPP,n,2,295.45,5.05,D,0
-17.79298,35.23812,330.3,0.49,0.4,2026-02-19,1136,SNPP,SNPP,n,2,292.29,3.37,D,0
-17.66651,33.44453,335.64,0.42,0.37,2026-02-19,1137,SNPP,SNPP,n,2,298.62,4.46,D,0
-17.17546,35.20304,331.7,0.5,0.41,2026-02-19,1137,SNPP,SNPP,n,2,296.1,2.22,D,0
-16.11749,33.75806,306.66,0.56,0.43,2026-02-19,2246,SNPP,SNPP,n,2,285.48,2.15,N,2
-16.12239,33.76255,310.72,0.56,0.43,2026-02-19,2246,SNPP,SNPP,n,2,286.95,3.54,N,2
-16.1273,33.76707,305.34,0.56,0.43,2026-02-19,2246,SNPP,SNPP,n,2,286.52,1.78,N,2
-16.19948,33.83763,308.14,0.55,0.43,2026-02-19,2246,SNPP,SNPP,n,2,286.85,2.62,N,0
-16.20042,33.84282,303.72,0.55,0.43,2026-02-19,2246,SNPP,SNPP,n,2,286.95,2.34,N,0
-26.39548,32.6526,304.27,0.46,0.39,2026-02-19,2249,SNPP,SNPP,n,2,291.66,1.02,N,2
-26.395,32.65062,305.4,0.46,0.39,2026-02-19,2249,SNPP,SNPP,n,2,291.21,1.32,N,2
-25.20933,32.81988,330.38,0.56,0.43,2026-02-20,1116,SNPP,SNPP,l,2,300.77,4.29,D,0
-24.66606,33.70753,334.18,0.49,0.41,2026-02-20,1116,SNPP,SNPP,n,2,302.57,3.73,D,0
-24.63155,33.1342,336.25,0.53,0.42,2026-02-20,1116,SNPP,SNPP,n,2,299.63,7.54,D,0
-23.74223,34.84111,334.07,0.43,0.38,2026-02-20,1116,SNPP,SNPP,n,2,296.89,5,D,0
-23.7387,34.84055,348.1,0.43,0.38,2026-02-20,1116,SNPP,SNPP,n,2,298.84,5,D,0
-20.64867,32.69886,331,0.5,0.41,2026-02-20,1117,SNPP,SNPP,n,2,293.97,3.59,D,0
-19.59964,33.27409,330.12,0.46,0.39,2026-02-20,1117,SNPP,SNPP,n,2,292.59,2.19,D,0
-19.2712,35.54445,367,0.39,0.36,2026-02-20,1117,SNPP,SNPP,h,2,300.34,10.47,D,0
-19.23475,33.71933,334.03,0.44,0.38,2026-02-20,1117,SNPP,SNPP,n,2,293.59,2.1,D,0
-18.7253,35.4809,348.97,0.39,0.36,2026-02-20,1117,SNPP,SNPP,n,2,299.69,21.58,D,0
-18.37284,35.88876,335.18,0.38,0.36,2026-02-20,1117,SNPP,SNPP,n,2,302.3,3.74,D,0
-18.31295,34.73663,333.48,0.4,0.37,2026-02-20,1118,SNPP,SNPP,n,2,297.66,5.51,D,0
-18.01032,35.62985,333,0.39,0.36,2026-02-20,1118,SNPP,SNPP,n,2,299.58,2.1,D,0
-17.65977,35.55328,334.33,0.39,0.36,2026-02-20,1118,SNPP,SNPP,n,2,299.01,2.9,D,0
-17.77973,34.57117,331.65,0.4,0.37,2026-02-20,1118,SNPP,SNPP,l,2,295.81,3.81,D,0
-16.69086,36.58651,331.01,0.39,0.36,2026-02-20,1118,SNPP,SNPP,n,2,295.59,1.73,D,0
-15.88927,38.01364,340.43,0.42,0.38,2026-02-20,1118,SNPP,SNPP,n,2,297.09,4.28,D,0
-15.40877,40.17098,332.41,0.54,0.42,2026-02-20,1118,SNPP,SNPP,n,2,295.15,5.49,D,0
-15.21475,40.15611,333.57,0.55,0.42,2026-02-20,1118,SNPP,SNPP,n,2,297.49,3.3,D,0
-15.0256,40.42969,342.99,0.57,0.43,2026-02-20,1118,SNPP,SNPP,n,2,296.25,7.65,D,0
-15.04415,40.21147,335.4,0.55,0.43,2026-02-20,1118,SNPP,SNPP,n,2,296.69,3.3,D,0
-15.04021,40.21078,334.1,0.55,0.43,2026-02-20,1118,SNPP,SNPP,n,2,295.59,3.3,D,0
-15.0416,40.20827,345.08,0.55,0.43,2026-02-20,1118,SNPP,SNPP,n,2,293.27,7.48,D,0
-15.11836,39.22073,301.72,0.53,0.42,2026-02-20,2227,SNPP,SNPP,n,2,289.17,1.65,N,0
-19.55982,34.67322,305.11,0.56,0.51,2026-02-20,2228,SNPP,SNPP,n,2,291.04,0.54,N,0
-26.39286,32.65124,305,0.54,0.51,2026-02-20,2230,SNPP,SNPP,n,2,292.85,1.66,N,2
-26.67189,32.78606,344.36,0.37,0.58,2026-02-21,1056,SNPP,SNPP,n,2,297.42,4.96,D,0
-26.55778,32.48328,330.45,0.39,0.59,2026-02-21,1056,SNPP,SNPP,n,2,296.89,3.31,D,0
-26.55874,32.4836,334.71,0.39,0.59,2026-02-21,1056,SNPP,SNPP,n,2,297.48,2.18,D,0
-25.71484,32.1123,333.74,0.4,0.6,2026-02-21,1057,SNPP,SNPP,n,2,297.34,4.67,D,0
-22.97257,35.34589,346.43,0.47,0.48,2026-02-21,1057,SNPP,SNPP,n,2,302.37,6.31,D,0
-22.95161,35.08393,330.08,0.49,0.48,2026-02-21,1057,SNPP,SNPP,n,2,300.71,2.92,D,0
-22.17073,34.97818,344.63,0.48,0.48,2026-02-21,1058,SNPP,SNPP,n,2,298.82,6.36,D,0
-22.07835,34.94723,347.2,0.49,0.48,2026-02-21,1058,SNPP,SNPP,n,2,301.08,9.95,D,0
-22.07687,34.94429,349.87,0.49,0.48,2026-02-21,1058,SNPP,SNPP,n,2,302.39,15.42,D,0
-22.07741,34.93954,341.31,0.49,0.48,2026-02-21,1058,SNPP,SNPP,n,2,300.55,7.96,D,0
-21.60754,35.47528,343.01,0.44,0.46,2026-02-21,1058,SNPP,SNPP,n,2,303.32,20.54,D,0
-21.60804,35.47082,335.14,0.44,0.46,2026-02-21,1058,SNPP,SNPP,n,2,303.01,20.54,D,0
-21.60625,35.4716,354.47,0.44,0.46,2026-02-21,1058,SNPP,SNPP,n,2,304.07,32.32,D,0
-19.21125,34.47925,333.25,0.48,0.48,2026-02-21,1058,SNPP,SNPP,n,2,297.93,3.79,D,0
-16.8338,36.21354,335.92,0.53,0.42,2026-02-21,1059,SNPP,SNPP,n,2,294.06,5,D,0
-13.36549,40.35396,335.46,0.39,0.36,2026-02-21,1100,SNPP,SNPP,n,2,296.53,3.94,D,0
-10.83808,40.4254,336.57,0.39,0.37,2026-02-21,1101,SNPP,SNPP,n,2,299.1,2.67,D,0
-26.6736,32.78804,331.34,0.68,0.74,2026-02-21,1237,SNPP,SNPP,n,2,293.99,4.63,D,0
-26.55826,32.4843,341.75,0.66,0.73,2026-02-21,1237,SNPP,SNPP,n,2,291.74,6.32,D,0
-26.5588,32.48077,330.26,0.66,0.73,2026-02-21,1237,SNPP,SNPP,n,2,290.54,9.75,D,0
-25.60612,32.71498,329.85,0.71,0.75,2026-02-21,1237,SNPP,SNPP,n,2,293.12,4.07,D,0
-16.11936,33.7587,302.57,0.74,0.76,2026-02-21,2209,SNPP,SNPP,n,2,286.2,2.01,N,2
-16.19994,33.83576,302,0.73,0.76,2026-02-21,2209,SNPP,SNPP,n,2,286.19,2.55,N,0
-16.1968,33.83886,302.23,0.73,0.76,2026-02-21,2209,SNPP,SNPP,n,2,286.24,2.33,N,0
-19.5581,34.67049,302.81,0.55,0.68,2026-02-21,2210,SNPP,SNPP,n,2,289.66,0.44,N,0
-21.61452,35.47313,317.68,0.45,0.63,2026-02-21,2210,SNPP,SNPP,n,2,292.71,1.84,N,0
-16.13118,33.76736,299.34,0.46,0.64,2026-02-21,2349,SNPP,SNPP,n,2,287.24,3.14,N,2
-22.6118,32.21831,304.23,0.43,0.62,2026-02-21,2351,SNPP,SNPP,n,2,289.47,0.09,N,0
-24.12331,34.98172,331.83,0.51,0.66,2026-02-22,1038,SNPP,SNPP,n,2,293.99,4.3,D,0
-23.13698,35.4777,339.65,0.46,0.64,2026-02-22,1038,SNPP,SNPP,n,2,297.49,5.37,D,0
-22.87082,35.25176,367,0.47,0.64,2026-02-22,1038,SNPP,SNPP,h,2,295.7,10.71,D,0
-21.61597,35.47537,329.76,0.44,0.63,2026-02-22,1039,SNPP,SNPP,n,2,294.49,3.8,D,0
-19.08155,33.35463,333.27,0.57,0.69,2026-02-22,1040,SNPP,SNPP,n,2,295.75,3.53,D,0
-18.83088,35.83379,336.27,0.39,0.59,2026-02-22,1040,SNPP,SNPP,n,2,294.4,3.78,D,0
-18.46824,33.7792,344.29,0.53,0.67,2026-02-22,1040,SNPP,SNPP,n,2,289.48,8.78,D,0
-17.50238,35.82647,326.96,0.38,0.59,2026-02-22,1040,SNPP,SNPP,n,2,293.17,2.78,D,0
-17.50233,35.82547,329.88,0.38,0.59,2026-02-22,1040,SNPP,SNPP,n,2,292.78,3.15,D,0
-17.18217,36.16754,334.12,0.36,0.57,2026-02-22,1040,SNPP,SNPP,n,2,292.53,2.72,D,0
-25.19827,32.58107,337.57,0.38,0.59,2026-02-22,1218,SNPP,SNPP,n,2,293.16,3.55,D,0
-24.60934,33.5358,341.35,0.44,0.63,2026-02-22,1219,SNPP,SNPP,n,2,291.52,6.08,D,0
-24.6038,33.53843,333.06,0.44,0.63,2026-02-22,1219,SNPP,SNPP,n,2,292.73,3.27,D,0
-24.60479,33.5342,334.32,0.44,0.63,2026-02-22,1219,SNPP,SNPP,n,2,292,3.27,D,0
-22.90881,35.45955,336.03,0.63,0.72,2026-02-22,1219,SNPP,SNPP,n,2,293.88,7,D,0
-22.82459,35.40207,338.75,0.63,0.72,2026-02-22,1219,SNPP,SNPP,n,2,294.45,5.91,D,0
-22.44481,35.40797,350.6,0.64,0.72,2026-02-22,1219,SNPP,SNPP,n,2,294.17,9.07,D,0
-22.25756,35.46646,332.01,0.65,0.73,2026-02-22,1219,SNPP,SNPP,n,2,294.95,3.33,D,0
-21.82677,35.2462,334.86,0.64,0.72,2026-02-22,1219,SNPP,SNPP,n,2,292.79,6.09,D,0
-21.82621,35.24255,335.69,0.64,0.72,2026-02-22,1219,SNPP,SNPP,n,2,292.5,5.84,D,0
-18.0363,34.75308,333.54,0.73,0.76,2026-02-22,1220,SNPP,SNPP,n,2,292.85,4.31,D,0
-18.57557,34.53032,327.44,0.68,0.74,2026-02-22,1220,SNPP,SNPP,n,2,289.18,4.03,D,0
-15.65901,37.65258,298.9,0.4,0.6,2026-02-22,2330,SNPP,SNPP,n,2,286.36,0.63,N,0
-16.20005,33.84124,308.81,0.46,0.47,2026-02-22,2330,SNPP,SNPP,n,2,292.76,3.1,N,0
-16.2088,33.8401,302.04,0.46,0.47,2026-02-22,2330,SNPP,SNPP,n,2,290.91,0.89,N,0
-16.72676,37.28616,306.87,0.39,0.59,2026-02-22,2330,SNPP,SNPP,n,2,289.03,0.12,N,0
-21.616,35.46824,304.74,0.34,0.56,2026-02-22,2332,SNPP,SNPP,n,2,292.84,0.8,N,0
-21.62123,35.46761,303.6,0.34,0.56,2026-02-22,2332,SNPP,SNPP,n,2,293.12,1.27,N,0
-21.62157,35.47094,316.08,0.34,0.56,2026-02-22,2332,SNPP,SNPP,n,2,293.06,1.11,N,0
-21.74925,35.06021,304.09,0.32,0.55,2026-02-22,2332,SNPP,SNPP,n,2,292.28,0.4,N,2
-26.63679,32.80161,307.23,0.53,0.5,2026-02-22,2333,SNPP,SNPP,n,2,288.16,0.72,N,0
-26.64148,32.80097,300.42,0.53,0.5,2026-02-22,2333,SNPP,SNPP,n,2,287.84,0.72,N,0
-15.35754,40.23108,334.39,0.38,0.58,2026-02-23,1022,SNPP,SNPP,n,2,293.07,2.43,D,0
-15.30891,40.17111,331.33,0.38,0.59,2026-02-23,1022,SNPP,SNPP,n,2,294.29,3.43,D,0
-15.13896,40.33731,330.83,0.37,0.58,2026-02-23,1022,SNPP,SNPP,n,2,292.17,3.48,D,0
-25.72553,32.67773,333.03,0.39,0.44,2026-02-23,1200,SNPP,SNPP,n,2,295.8,3.61,D,0
-25.72633,32.6737,340.79,0.39,0.44,2026-02-23,1200,SNPP,SNPP,n,2,296.61,3.61,D,0
-25.23622,33.28156,330.26,0.43,0.46,2026-02-23,1200,SNPP,SNPP,n,2,299.53,2.82,D,0
-25.1167,33.65667,342.42,0.46,0.47,2026-02-23,1200,SNPP,SNPP,n,2,307.64,8.98,D,0
-25.11237,33.65564,367,0.46,0.47,2026-02-23,1200,SNPP,SNPP,h,2,307.5,14.21,D,0
-25.11328,33.65112,342.47,0.46,0.47,2026-02-23,1200,SNPP,SNPP,n,2,301.91,14.21,D,0
-24.89967,34.09357,341.59,0.49,0.49,2026-02-23,1200,SNPP,SNPP,n,2,300.03,3.63,D,0
-24.89239,34.06094,330.8,0.49,0.48,2026-02-23,1200,SNPP,SNPP,n,2,299.98,2.77,D,0
-25.02213,33.42817,333.69,0.45,0.47,2026-02-23,1200,SNPP,SNPP,n,2,296.19,1.59,D,0
-24.85199,34.09745,341.17,0.49,0.49,2026-02-23,1200,SNPP,SNPP,n,2,297.85,3.41,D,0
-24.85529,34.09944,341.38,0.49,0.49,2026-02-23,1200,SNPP,SNPP,n,2,297.88,4.35,D,0
-24.75451,33.31217,346.06,0.44,0.46,2026-02-23,1200,SNPP,SNPP,n,2,294.98,7.15,D,0
-23.82936,32.06653,346.24,0.39,0.44,2026-02-23,1200,SNPP,SNPP,n,2,301.81,6.07,D,0
-22.88113,35.4144,353.85,0.32,0.55,2026-02-23,1200,SNPP,SNPP,n,2,298.32,4.01,D,0
-22.80927,35.44098,341.56,0.33,0.55,2026-02-23,1200,SNPP,SNPP,n,2,294.14,3.53,D,0
-22.55922,35.4432,367,0.33,0.55,2026-02-23,1200,SNPP,SNPP,h,2,296.35,10.71,D,0
-22.53019,35.42929,352.94,0.33,0.55,2026-02-23,1200,SNPP,SNPP,n,2,296.32,8.23,D,0
-22.53089,35.42605,349.44,0.33,0.55,2026-02-23,1200,SNPP,SNPP,n,2,296.14,5.8,D,0
-20.38475,32.94943,333.11,0.51,0.49,2026-02-23,1201,SNPP,SNPP,n,2,295.77,1.39,D,0
-19.80526,34.92582,332.13,0.35,0.56,2026-02-23,1201,SNPP,SNPP,n,2,300.23,2.16,D,0
-20.19422,32.98359,332.41,0.52,0.5,2026-02-23,1201,SNPP,SNPP,n,2,295.15,3.14,D,0
-19.68603,34.87505,331.95,0.35,0.56,2026-02-23,1201,SNPP,SNPP,n,2,300.01,1.54,D,0
-20.06079,32.96592,347.01,0.52,0.5,2026-02-23,1201,SNPP,SNPP,n,2,297.98,9.48,D,0
-18.55792,34.53628,337.14,0.35,0.56,2026-02-23,1201,SNPP,SNPP,n,2,298.81,2.2,D,0
-18.55,34.5484,334.92,0.35,0.57,2026-02-23,1201,SNPP,SNPP,n,2,299.51,2.09,D,0
-18.47046,34.58992,352.22,0.35,0.57,2026-02-23,1201,SNPP,SNPP,n,2,303.18,5.18,D,0
-17.90801,35.52738,332.8,0.41,0.61,2026-02-23,1201,SNPP,SNPP,n,2,290.34,2.62,D,0
-17.50018,35.89537,342.84,0.44,0.63,2026-02-23,1202,SNPP,SNPP,n,2,295.19,3.99,D,0
-17.58487,35.41098,335.34,0.41,0.61,2026-02-23,1202,SNPP,SNPP,n,2,295.48,3.53,D,0
-17.48912,35.69403,333.66,0.43,0.62,2026-02-23,1202,SNPP,SNPP,n,2,294.53,3.22,D,0
-17.43145,35.68039,334.25,0.43,0.62,2026-02-23,1202,SNPP,SNPP,n,2,295.98,4.86,D,0
-17.35289,35.85145,331.07,0.44,0.63,2026-02-23,1202,SNPP,SNPP,n,2,295.34,3.88,D,0
-17.34033,35.46101,339.06,0.42,0.61,2026-02-23,1202,SNPP,SNPP,n,2,297.31,2.88,D,0
-15.65603,37.65147,301.36,0.39,0.44,2026-02-23,2311,SNPP,SNPP,n,2,290.6,0.24,N,0
-15.88742,33.02477,304.91,0.39,0.36,2026-02-23,2311,SNPP,SNPP,n,2,291.88,0.47,N,2
-25.90043,32.43402,312.16,0.43,0.38,2026-02-23,2314,SNPP,SNPP,n,2,289.77,1.07,N,2
-25.80321,31.9746,347.27,0.38,0.36,2026-02-24,1141,SNPP,SNPP,n,2,302.53,6.59,D,0
-25.47192,32.87678,331.06,0.39,0.36,2026-02-24,1141,SNPP,SNPP,l,2,302.11,2.05,D,0
-25.3805,32.77026,336.02,0.39,0.36,2026-02-24,1141,SNPP,SNPP,l,2,307.61,2.24,D,0
-25.30094,33.1973,336.41,0.4,0.37,2026-02-24,1141,SNPP,SNPP,n,2,302.31,3.01,D,0
-25.33467,32.9471,331.99,0.39,0.37,2026-02-24,1141,SNPP,SNPP,n,2,298.92,3.53,D,0
-25.13703,33.4291,331.38,0.41,0.37,2026-02-24,1141,SNPP,SNPP,n,2,292.19,2.55,D,0
-25.21333,32.81425,332.11,0.39,0.36,2026-02-24,1141,SNPP,SNPP,l,2,304.23,1.68,D,0
-25.17989,32.58374,337.17,0.39,0.36,2026-02-24,1141,SNPP,SNPP,n,2,304.58,2.84,D,0
-25.07868,33.16662,331.07,0.4,0.37,2026-02-24,1141,SNPP,SNPP,n,2,300.13,1.64,D,0
-24.76587,34.66474,333.13,0.45,0.39,2026-02-24,1141,SNPP,SNPP,n,2,302.22,2.16,D,0
-25.00789,33.00174,333.58,0.4,0.37,2026-02-24,1141,SNPP,SNPP,l,2,303.67,1.62,D,0
-24.04691,34.70376,336.01,0.46,0.39,2026-02-24,1141,SNPP,SNPP,l,2,307.22,6.35,D,0
-24.08771,34.34487,350.5,0.44,0.39,2026-02-24,1141,SNPP,SNPP,n,2,306.45,11.31,D,0
-24.15115,33.93702,332.63,0.43,0.38,2026-02-24,1141,SNPP,SNPP,n,2,288.3,3.22,D,0
-24.15187,33.93281,331.76,0.43,0.38,2026-02-24,1141,SNPP,SNPP,n,2,288.05,2.91,D,0
-23.93682,35.01002,336.55,0.47,0.4,2026-02-24,1141,SNPP,SNPP,n,2,303.31,8.37,D,0
-23.27215,35.45333,333,0.51,0.41,2026-02-24,1141,SNPP,SNPP,l,2,303.64,1.89,D,0
-23.22134,35.47343,335.79,0.51,0.41,2026-02-24,1141,SNPP,SNPP,n,2,303.91,3.56,D,0
-22.99996,35.51561,338.44,0.52,0.41,2026-02-24,1141,SNPP,SNPP,n,2,304.87,6.43,D,0
-22.99615,35.51484,335.56,0.52,0.41,2026-02-24,1141,SNPP,SNPP,n,2,300.94,4.2,D,0
-22.79155,35.40266,335.07,0.51,0.41,2026-02-24,1141,SNPP,SNPP,n,2,302.04,5.6,D,0
-22.78951,35.40018,336.49,0.51,0.41,2026-02-24,1141,SNPP,SNPP,n,2,302.16,5.42,D,0
-22.83289,33.13138,335.18,0.41,0.37,2026-02-24,1142,SNPP,SNPP,l,2,307.78,1.91,D,0
-22.36219,35.50119,338.55,0.53,0.42,2026-02-24,1142,SNPP,SNPP,n,2,298.73,4.17,D,0
-22.35835,35.50039,331.75,0.53,0.42,2026-02-24,1142,SNPP,SNPP,n,2,298.49,4.17,D,0
-22.16651,35.29723,348.2,0.52,0.41,2026-02-24,1142,SNPP,SNPP,n,2,302.05,7.83,D,0
-21.64255,35.21123,340.85,0.52,0.42,2026-02-24,1142,SNPP,SNPP,n,2,303.16,3.44,D,0
-21.6378,35.2155,331.79,0.52,0.42,2026-02-24,1142,SNPP,SNPP,l,2,304.71,3.98,D,0
-21.63873,35.21045,334.11,0.52,0.42,2026-02-24,1142,SNPP,SNPP,n,2,303.41,2.73,D,0
-20.58437,32.83239,331.82,0.42,0.38,2026-02-24,1142,SNPP,SNPP,n,2,300.58,1.28,D,0
-20.17534,32.94584,333.69,0.43,0.38,2026-02-24,1142,SNPP,SNPP,n,2,300.42,3.03,D,0
-20.17492,32.94643,335.41,0.43,0.38,2026-02-24,1142,SNPP,SNPP,n,2,300.48,3.52,D,0
-20.05102,33.12181,336.82,0.44,0.38,2026-02-24,1142,SNPP,SNPP,n,2,299.67,3.6,D,0
-19.61468,35.03405,350.02,0.55,0.42,2026-02-24,1142,SNPP,SNPP,n,2,303.43,10.82,D,0
-19.61564,35.02883,335.84,0.55,0.42,2026-02-24,1142,SNPP,SNPP,n,2,302.91,4.35,D,0
-19.68813,34.26271,338.06,0.5,0.41,2026-02-24,1142,SNPP,SNPP,n,2,305.22,5.78,D,0
-19.52627,35.12263,337.97,0.55,0.43,2026-02-24,1142,SNPP,SNPP,n,2,301.43,4.84,D,0
-19.52233,35.12185,333.6,0.55,0.43,2026-02-24,1142,SNPP,SNPP,n,2,301.94,3.09,D,0
-19.49684,35.17186,333.55,0.56,0.43,2026-02-24,1142,SNPP,SNPP,n,2,301.13,4.82,D,0
-19.63888,34.38698,336.55,0.5,0.41,2026-02-24,1142,SNPP,SNPP,n,2,303.63,34.86,D,0
-19.63975,34.38214,310.12,0.5,0.41,2026-02-24,1142,SNPP,SNPP,l,2,314.14,71.01,D,0
-19.42523,34.92643,340.75,0.54,0.42,2026-02-24,1142,SNPP,SNPP,n,2,305.7,5.86,D,0
-19.42133,34.92566,338.19,0.54,0.42,2026-02-24,1142,SNPP,SNPP,n,2,304.65,5.86,D,0
-19.64333,33.377,342.07,0.45,0.39,2026-02-24,1142,SNPP,SNPP,n,2,300.85,5.56,D,0
-19.62538,33.39538,332.42,0.45,0.39,2026-02-24,1142,SNPP,SNPP,n,2,301.07,7.27,D,0
-19.5887,33.39307,334.47,0.45,0.39,2026-02-24,1142,SNPP,SNPP,n,2,301.05,2.82,D,0
-19.29091,35.02129,337.62,0.55,0.43,2026-02-24,1142,SNPP,SNPP,n,2,306.49,4.37,D,0
-19.35624,34.23356,335.7,0.5,0.41,2026-02-24,1142,SNPP,SNPP,n,2,304.92,3.3,D,0
-19.11909,35.47718,338.77,0.39,0.44,2026-02-24,1142,SNPP,SNPP,n,2,301.02,3.65,D,0
-19.48175,33.44981,334.68,0.46,0.39,2026-02-24,1142,SNPP,SNPP,n,2,302.74,3.19,D,0
-19.04483,35.61092,345.2,0.4,0.44,2026-02-24,1142,SNPP,SNPP,n,2,297.83,4.86,D,0
-19.37582,33.65121,338.88,0.47,0.4,2026-02-24,1142,SNPP,SNPP,n,2,302.85,6.84,D,0
-19.12402,34.45266,333.74,0.52,0.41,2026-02-24,1142,SNPP,SNPP,l,2,304.33,7.15,D,0
-19.22929,33.76345,338.18,0.48,0.4,2026-02-24,1142,SNPP,SNPP,n,2,303.1,9.25,D,0
-18.80965,35.68763,333.02,0.41,0.45,2026-02-24,1142,SNPP,SNPP,n,2,301.38,2.15,D,0
-18.66938,36.09171,337.04,0.43,0.46,2026-02-24,1142,SNPP,SNPP,n,2,300.35,2.76,D,0
-18.62653,35.52555,330.45,0.4,0.44,2026-02-24,1143,SNPP,SNPP,l,2,300.96,4.16,D,0
-18.41405,35.9759,335.8,0.43,0.46,2026-02-24,1143,SNPP,SNPP,n,2,304.49,4.07,D,0
-18.57253,33.79781,334.15,0.49,0.4,2026-02-24,1143,SNPP,SNPP,n,2,303.24,4.97,D,0
-18.5425,33.81594,334.34,0.49,0.4,2026-02-24,1143,SNPP,SNPP,n,2,304.37,4.1,D,0
-18.54333,33.81128,333.22,0.49,0.4,2026-02-24,1143,SNPP,SNPP,n,2,302.48,4.1,D,0
-18.45355,34.0122,330.15,0.5,0.41,2026-02-24,1143,SNPP,SNPP,n,2,302.55,1.36,D,0
-18.63408,32.91236,331.35,0.44,0.39,2026-02-24,1143,SNPP,SNPP,n,2,296.12,2.63,D,0
-18.43932,34.0047,337.81,0.5,0.41,2026-02-24,1143,SNPP,SNPP,n,2,300.91,3.11,D,0
-18.19685,34.35413,331.54,0.53,0.42,2026-02-24,1143,SNPP,SNPP,l,2,305.59,5.76,D,0
-17.911,35.55182,333.93,0.42,0.45,2026-02-24,1143,SNPP,SNPP,l,2,306.55,3.36,D,0
-18.27865,33.13681,335.01,0.46,0.39,2026-02-24,1143,SNPP,SNPP,n,2,302.06,2.8,D,0
-17.83991,35.53684,345.27,0.42,0.45,2026-02-24,1143,SNPP,SNPP,n,2,306.58,4.66,D,0
-17.49049,35.89533,330.87,0.44,0.46,2026-02-24,1143,SNPP,SNPP,n,2,299.03,2.54,D,0
-17.42041,35.9734,345.65,0.45,0.47,2026-02-24,1143,SNPP,SNPP,n,2,301.83,5.59,D,0
-17.46809,35.69319,334.01,0.43,0.46,2026-02-24,1143,SNPP,SNPP,n,2,301.48,1.74,D,0
-17.48236,35.5457,341.76,0.42,0.45,2026-02-24,1143,SNPP,SNPP,n,2,305.5,5.56,D,0
-17.87628,33.32345,333.66,0.47,0.4,2026-02-24,1143,SNPP,SNPP,n,2,306.54,3.28,D,0
-17.36964,35.95873,330.82,0.45,0.47,2026-02-24,1143,SNPP,SNPP,n,2,299.78,2.39,D,0
-17.36831,35.95959,334.42,0.45,0.47,2026-02-24,1143,SNPP,SNPP,n,2,300.35,2.56,D,0
-17.38856,35.49105,331.84,0.42,0.45,2026-02-24,1143,SNPP,SNPP,n,2,303.6,2.2,D,0
-17.28215,35.80241,331.98,0.44,0.46,2026-02-24,1143,SNPP,SNPP,l,2,302.09,5.84,D,0
-17.27956,35.80239,335.59,0.44,0.46,2026-02-24,1143,SNPP,SNPP,n,2,299.86,4.24,D,0
-17.17584,36.14573,330.02,0.46,0.47,2026-02-24,1143,SNPP,SNPP,n,2,300.11,2.78,D,0
-17.1388,35.93195,333.57,0.45,0.47,2026-02-24,1143,SNPP,SNPP,n,2,300.52,2.44,D,0
-17.15647,35.6914,331.53,0.44,0.46,2026-02-24,1143,SNPP,SNPP,n,2,299.37,2.57,D,0
-17.15451,35.67822,341.5,0.44,0.46,2026-02-24,1143,SNPP,SNPP,n,2,301.61,5,D,0
-17.19415,35.3687,334.9,0.42,0.45,2026-02-24,1143,SNPP,SNPP,n,2,302.72,2.88,D,0
-17.02355,35.84714,336.55,0.45,0.47,2026-02-24,1143,SNPP,SNPP,n,2,300.08,3.25,D,0
-17.01416,35.70667,332.16,0.44,0.46,2026-02-24,1143,SNPP,SNPP,n,2,300.87,3.18,D,0
-16.86205,36.13467,333.6,0.47,0.48,2026-02-24,1143,SNPP,SNPP,n,2,296.77,4.46,D,0
-16.88664,35.95394,339.42,0.46,0.47,2026-02-24,1143,SNPP,SNPP,n,2,301.32,4.48,D,0
-16.81642,36.13515,339.83,0.47,0.48,2026-02-24,1143,SNPP,SNPP,n,2,301.16,6.74,D,0
-16.75318,36.34625,341.42,0.49,0.48,2026-02-24,1143,SNPP,SNPP,n,2,299.22,4.74,D,0
-16.74963,36.32818,331.46,0.49,0.48,2026-02-24,1143,SNPP,SNPP,n,2,300.29,3.49,D,0
-17.03784,34.6889,330.44,0.57,0.43,2026-02-24,1143,SNPP,SNPP,n,2,301.77,3.6,D,0
-16.74627,36.24694,335.89,0.48,0.48,2026-02-24,1143,SNPP,SNPP,n,2,299.67,4.64,D,0
-16.73452,35.96948,340.83,0.46,0.47,2026-02-24,1143,SNPP,SNPP,n,2,302.03,3.45,D,0
-16.79673,35.49775,332.97,0.43,0.46,2026-02-24,1143,SNPP,SNPP,n,2,302.91,3.24,D,0
-16.79776,35.49788,333.15,0.43,0.46,2026-02-24,1143,SNPP,SNPP,n,2,302.85,3.12,D,0
-16.65879,36.01336,341.84,0.47,0.47,2026-02-24,1143,SNPP,SNPP,n,2,301.27,5.24,D,0
-16.68921,35.70564,338.17,0.44,0.46,2026-02-24,1143,SNPP,SNPP,n,2,303.11,3.72,D,0
-16.46369,36.57498,332.89,0.51,0.49,2026-02-24,1143,SNPP,SNPP,n,2,295.34,2.21,D,0
-16.62187,35.72261,338.88,0.45,0.47,2026-02-24,1143,SNPP,SNPP,n,2,301.63,3.84,D,0
-16.65829,35.40388,331.05,0.43,0.46,2026-02-24,1143,SNPP,SNPP,n,2,302.25,2.2,D,0
-16.59912,35.65344,333.39,0.44,0.46,2026-02-24,1143,SNPP,SNPP,n,2,301.44,2.66,D,0
-16.58326,35.66722,341.05,0.44,0.46,2026-02-24,1143,SNPP,SNPP,n,2,303.33,5.41,D,0
-16.41915,36.46263,332.9,0.5,0.49,2026-02-24,1143,SNPP,SNPP,n,2,299.6,5.29,D,0
-16.58241,35.53007,345.75,0.44,0.46,2026-02-24,1143,SNPP,SNPP,n,2,302.29,5.98,D,0
-16.75504,34.45056,331.23,0.56,0.43,2026-02-24,1143,SNPP,SNPP,l,2,304.46,3.12,D,0
-16.45118,36.11162,334.76,0.48,0.48,2026-02-24,1143,SNPP,SNPP,n,2,301.49,1.93,D,0
-16.56529,35.48841,345.41,0.43,0.46,2026-02-24,1143,SNPP,SNPP,n,2,304.31,5.27,D,0
-16.75706,34.36958,331.14,0.56,0.43,2026-02-24,1143,SNPP,SNPP,l,2,302.04,4.99,D,0
-16.52782,35.57329,337.38,0.44,0.46,2026-02-24,1143,SNPP,SNPP,n,2,302.61,3.62,D,0
-16.11811,33.75807,316.71,0.46,0.39,2026-02-24,2252,SNPP,SNPP,n,2,299.33,2.7,N,2
-16.11886,33.76244,310.51,0.46,0.39,2026-02-24,2252,SNPP,SNPP,n,2,298.72,1.97,N,2
-16.12249,33.76175,311.57,0.46,0.39,2026-02-24,2252,SNPP,SNPP,n,2,299.11,1.97,N,2
-16.1339,33.71917,311.33,0.47,0.39,2026-02-24,2252,SNPP,SNPP,n,2,299.09,3.55,N,2
-16.19241,33.83973,311.04,0.46,0.39,2026-02-24,2252,SNPP,SNPP,n,2,297,1.8,N,0
-16.19601,33.83902,315.46,0.46,0.39,2026-02-24,2252,SNPP,SNPP,n,2,297.94,1.33,N,0
-16.19677,33.84333,309.05,0.46,0.39,2026-02-24,2252,SNPP,SNPP,n,2,296.85,1.33,N,0
-16.19962,33.83834,314.28,0.46,0.39,2026-02-24,2252,SNPP,SNPP,n,2,297.64,1.33,N,0
-16.20037,33.84264,306.54,0.46,0.39,2026-02-24,2252,SNPP,SNPP,n,2,296.01,1.33,N,0
-19.02655,35.71491,320.19,0.39,0.36,2026-02-24,2253,SNPP,SNPP,n,2,293.83,1.34,N,0
-19.05655,33.25184,309.1,0.45,0.39,2026-02-24,2253,SNPP,SNPP,n,2,291.78,0.5,N,0
-21.74717,35.05958,305.7,0.39,0.36,2026-02-24,2254,SNPP,SNPP,n,2,295.14,0.77,N,2
-22.82381,33.10788,310.94,0.42,0.38,2026-02-24,2254,SNPP,SNPP,n,2,289.72,1.34,N,0
-25.31779,32.84495,308.3,0.41,0.37,2026-02-24,2255,SNPP,SNPP,n,2,291.64,1.23,N,0
-26.79841,32.71211,339.5,0.49,0.4,2026-02-25,1122,SNPP,SNPP,n,2,300.93,4.51,D,0
-26.72023,32.85055,334.27,0.48,0.4,2026-02-25,1122,SNPP,SNPP,n,2,301.77,5.16,D,0
-26.50854,32.48714,330.59,0.5,0.41,2026-02-25,1122,SNPP,SNPP,l,2,303.08,5.13,D,0
-25.65514,32.76165,340.54,0.47,0.4,2026-02-25,1122,SNPP,SNPP,n,2,279.84,4.01,D,0
-25.65674,32.68871,330.09,0.48,0.4,2026-02-25,1122,SNPP,SNPP,n,2,288.18,2.72,D,0
-25.65458,32.6913,332.82,0.48,0.4,2026-02-25,1122,SNPP,SNPP,n,2,288.4,2.38,D,0
-25.58382,32.80188,332.45,0.47,0.4,2026-02-25,1122,SNPP,SNPP,n,2,285.32,2.91,D,0
-25.57905,32.17544,337.09,0.5,0.41,2026-02-25,1122,SNPP,SNPP,n,2,290.23,6.37,D,0
-25.19768,33.23877,344.75,0.45,0.39,2026-02-25,1122,SNPP,SNPP,n,2,295.85,2.67,D,0
-25.19409,33.23819,335.5,0.45,0.39,2026-02-25,1122,SNPP,SNPP,n,2,297.6,2.68,D,0
-25.1905,33.23762,334.98,0.45,0.39,2026-02-25,1122,SNPP,SNPP,n,2,298.14,2.68,D,0
-25.18332,33.23647,341.11,0.45,0.39,2026-02-25,1122,SNPP,SNPP,n,2,298.47,6.11,D,0
-24.6072,34.77986,337.37,0.4,0.37,2026-02-25,1122,SNPP,SNPP,n,2,302.23,2.22,D,0
-24.60381,34.77928,334.13,0.4,0.37,2026-02-25,1122,SNPP,SNPP,n,2,300.8,2.22,D,0
-24.45476,34.75011,331.06,0.4,0.37,2026-02-25,1122,SNPP,SNPP,n,2,300.05,2.9,D,0
-24.27455,35.17908,332.49,0.39,0.36,2026-02-25,1122,SNPP,SNPP,l,2,303.98,1.29,D,0
-24.21162,35.15237,330.29,0.39,0.36,2026-02-25,1122,SNPP,SNPP,l,2,303.78,0.79,D,0
-22.23721,35.0112,330.81,0.39,0.36,2026-02-25,1123,SNPP,SNPP,l,2,303.71,3.77,D,0
-22.15499,34.97758,331.8,0.39,0.36,2026-02-25,1123,SNPP,SNPP,l,2,304.6,1.8,D,0
-21.85622,34.04548,336.54,0.4,0.37,2026-02-25,1123,SNPP,SNPP,n,2,306.23,3.69,D,0
-20.68485,34.29011,347.93,0.39,0.36,2026-02-25,1123,SNPP,SNPP,n,2,309.44,5.7,D,0
-17.43068,35.69721,330.92,0.4,0.37,2026-02-25,1124,SNPP,SNPP,l,2,303.37,3.62,D,0
-19.71914,34.15624,338.8,0.39,0.36,2026-02-25,1124,SNPP,SNPP,n,2,306.17,4.84,D,0
-19.58746,34.96201,346.88,0.38,0.36,2026-02-25,1124,SNPP,SNPP,n,2,305.93,2.82,D,0
-19.83072,33.27411,344.74,0.41,0.37,2026-02-25,1124,SNPP,SNPP,n,2,299.59,7.79,D,0
-19.44975,34.93082,333.37,0.38,0.36,2026-02-25,1124,SNPP,SNPP,l,2,303.44,0.92,D,0
-19.61891,33.51131,332.22,0.4,0.37,2026-02-25,1124,SNPP,SNPP,n,2,301.29,2.2,D,0
-19.25696,35.54545,331.84,0.39,0.36,2026-02-25,1124,SNPP,SNPP,l,2,302.19,2.67,D,0
-19.25362,35.54487,331.67,0.39,0.36,2026-02-25,1124,SNPP,SNPP,l,2,302.76,2.67,D,0
-19.45987,34.14718,334.17,0.39,0.36,2026-02-25,1124,SNPP,SNPP,n,2,304.93,2.18,D,0
-19.44076,34.09081,330.9,0.39,0.36,2026-02-25,1124,SNPP,SNPP,l,2,305.81,1.97,D,0
-19.2918,34.98989,338.71,0.38,0.36,2026-02-25,1124,SNPP,SNPP,l,2,309.83,3.27,D,0
-19.4383,34.01425,334.84,0.39,0.36,2026-02-25,1124,SNPP,SNPP,n,2,304.14,2.52,D,0
-19.22646,35.11004,340.72,0.38,0.36,2026-02-25,1124,SNPP,SNPP,n,2,307.06,3.14,D,0
-19.36847,33.5106,333.64,0.4,0.37,2026-02-25,1124,SNPP,SNPP,n,2,304.16,1.23,D,0
-19.22124,34.48115,338.39,0.39,0.36,2026-02-25,1124,SNPP,SNPP,n,2,305.58,3.34,D,0
-19.04754,35.39125,333.16,0.39,0.36,2026-02-25,1124,SNPP,SNPP,l,2,305.02,3.13,D,0
-19.04811,35.38757,332.72,0.39,0.36,2026-02-25,1124,SNPP,SNPP,l,2,305.44,3.42,D,0
-19.17287,34.4392,336.03,0.39,0.36,2026-02-25,1124,SNPP,SNPP,n,2,302.23,1.37,D,0
-18.90172,35.89082,333.78,0.39,0.36,2026-02-25,1124,SNPP,SNPP,n,2,301.89,1.6,D,0
-19.12109,34.47243,343.18,0.39,0.36,2026-02-25,1124,SNPP,SNPP,n,2,307.14,22.72,D,0
-19.22524,33.75024,337.84,0.39,0.36,2026-02-25,1124,SNPP,SNPP,n,2,303.29,5,D,0
-19.11543,34.35106,336.6,0.39,0.36,2026-02-25,1124,SNPP,SNPP,l,2,309.89,3.95,D,0
-19.04198,34.02877,335.32,0.39,0.36,2026-02-25,1124,SNPP,SNPP,n,2,302.05,5.16,D,0
-19.03863,34.02822,336.86,0.39,0.36,2026-02-25,1124,SNPP,SNPP,n,2,301.87,5.16,D,0
-19.00601,34.13252,330.7,0.39,0.36,2026-02-25,1124,SNPP,SNPP,l,2,305.08,1.85,D,0
-18.76898,35.61168,349.34,0.39,0.36,2026-02-25,1124,SNPP,SNPP,n,2,302.75,3.19,D,0
-18.76957,35.60799,334.04,0.39,0.36,2026-02-25,1124,SNPP,SNPP,n,2,302.05,3.19,D,0
-18.76564,35.6111,341.01,0.39,0.36,2026-02-25,1124,SNPP,SNPP,n,2,307.63,5.95,D,0
-18.76622,35.6074,342.01,0.39,0.36,2026-02-25,1124,SNPP,SNPP,n,2,305.17,5.95,D,0
-18.76288,35.60682,340.55,0.39,0.36,2026-02-25,1124,SNPP,SNPP,n,2,302.57,5.95,D,0
-18.75715,35.60936,337.31,0.39,0.36,2026-02-25,1124,SNPP,SNPP,n,2,303.37,3.14,D,0
-18.75773,35.60567,335.32,0.39,0.36,2026-02-25,1124,SNPP,SNPP,n,2,304.05,3.14,D,0
-19.0224,33.80123,331.32,0.39,0.36,2026-02-25,1124,SNPP,SNPP,l,2,304.64,2.43,D,0
-19.01734,33.78897,331.18,0.39,0.36,2026-02-25,1124,SNPP,SNPP,l,2,304.93,2.19,D,0
-18.77033,35.30545,331.29,0.39,0.36,2026-02-25,1124,SNPP,SNPP,l,2,303.7,3.45,D,0
-18.98278,33.83665,336.81,0.39,0.36,2026-02-25,1124,SNPP,SNPP,n,2,304.73,2.99,D,0
-18.64447,35.55144,333.95,0.39,0.36,2026-02-25,1124,SNPP,SNPP,n,2,303.23,5.09,D,0
-18.6593,35.237,344.03,0.39,0.36,2026-02-25,1124,SNPP,SNPP,n,2,301.39,3.38,D,0
-18.81997,33.97677,330.52,0.39,0.36,2026-02-25,1124,SNPP,SNPP,n,2,303.18,2.32,D,0
-18.46957,36.03773,335.59,0.4,0.37,2026-02-25,1124,SNPP,SNPP,n,2,304.66,3.12,D,0
-18.31275,36.68364,337.98,0.41,0.37,2026-02-25,1124,SNPP,SNPP,n,2,303.28,2.67,D,0
-18.49348,35.55977,330.87,0.39,0.36,2026-02-25,1124,SNPP,SNPP,l,2,303.95,2.04,D,0
-18.85457,32.75624,333.3,0.41,0.37,2026-02-25,1124,SNPP,SNPP,n,2,304.91,5.03,D,0
-18.55498,34.68728,333.55,0.38,0.36,2026-02-25,1124,SNPP,SNPP,l,2,306.72,3.04,D,0
-18.55165,34.68672,343.8,0.38,0.36,2026-02-25,1124,SNPP,SNPP,n,2,306.95,6.64,D,0
-18.53279,34.69851,337.74,0.38,0.36,2026-02-25,1124,SNPP,SNPP,n,2,306.68,3.1,D,0
-18.51118,34.59396,338.22,0.38,0.36,2026-02-25,1124,SNPP,SNPP,n,2,307.36,3.52,D,0
-18.50452,34.57041,333.66,0.38,0.36,2026-02-25,1124,SNPP,SNPP,l,2,306.13,1.83,D,0
-18.32629,35.62911,336.78,0.39,0.36,2026-02-25,1124,SNPP,SNPP,n,2,304.66,2.65,D,0
-18.32467,35.62852,334.52,0.39,0.36,2026-02-25,1124,SNPP,SNPP,n,2,304.51,2.15,D,0
-18.46546,34.69804,339.11,0.38,0.36,2026-02-25,1124,SNPP,SNPP,l,2,310.14,2.71,D,0
-18.56809,33.92781,338.94,0.39,0.36,2026-02-25,1124,SNPP,SNPP,n,2,309.97,15.84,D,0
-18.25423,35.76883,333.16,0.39,0.36,2026-02-25,1124,SNPP,SNPP,n,2,304.92,1.71,D,0
-18.42833,34.56105,334.37,0.38,0.36,2026-02-25,1124,SNPP,SNPP,l,2,305.74,3.33,D,0
-18.64025,32.91027,331.44,0.41,0.37,2026-02-25,1124,SNPP,SNPP,l,2,297.87,7.73,D,0
-18.38673,34.58772,339.53,0.38,0.36,2026-02-25,1124,SNPP,SNPP,n,2,308.15,4.08,D,0
-18.4377,34.16961,335.79,0.39,0.36,2026-02-25,1124,SNPP,SNPP,n,2,303.51,5.69,D,0
-18.36146,34.58303,332.85,0.38,0.36,2026-02-25,1124,SNPP,SNPP,l,2,307.08,1.72,D,0
-18.44461,33.9639,331.65,0.39,0.36,2026-02-25,1124,SNPP,SNPP,n,2,303.86,1.44,D,0
-18.13174,35.88133,333.93,0.4,0.37,2026-02-25,1124,SNPP,SNPP,l,2,305.17,2.46,D,0
-17.79803,35.36244,333.29,0.39,0.36,2026-02-25,1124,SNPP,SNPP,l,2,308.12,4.03,D,0
-17.72109,35.67528,334.36,0.39,0.36,2026-02-25,1124,SNPP,SNPP,n,2,303.72,1.88,D,0
-17.73278,35.53641,332.94,0.39,0.36,2026-02-25,1124,SNPP,SNPP,l,2,307.38,1.68,D,0
-17.66037,35.8602,334.98,0.4,0.37,2026-02-25,1124,SNPP,SNPP,n,2,303.29,2.28,D,0
-17.64718,35.63166,338.63,0.39,0.36,2026-02-25,1124,SNPP,SNPP,n,2,304.46,3.52,D,0
-17.78103,34.57407,333.04,0.38,0.36,2026-02-25,1124,SNPP,SNPP,n,2,306.98,1.89,D,0
-17.4535,36.1899,333.95,0.41,0.37,2026-02-25,1124,SNPP,SNPP,n,2,303.02,2.17,D,0
-17.47239,36.02884,338.09,0.4,0.37,2026-02-25,1124,SNPP,SNPP,n,2,303.93,3.44,D,0
-17.53736,35.55574,333.93,0.39,0.36,2026-02-25,1124,SNPP,SNPP,n,2,303.64,4.51,D,0
-17.49638,35.70498,336.45,0.39,0.37,2026-02-25,1124,SNPP,SNPP,n,2,305.26,3.94,D,0
-17.51822,35.56767,335.03,0.39,0.36,2026-02-25,1124,SNPP,SNPP,n,2,302.67,1.41,D,0
-17.49302,35.7044,331.82,0.39,0.37,2026-02-25,1124,SNPP,SNPP,l,2,306.34,3.61,D,0
-17.47421,35.60565,330.51,0.39,0.36,2026-02-25,1124,SNPP,SNPP,l,2,302.23,2.02,D,0
-17.51839,35.20514,336.26,0.39,0.36,2026-02-25,1124,SNPP,SNPP,n,2,305.67,2.04,D,0
-17.39935,35.87249,334.95,0.4,0.37,2026-02-25,1124,SNPP,SNPP,n,2,302.48,3.78,D,0
-17.38664,35.84328,335.08,0.4,0.37,2026-02-25,1124,SNPP,SNPP,n,2,303.81,3.29,D,0
-17.38724,35.83953,333.52,0.4,0.37,2026-02-25,1124,SNPP,SNPP,n,2,302.72,3.29,D,0
-17.3789,35.82651,335.8,0.4,0.37,2026-02-25,1124,SNPP,SNPP,n,2,302.03,4.22,D,0
-17.43019,35.43859,334.35,0.39,0.36,2026-02-25,1124,SNPP,SNPP,n,2,302.97,2.8,D,0
-17.33407,35.95405,331.43,0.4,0.37,2026-02-25,1124,SNPP,SNPP,l,2,305.25,1.51,D,0
-17.34863,35.86362,335.12,0.4,0.37,2026-02-25,1124,SNPP,SNPP,n,2,300.45,3.3,D,0
-17.3491,35.81745,330.32,0.4,0.37,2026-02-25,1124,SNPP,SNPP,l,2,303.24,2.11,D,0
-17.36311,35.7085,345.97,0.4,0.37,2026-02-25,1124,SNPP,SNPP,n,2,305.59,3.87,D,0
-17.37145,35.65634,330.93,0.39,0.37,2026-02-25,1124,SNPP,SNPP,l,2,304.11,1.94,D,0
-17.32546,35.8133,341.28,0.4,0.37,2026-02-25,1124,SNPP,SNPP,n,2,305.3,6.46,D,0
-17.28189,35.90966,330.05,0.4,0.37,2026-02-25,1124,SNPP,SNPP,l,2,300.47,3.01,D,0
-17.27436,35.86965,333.04,0.4,0.37,2026-02-25,1124,SNPP,SNPP,n,2,302.44,6.86,D,0
-17.28339,35.74794,336.72,0.4,0.37,2026-02-25,1124,SNPP,SNPP,n,2,305.57,3.91,D,0
-17.23368,35.97117,335.07,0.4,0.37,2026-02-25,1124,SNPP,SNPP,n,2,304.43,3.04,D,0
-17.31372,35.44845,334.77,0.39,0.36,2026-02-25,1124,SNPP,SNPP,n,2,303.42,1.81,D,0
-17.48548,34.34203,334.7,0.38,0.36,2026-02-25,1124,SNPP,SNPP,l,2,308.69,1.35,D,0
-17.28592,35.58009,338.68,0.39,0.36,2026-02-25,1124,SNPP,SNPP,n,2,306.23,2.13,D,0
-17.25229,35.54379,338.07,0.39,0.36,2026-02-25,1124,SNPP,SNPP,n,2,308.15,2.25,D,0
-17.19951,35.76782,336.57,0.4,0.37,2026-02-25,1124,SNPP,SNPP,n,2,307.3,2.81,D,0
-17.13736,36.09092,334.48,0.4,0.37,2026-02-25,1124,SNPP,SNPP,l,2,305.11,2.74,D,0
-17.14234,35.95127,335.09,0.4,0.37,2026-02-25,1124,SNPP,SNPP,n,2,303.29,2.23,D,0
-17.16431,35.79261,341.46,0.4,0.37,2026-02-25,1124,SNPP,SNPP,n,2,305.04,4.74,D,0
-17.10734,36.12489,330.95,0.41,0.37,2026-02-25,1124,SNPP,SNPP,n,2,304.36,2.53,D,0
-17.15695,35.79517,330.37,0.4,0.37,2026-02-25,1124,SNPP,SNPP,l,2,304.14,3.14,D,0
-17.15755,35.79144,335.38,0.4,0.37,2026-02-25,1124,SNPP,SNPP,n,2,305.11,3.14,D,0
-17.13448,35.8918,335.29,0.4,0.37,2026-02-25,1124,SNPP,SNPP,n,2,302.87,2.16,D,0
-17.19561,35.46589,333.08,0.39,0.36,2026-02-25,1124,SNPP,SNPP,n,2,305.17,2.36,D,0
-17.18058,35.20333,338.32,0.39,0.36,2026-02-25,1124,SNPP,SNPP,n,2,306.68,3.66,D,0
-16.94197,36.49828,334.4,0.42,0.37,2026-02-25,1124,SNPP,SNPP,n,2,303.91,3.2,D,0
-17.05918,35.64424,338.34,0.4,0.37,2026-02-25,1124,SNPP,SNPP,n,2,305.74,3.15,D,0
-16.58425,35.59626,334.7,0.4,0.37,2026-02-25,1124,SNPP,SNPP,n,2,307.2,2.27,D,0
-16.45104,36.40468,336.06,0.42,0.38,2026-02-25,1124,SNPP,SNPP,n,2,306.07,3.23,D,0
-16.5217,35.83588,336.23,0.4,0.37,2026-02-25,1124,SNPP,SNPP,n,2,306.84,4.88,D,0
-16.42414,36.35159,333.97,0.42,0.37,2026-02-25,1124,SNPP,SNPP,n,2,305.94,0.72,D,0
-15.95204,39.09543,333.46,0.57,0.43,2026-02-25,1124,SNPP,SNPP,n,2,300.01,4.89,D,0
-16.4787,35.97259,346.08,0.41,0.37,2026-02-25,1124,SNPP,SNPP,n,2,309.6,4.63,D,0
-16.58974,35.25605,342.52,0.39,0.36,2026-02-25,1124,SNPP,SNPP,n,2,306.45,3.21,D,0
-16.54562,35.49062,339.46,0.4,0.37,2026-02-25,1124,SNPP,SNPP,n,2,304.98,4.98,D,0
-16.53199,35.511,345.65,0.4,0.37,2026-02-25,1124,SNPP,SNPP,n,2,309.09,6.07,D,0
-16.43781,35.79377,335.93,0.4,0.37,2026-02-25,1124,SNPP,SNPP,n,2,306.45,2.25,D,0
-16.36059,36.20843,333.44,0.41,0.37,2026-02-25,1124,SNPP,SNPP,l,2,306.34,2.28,D,0
-16.48132,35.32393,341.56,0.39,0.36,2026-02-25,1124,SNPP,SNPP,n,2,310.54,3.08,D,0
-16.40668,35.39393,333.77,0.39,0.36,2026-02-25,1124,SNPP,SNPP,l,2,307.62,1,D,0
-16.2707,36.22458,336.03,0.41,0.37,2026-02-25,1124,SNPP,SNPP,n,2,307.59,3.56,D,0
-16.38146,35.29139,343.6,0.39,0.36,2026-02-25,1124,SNPP,SNPP,n,2,308.34,4.29,D,0
-15.24821,39.89909,333.05,0.43,0.46,2026-02-25,1124,SNPP,SNPP,n,2,296.26,3.36,D,0
-16.21078,33.84063,334.98,0.38,0.36,2026-02-25,1124,SNPP,SNPP,l,2,309.13,5.06,D,0
-16.19691,33.84208,336.84,0.38,0.36,2026-02-25,1124,SNPP,SNPP,l,2,309.8,9.68,D,0
-16.82276,37.04342,350.87,0.44,0.38,2026-02-25,1124,SNPP,SNPP,n,2,311.14,6.31,D,0
-16.82346,37.03931,356.08,0.44,0.38,2026-02-25,1124,SNPP,SNPP,n,2,311.38,5.48,D,0
-16.82414,37.03521,344.76,0.44,0.38,2026-02-25,1124,SNPP,SNPP,n,2,309,5.48,D,0
-17.02426,35.81872,332.73,0.4,0.37,2026-02-25,1124,SNPP,SNPP,n,2,304.37,2.36,D,0
-16.81993,37.03867,347.18,0.44,0.38,2026-02-25,1124,SNPP,SNPP,n,2,308.51,3.23,D,0
-17.13537,34.92975,333.99,0.39,0.36,2026-02-25,1124,SNPP,SNPP,n,2,307.36,3.45,D,0
-17.13593,34.92611,335.6,0.39,0.36,2026-02-25,1124,SNPP,SNPP,n,2,306.56,3.45,D,0
-16.95114,35.83685,332.93,0.4,0.37,2026-02-25,1124,SNPP,SNPP,n,2,305.95,2.63,D,0
-16.88174,36.22385,334.84,0.41,0.37,2026-02-25,1124,SNPP,SNPP,n,2,303.59,1.59,D,0
-16.90798,35.95344,333.87,0.4,0.37,2026-02-25,1124,SNPP,SNPP,n,2,303.4,1.94,D,0
-17.06704,34.90706,334.78,0.39,0.36,2026-02-25,1124,SNPP,SNPP,n,2,304.74,6.89,D,0
-16.6751,37.29648,331.15,0.45,0.39,2026-02-25,1124,SNPP,SNPP,l,2,303.9,2.68,D,0
-16.93237,35.67215,337.5,0.4,0.37,2026-02-25,1124,SNPP,SNPP,n,2,307.21,2.34,D,0
-16.80035,36.36453,334.25,0.41,0.37,2026-02-25,1124,SNPP,SNPP,n,2,303.43,2.96,D,0
-16.90017,35.69687,337.16,0.4,0.37,2026-02-25,1124,SNPP,SNPP,n,2,306.96,5.71,D,0
-16.81501,36.20787,330.44,0.41,0.37,2026-02-25,1124,SNPP,SNPP,l,2,302.82,1.72,D,0
-16.78003,36.33694,343.87,0.41,0.37,2026-02-25,1124,SNPP,SNPP,n,2,304.06,5.5,D,0
-16.88161,35.61724,335.1,0.4,0.37,2026-02-25,1124,SNPP,SNPP,n,2,304.63,1.51,D,0
-16.79999,36.08295,335.47,0.41,0.37,2026-02-25,1124,SNPP,SNPP,n,2,304.78,2.16,D,0
-16.72789,36.39589,335.49,0.42,0.37,2026-02-25,1124,SNPP,SNPP,n,2,305.71,3.48,D,0
-16.83795,35.71689,337.62,0.4,0.37,2026-02-25,1124,SNPP,SNPP,n,2,302.81,2.82,D,0
-16.75614,36.20147,338.71,0.41,0.37,2026-02-25,1124,SNPP,SNPP,n,2,303.66,7,D,0
-16.7596,36.1586,339.02,0.41,0.37,2026-02-25,1124,SNPP,SNPP,n,2,307.65,3.03,D,0
-16.75619,36.15799,332.98,0.41,0.37,2026-02-25,1124,SNPP,SNPP,l,2,306.89,3.31,D,0
-16.80211,35.85322,334.96,0.4,0.37,2026-02-25,1124,SNPP,SNPP,n,2,304.34,1.87,D,0
-16.70745,36.41227,337.62,0.42,0.37,2026-02-25,1124,SNPP,SNPP,n,2,304.83,4.15,D,0
-16.73963,36.19466,332.4,0.41,0.37,2026-02-25,1124,SNPP,SNPP,n,2,303.29,1.65,D,0
-16.73557,36.19792,337.14,0.41,0.37,2026-02-25,1124,SNPP,SNPP,n,2,305.2,3.47,D,0
-16.63796,36.58719,335.75,0.42,0.38,2026-02-25,1124,SNPP,SNPP,n,2,304.89,4.89,D,0
-16.71749,36.09605,332.54,0.41,0.37,2026-02-25,1124,SNPP,SNPP,l,2,305.89,1.26,D,0
-16.72181,36.06913,334.48,0.41,0.37,2026-02-25,1124,SNPP,SNPP,n,2,305.28,2.73,D,0
-16.70509,36.12936,334.91,0.41,0.37,2026-02-25,1124,SNPP,SNPP,n,2,305.98,3.81,D,0
-16.70571,36.12556,332.21,0.41,0.37,2026-02-25,1124,SNPP,SNPP,n,2,303.68,3.81,D,0
-16.90541,34.79707,334.09,0.39,0.36,2026-02-25,1124,SNPP,SNPP,l,2,306.7,3.04,D,0
-16.61972,36.56749,333.19,0.42,0.38,2026-02-25,1124,SNPP,SNPP,n,2,304.85,3.06,D,0
-16.61409,36.55824,330.85,0.42,0.38,2026-02-25,1124,SNPP,SNPP,l,2,304.83,2.85,D,0
-16.74869,35.64019,344.82,0.4,0.37,2026-02-25,1124,SNPP,SNPP,n,2,305.64,3.57,D,0
-16.72845,35.63663,335.9,0.4,0.37,2026-02-25,1124,SNPP,SNPP,n,2,306.27,3.05,D,0
-16.73738,35.58081,332.22,0.4,0.37,2026-02-25,1124,SNPP,SNPP,n,2,306.65,2.35,D,0
-16.70585,35.75567,337.09,0.4,0.37,2026-02-25,1124,SNPP,SNPP,n,2,304.38,4.03,D,0
-16.86441,34.73076,339.01,0.39,0.36,2026-02-25,1124,SNPP,SNPP,n,2,307.3,3.58,D,0
-16.70354,35.70522,333.93,0.4,0.37,2026-02-25,1124,SNPP,SNPP,n,2,305.23,1.44,D,0
-16.73096,35.46942,338.7,0.39,0.36,2026-02-25,1124,SNPP,SNPP,n,2,304.13,2.25,D,0
-16.69844,35.65058,344.05,0.4,0.37,2026-02-25,1124,SNPP,SNPP,n,2,305.41,3.63,D,0
-16.69806,35.6501,339.25,0.4,0.37,2026-02-25,1124,SNPP,SNPP,n,2,305.37,3.55,D,0
-16.68222,35.72807,330.01,0.4,0.37,2026-02-25,1124,SNPP,SNPP,l,2,302.66,0.99,D,0
-16.58857,36.2911,334.03,0.41,0.37,2026-02-25,1124,SNPP,SNPP,n,2,303.69,3.64,D,0
-16.62599,36.03666,334.72,0.41,0.37,2026-02-25,1124,SNPP,SNPP,n,2,304.41,1.46,D,0
-16.71788,35.4591,346.91,0.39,0.36,2026-02-25,1124,SNPP,SNPP,n,2,305.71,7.08,D,0
-16.64265,35.91073,336.16,0.4,0.37,2026-02-25,1124,SNPP,SNPP,n,2,306.3,3.05,D,0
-16.67464,35.68832,341.6,0.4,0.37,2026-02-25,1124,SNPP,SNPP,n,2,306.89,4.32,D,0
-16.64079,35.81328,335.51,0.4,0.37,2026-02-25,1124,SNPP,SNPP,n,2,301.21,3.71,D,0
-16.69301,35.39793,333.93,0.39,0.36,2026-02-25,1124,SNPP,SNPP,l,2,307.14,2.06,D,0
-16.64044,35.66315,335.15,0.4,0.37,2026-02-25,1124,SNPP,SNPP,n,2,307.18,1.37,D,0
-16.48793,36.51586,332.93,0.42,0.38,2026-02-25,1124,SNPP,SNPP,n,2,306.01,2.29,D,0
-16.66479,35.42344,338.35,0.39,0.36,2026-02-25,1124,SNPP,SNPP,n,2,307.34,4.31,D,0
-16.8293,34.30206,337.91,0.38,0.36,2026-02-25,1124,SNPP,SNPP,l,2,309.29,4.31,D,0
-16.49483,36.38749,339.47,0.42,0.37,2026-02-25,1124,SNPP,SNPP,n,2,306.44,5.21,D,0
-16.67296,35.28495,337.98,0.39,0.36,2026-02-25,1124,SNPP,SNPP,n,2,310.44,4.87,D,0
-16.47712,36.47327,332.12,0.42,0.38,2026-02-25,1124,SNPP,SNPP,l,2,303.75,1.69,D,0
-16.46212,36.35828,334.04,0.42,0.37,2026-02-25,1124,SNPP,SNPP,n,2,305.06,1.5,D,0
-14.79955,36.50612,335.97,0.44,0.38,2026-02-25,1125,SNPP,SNPP,n,2,305.68,2.56,D,0
-15.46326,36.74745,333.77,0.44,0.38,2026-02-25,1125,SNPP,SNPP,n,2,301.74,3.8,D,0
-15.20357,34.47835,340.63,0.39,0.36,2026-02-25,1125,SNPP,SNPP,n,2,304.16,2.66,D,0
-16.19582,33.84281,315.36,0.58,0.52,2026-02-25,2234,SNPP,SNPP,n,2,295.02,5.21,N,0
-16.20061,33.84172,310.87,0.58,0.52,2026-02-25,2234,SNPP,SNPP,n,2,295.05,4.7,N,0
-16.11578,33.7584,307.79,0.59,0.53,2026-02-25,2234,SNPP,SNPP,n,2,295.31,3.03,N,2
-16.12171,33.76294,312.05,0.59,0.53,2026-02-25,2234,SNPP,SNPP,n,2,296.38,3.03,N,2
-21.74708,35.05906,306.26,0.39,0.44,2026-02-25,2235,SNPP,SNPP,n,2,294.86,0.95,N,2
-25.22695,33.26894,305.39,0.43,0.46,2026-02-25,2236,SNPP,SNPP,n,2,291.34,0.88,N,0
-25.22608,33.26468,304.58,0.43,0.46,2026-02-25,2236,SNPP,SNPP,n,2,291.19,0.88,N,0
-24.99326,34.04768,305.19,0.39,0.44,2026-02-25,2236,SNPP,SNPP,n,2,291.96,1.41,N,0
-26.51197,32.48705,303.39,0.45,0.47,2026-02-25,2237,SNPP,SNPP,n,2,289.63,1.26,N,0
-26.39206,32.6511,305.2,0.44,0.46,2026-02-25,2237,SNPP,SNPP,n,2,290.95,0.88,N,2
-25.39194,33.04769,341.06,0.56,0.51,2026-02-26,1103,SNPP,SNPP,n,2,296.62,8.03,D,0
-25.69812,32.68418,343.04,0.59,0.53,2026-02-26,1103,SNPP,SNPP,n,2,297.75,4.97,D,0
-20.54509,32.80605,342.63,0.5,0.49,2026-02-26,1104,SNPP,SNPP,n,2,290.17,6.77,D,0
-22.55662,35.32075,331.16,0.57,0.43,2026-02-26,1104,SNPP,SNPP,n,2,298.85,2.93,D,0
-20.49728,32.82278,341.4,0.5,0.49,2026-02-26,1104,SNPP,SNPP,n,2,294.4,10.45,D,0
-18.26643,32.99795,340.84,0.46,0.47,2026-02-26,1105,SNPP,SNPP,n,2,298.49,12.87,D,0
-17.92842,35.55008,333.67,0.49,0.4,2026-02-26,1105,SNPP,SNPP,n,2,303.41,4,D,0
-17.92468,35.54954,333.14,0.49,0.4,2026-02-26,1105,SNPP,SNPP,n,2,302.61,3.35,D,0
-17.92757,35.54708,344.07,0.49,0.4,2026-02-26,1105,SNPP,SNPP,n,2,302.02,4.13,D,0
-18.20778,33.21723,336.51,0.44,0.46,2026-02-26,1105,SNPP,SNPP,n,2,297.6,2.91,D,0
-17.9046,35.52013,343.65,0.49,0.4,2026-02-26,1105,SNPP,SNPP,n,2,303.07,6.11,D,0
-17.88965,35.51797,338.48,0.49,0.4,2026-02-26,1105,SNPP,SNPP,n,2,301.51,4.32,D,0
-17.85337,35.41761,334.07,0.49,0.41,2026-02-26,1105,SNPP,SNPP,n,2,301.73,8.09,D,0
-17.76167,35.32926,335.44,0.5,0.41,2026-02-26,1105,SNPP,SNPP,n,2,300.38,4.5,D,0
-17.56898,35.50633,335.47,0.49,0.4,2026-02-26,1105,SNPP,SNPP,n,2,300.7,4.02,D,0
-17.51279,35.8919,334.78,0.46,0.39,2026-02-26,1105,SNPP,SNPP,n,2,298.99,4.17,D,0
-17.51512,35.82023,338.34,0.47,0.4,2026-02-26,1105,SNPP,SNPP,n,2,297.16,2.07,D,0
-17.45372,35.86083,332.84,0.47,0.39,2026-02-26,1105,SNPP,SNPP,n,2,298.15,3.52,D,0
-17.45429,35.85764,333.07,0.47,0.39,2026-02-26,1105,SNPP,SNPP,n,2,298,4.39,D,0
-17.28492,36.06403,330.28,0.45,0.39,2026-02-26,1105,SNPP,SNPP,n,2,298.4,2.79,D,0
-17.27158,35.80973,332.67,0.47,0.39,2026-02-26,1105,SNPP,SNPP,l,2,300.74,3,D,0
-17.23707,35.84508,335.31,0.46,0.39,2026-02-26,1105,SNPP,SNPP,n,2,298.86,2.99,D,0
-17.23685,35.84627,331.98,0.46,0.39,2026-02-26,1105,SNPP,SNPP,n,2,299.16,2.68,D,0
-17.19103,36.04256,335.16,0.45,0.39,2026-02-26,1105,SNPP,SNPP,l,2,300.53,20.65,D,0
-17.2155,35.73101,334.68,0.47,0.4,2026-02-26,1105,SNPP,SNPP,l,2,301.41,4.32,D,0
-17.09579,36.09396,330.6,0.45,0.39,2026-02-26,1105,SNPP,SNPP,n,2,299.72,2.1,D,0
-17.09818,36.09586,331.12,0.45,0.39,2026-02-26,1105,SNPP,SNPP,l,2,302.82,3.81,D,0
-17.23562,34.81534,333.61,0.52,0.42,2026-02-26,1105,SNPP,SNPP,n,2,299.34,3.85,D,0
-16.85207,36.43448,333.61,0.43,0.38,2026-02-26,1105,SNPP,SNPP,l,2,301.69,2.19,D,0
-17.08305,34.49638,330.31,0.54,0.42,2026-02-26,1105,SNPP,SNPP,n,2,298.41,5.02,D,0
-16.83043,36.20822,333.77,0.44,0.39,2026-02-26,1105,SNPP,SNPP,l,2,302.61,11.23,D,0
-16.78659,36.23578,342.3,0.44,0.38,2026-02-26,1105,SNPP,SNPP,n,2,300.51,4.86,D,0
-16.83011,35.72768,330.87,0.47,0.39,2026-02-26,1105,SNPP,SNPP,l,2,298.49,7.43,D,0
-16.79084,35.99134,330.77,0.45,0.39,2026-02-26,1105,SNPP,SNPP,n,2,298.78,1.42,D,0
-16.83004,35.72885,335.63,0.46,0.39,2026-02-26,1105,SNPP,SNPP,n,2,299.17,5.93,D,0
-16.92604,34.74786,332.26,0.52,0.42,2026-02-26,1105,SNPP,SNPP,n,2,300.41,3.47,D,0
-16.88618,34.78232,338.59,0.52,0.41,2026-02-26,1105,SNPP,SNPP,n,2,300.01,6.49,D,0
-16.73696,35.67432,333.05,0.47,0.39,2026-02-26,1105,SNPP,SNPP,n,2,298.59,2.08,D,0
-16.72626,35.37708,330.52,0.48,0.4,2026-02-26,1105,SNPP,SNPP,l,2,303.15,4.08,D,0
-16.61187,36.10047,333.69,0.45,0.39,2026-02-26,1105,SNPP,SNPP,n,2,298.27,3.11,D,0
-16.60958,35.65927,340.22,0.47,0.39,2026-02-26,1105,SNPP,SNPP,n,2,302.25,7.33,D,0
-16.7645,34.4082,334.18,0.54,0.42,2026-02-26,1105,SNPP,SNPP,n,2,301.42,4.01,D,0
-16.75002,34.42703,334.96,0.54,0.42,2026-02-26,1105,SNPP,SNPP,n,2,302.8,4.84,D,0
-16.46395,36.41222,336.77,0.43,0.38,2026-02-26,1105,SNPP,SNPP,n,2,296,5.67,D,0
-16.8407,33.29783,340.54,0.42,0.45,2026-02-26,1105,SNPP,SNPP,n,2,304.04,5.03,D,0
-16.692,34.25573,335.47,0.55,0.43,2026-02-26,1105,SNPP,SNPP,n,2,300.27,5.64,D,0
-20.22607,32.88683,341.66,0.49,0.49,2026-02-26,1105,SNPP,SNPP,n,2,299.11,8.15,D,0
-20.15465,33.05381,337.24,0.48,0.48,2026-02-26,1105,SNPP,SNPP,n,2,296.7,4.09,D,0
-19.95288,33.29127,332.05,0.46,0.47,2026-02-26,1105,SNPP,SNPP,n,2,297.54,2.56,D,0
-19.82933,34.05105,342.76,0.41,0.45,2026-02-26,1105,SNPP,SNPP,n,2,301.65,5.16,D,0
-19.83169,34.03101,336.64,0.42,0.45,2026-02-26,1105,SNPP,SNPP,n,2,303.39,3.72,D,0
-19.82832,34.05137,343.44,0.41,0.45,2026-02-26,1105,SNPP,SNPP,n,2,304.09,4.69,D,0
-19.83082,34.03137,342.63,0.41,0.45,2026-02-26,1105,SNPP,SNPP,n,2,304.57,5.33,D,0
-19.63312,35.04953,345.83,0.54,0.42,2026-02-26,1105,SNPP,SNPP,n,2,303.67,6.82,D,0
-19.59325,35.04924,330.31,0.54,0.42,2026-02-26,1105,SNPP,SNPP,l,2,301.11,2.09,D,0
-19.59422,35.04782,334.38,0.54,0.42,2026-02-26,1105,SNPP,SNPP,n,2,300.96,3.44,D,0
-19.63409,34.28147,349.41,0.4,0.44,2026-02-26,1105,SNPP,SNPP,n,2,308.51,48.28,D,0
-19.44827,34.05117,342.75,0.41,0.45,2026-02-26,1105,SNPP,SNPP,n,2,301.81,7.57,D,0
-19.03978,35.75919,347.57,0.49,0.4,2026-02-26,1105,SNPP,SNPP,n,2,305.01,13.34,D,0
-19.3173,33.5824,333.65,0.44,0.46,2026-02-26,1105,SNPP,SNPP,n,2,299.39,3.97,D,0
-19.26269,33.67605,346.78,0.43,0.46,2026-02-26,1105,SNPP,SNPP,n,2,298.5,6.55,D,0
-19.0838,34.19936,352.96,0.4,0.44,2026-02-26,1105,SNPP,SNPP,n,2,299.45,11.12,D,0
-18.60902,33.84775,330.82,0.41,0.45,2026-02-26,1105,SNPP,SNPP,n,2,299.33,3.64,D,0
-16.19585,33.84098,341.16,0.38,0.43,2026-02-26,1106,SNPP,SNPP,n,2,307.51,8.41,D,0
-16.52132,35.52183,343.53,0.47,0.4,2026-02-26,1106,SNPP,SNPP,n,2,296.9,5.47,D,0
-16.51767,35.52117,334.52,0.47,0.4,2026-02-26,1106,SNPP,SNPP,n,2,295.85,5.47,D,0
-16.50733,35.43278,342.4,0.48,0.4,2026-02-26,1106,SNPP,SNPP,n,2,298.04,9.4,D,0
-16.52727,35.28706,332.15,0.48,0.4,2026-02-26,1106,SNPP,SNPP,l,2,302.2,5.48,D,0
-16.38289,35.82679,332.87,0.46,0.39,2026-02-26,1106,SNPP,SNPP,l,2,300.21,7.93,D,0
-16.38178,35.82771,342.69,0.46,0.39,2026-02-26,1106,SNPP,SNPP,n,2,302.84,7.53,D,0
-15.47864,40.16687,333.1,0.4,0.37,2026-02-26,1106,SNPP,SNPP,n,2,297.05,2.37,D,0
-15.32974,39.87158,332.93,0.39,0.36,2026-02-26,1106,SNPP,SNPP,n,2,298.4,3.54,D,0
-16.19989,33.8415,339.43,0.38,0.43,2026-02-26,1106,SNPP,SNPP,n,2,308.88,7.53,D,0
-15.2129,40.34416,338.38,0.4,0.37,2026-02-26,1106,SNPP,SNPP,n,2,294.8,4.14,D,0
-16.11974,33.76321,336.85,0.39,0.44,2026-02-26,1106,SNPP,SNPP,l,2,310.75,11.84,D,2
-15.12731,39.02375,337.59,0.38,0.36,2026-02-26,1106,SNPP,SNPP,n,2,302.61,2.17,D,0
-16.19553,33.84163,308.51,0.58,0.7,2026-02-26,2215,SNPP,SNPP,n,2,281.94,1.76,N,0
-16.20191,33.83988,303.51,0.58,0.7,2026-02-26,2215,SNPP,SNPP,n,2,282.37,1.76,N,0
-16.19427,33.84092,308.63,0.58,0.7,2026-02-26,2215,SNPP,SNPP,n,2,282.42,1.35,N,0
-16.20065,33.83918,307.32,0.58,0.7,2026-02-26,2215,SNPP,SNPP,n,2,282.69,1.35,N,0
-19.26686,35.54334,303.91,0.4,0.6,2026-02-26,2216,SNPP,SNPP,n,2,291.03,1.27,N,0
-19.26767,35.54713,307.36,0.4,0.6,2026-02-26,2216,SNPP,SNPP,n,2,290.99,1.27,N,0
-19.26657,35.54651,312.78,0.39,0.6,2026-02-26,2216,SNPP,SNPP,n,2,291.13,2.63,N,0
-21.74891,35.05762,302.58,0.38,0.59,2026-02-26,2216,SNPP,SNPP,n,2,291.48,0.54,N,2
-26.39079,32.6492,304.47,0.42,0.61,2026-02-26,2218,SNPP,SNPP,n,2,290.3,0.92,N,2
-16.13215,33.76538,295.51,0.58,0.7,2026-02-26,2355,SNPP,SNPP,n,2,274.87,0.54,N,2
-24.62225,32.95491,302.2,0.63,0.72,2026-02-26,2358,SNPP,SNPP,n,2,289.05,0.11,N,0
-25.13462,33.42106,332.74,0.52,0.67,2026-02-27,1044,SNPP,SNPP,n,2,296.53,3.75,D,0
-25.09123,33.19649,342.55,0.53,0.67,2026-02-27,1044,SNPP,SNPP,n,2,295.82,5.04,D,0
-24.18654,35.42623,334.32,0.38,0.59,2026-02-27,1044,SNPP,SNPP,n,2,301.15,2.92,D,0
-19.84159,34.02242,334.18,0.42,0.61,2026-02-27,1046,SNPP,SNPP,n,2,290.84,4.16,D,0
-19.62336,35.10918,329.98,0.35,0.57,2026-02-27,1046,SNPP,SNPP,n,2,291.95,2.45,D,0
-19.17433,34.48593,338.65,0.38,0.59,2026-02-27,1046,SNPP,SNPP,n,2,291.02,2.44,D,0
-18.39236,33.41087,331.78,0.44,0.62,2026-02-27,1046,SNPP,SNPP,n,2,292.3,3.62,D,0
-17.19257,38.35296,332.91,0.41,0.45,2026-02-27,1046,SNPP,SNPP,n,2,285.93,3.15,D,0
-17.19131,38.35373,336.46,0.41,0.45,2026-02-27,1046,SNPP,SNPP,n,2,285.41,5.44,D,0
-16.61862,36.47913,334.84,0.53,0.5,2026-02-27,1047,SNPP,SNPP,n,2,285.11,5.8,D,0
-16.58952,36.48495,328.08,0.53,0.5,2026-02-27,1047,SNPP,SNPP,n,2,287.85,4.58,D,0
-16.53484,36.56572,329.1,0.52,0.5,2026-02-27,1047,SNPP,SNPP,n,2,288.32,5.46,D,0
-25.23042,33.2196,337.74,0.51,0.66,2026-02-27,1225,SNPP,SNPP,n,2,296.47,4.26,D,0
-25.23085,33.22181,333.21,0.51,0.66,2026-02-27,1225,SNPP,SNPP,n,2,296.08,3.58,D,0
-25.07347,33.43325,341.63,0.53,0.67,2026-02-27,1225,SNPP,SNPP,n,2,299.71,3.92,D,0
-24.42228,35.18375,336.87,0.69,0.74,2026-02-27,1225,SNPP,SNPP,n,2,296.48,6.69,D,0
-24.41611,35.18568,347.57,0.69,0.74,2026-02-27,1225,SNPP,SNPP,n,2,296.61,9.04,D,0
-19.48626,33.55217,338.05,0.71,0.75,2026-02-27,1226,SNPP,SNPP,n,2,286.24,7.07,D,0
-19.48874,33.55095,335.99,0.71,0.75,2026-02-27,1226,SNPP,SNPP,n,2,285.94,4.68,D,0
-19.05498,33.24977,301.46,0.57,0.52,2026-02-27,2337,SNPP,SNPP,n,2,286.58,1.23,N,0
-16.77613,34.47794,338.17,0.73,0.76,2026-02-28,1028,SNPP,SNPP,n,2,279.57,9.8,D,0
-26.44475,32.9133,352.75,0.48,0.48,2026-02-28,1206,SNPP,SNPP,n,2,301.75,6.71,D,0
-26.4393,32.91713,336.67,0.48,0.48,2026-02-28,1206,SNPP,SNPP,n,2,299.13,6.71,D,0
-26.44033,32.91216,336.12,0.48,0.48,2026-02-28,1206,SNPP,SNPP,n,2,301.35,6.71,D,0
-25.37915,33.06357,341.01,0.52,0.5,2026-02-28,1206,SNPP,SNPP,n,2,301.19,2.87,D,0
-25.31864,32.96965,338.89,0.51,0.49,2026-02-28,1206,SNPP,SNPP,n,2,300.28,4.97,D,0
-25.26311,33.21141,335.31,0.53,0.5,2026-02-28,1206,SNPP,SNPP,n,2,305.59,3.47,D,0
-25.23023,33.3207,343.64,0.54,0.51,2026-02-28,1206,SNPP,SNPP,n,2,305.65,7.41,D,0
-25.23136,33.31538,342.94,0.54,0.51,2026-02-28,1206,SNPP,SNPP,n,2,305.75,7.41,D,0
-25.11116,33.4824,335.8,0.55,0.51,2026-02-28,1206,SNPP,SNPP,n,2,302.03,3.04,D,0
-25.10647,33.48116,343.22,0.55,0.51,2026-02-28,1206,SNPP,SNPP,n,2,306.16,7.84,D,0
-24.47919,35.14804,367,0.36,0.57,2026-02-28,1206,SNPP,SNPP,h,2,300.44,8.25,D,0
-24.19766,35.42476,367,0.38,0.59,2026-02-28,1206,SNPP,SNPP,h,2,300.96,11.06,D,0
-24.19856,35.42084,348.47,0.38,0.59,2026-02-28,1206,SNPP,SNPP,n,2,300.42,7.58,D,0
-23.32521,34.51099,338,0.35,0.56,2026-02-28,1206,SNPP,SNPP,n,2,300.83,1.98,D,0
-23.84876,32.05421,337.53,0.48,0.48,2026-02-28,1206,SNPP,SNPP,n,2,300.71,4.82,D,0
-22.87994,35.46719,333.95,0.41,0.6,2026-02-28,1206,SNPP,SNPP,n,2,301.12,2.69,D,0
-22.74315,35.47314,332.33,0.41,0.61,2026-02-28,1206,SNPP,SNPP,n,2,297.27,2.06,D,0
-22.93824,33.40627,337.67,0.6,0.53,2026-02-28,1207,SNPP,SNPP,n,2,303.12,5.17,D,0
-22.11066,35.25421,337.64,0.41,0.6,2026-02-28,1207,SNPP,SNPP,n,2,296.91,2.75,D,0
-21.92086,33.14471,342.8,0.61,0.53,2026-02-28,1207,SNPP,SNPP,n,2,297.37,11.28,D,0
-20.23554,32.94017,345.7,0.32,0.55,2026-02-28,1207,SNPP,SNPP,n,2,297.27,5.52,D,0
-20.2262,32.93451,334.2,0.32,0.55,2026-02-28,1207,SNPP,SNPP,n,2,295.3,3.06,D,0
-19.57245,33.41655,367,0.35,0.57,2026-02-28,1207,SNPP,SNPP,h,2,294.93,9.1,D,0
-19.45548,33.62724,333.9,0.37,0.58,2026-02-28,1207,SNPP,SNPP,n,2,295.06,3.64,D,0
-19.38088,33.59789,367,0.37,0.58,2026-02-28,1207,SNPP,SNPP,h,2,294.71,6.42,D,0
-19.1086,34.46239,345.29,0.42,0.61,2026-02-28,1208,SNPP,SNPP,n,2,291.79,5.94,D,0
-19.22022,33.64888,331.35,0.37,0.58,2026-02-28,1208,SNPP,SNPP,n,2,292.12,2.5,D,0
-19.07957,33.35586,341.07,0.36,0.57,2026-02-28,1208,SNPP,SNPP,n,2,293.63,5.1,D,0
-19.08104,33.35681,344.98,0.36,0.57,2026-02-28,1208,SNPP,SNPP,n,2,294.45,5.03,D,0
-18.53783,32.89175,332.04,0.34,0.56,2026-02-28,1208,SNPP,SNPP,n,2,290.4,3.91,D,0
-18.53757,32.89068,343.78,0.34,0.56,2026-02-28,1208,SNPP,SNPP,n,2,290.6,3.35,D,0
-15.8885,33.02268,296.58,0.42,0.38,2026-02-28,2318,SNPP,SNPP,n,2,274.49,0.38,N,2
-16.11804,33.76005,311.48,0.45,0.39,2026-02-28,2318,SNPP,SNPP,n,2,292.12,1.96,N,2
-16.12223,33.76371,306.6,0.45,0.39,2026-02-28,2318,SNPP,SNPP,n,2,291.55,1.27,N,2
-16.12643,33.76735,305.61,0.45,0.39,2026-02-28,2318,SNPP,SNPP,n,2,291.15,1.27,N,2
-16.13058,33.71933,304.79,0.45,0.39,2026-02-28,2318,SNPP,SNPP,n,2,288.26,1.25,N,2
-16.13417,33.71876,311.46,0.45,0.39,2026-02-28,2318,SNPP,SNPP,n,2,289.23,1.25,N,2
-16.19562,33.83919,304.78,0.45,0.39,2026-02-28,2318,SNPP,SNPP,n,2,284.12,1.67,N,0
-16.19923,33.83866,301.29,0.45,0.39,2026-02-28,2318,SNPP,SNPP,n,2,283.73,1.06,N,0
-16.19985,33.84291,306.16,0.45,0.39,2026-02-28,2318,SNPP,SNPP,n,2,283.46,1.06,N,0
-16.21068,33.84129,301.95,0.45,0.39,2026-02-28,2318,SNPP,SNPP,n,2,283.44,1.05,N,0
-18.99864,35.68472,304.21,0.41,0.45,2026-02-28,2318,SNPP,SNPP,n,2,289.24,0.34,N,0
-18.93613,34.05007,312,0.5,0.41,2026-02-28,2318,SNPP,SNPP,n,2,286.63,1.6,N,0
-18.93588,34.04787,311.77,0.5,0.41,2026-02-28,2318,SNPP,SNPP,n,2,286.49,1.65,N,0
-21.74949,35.05921,304.74,0.41,0.45,2026-02-28,2319,SNPP,SNPP,n,2,291.91,0.91,N,2
-25.31032,32.96208,311.56,0.51,0.41,2026-02-28,2320,SNPP,SNPP,n,2,295.53,1.93,N,0
-25.31416,32.96149,332.18,0.51,0.41,2026-02-28,2320,SNPP,SNPP,n,2,296.13,1.93,N,0
-25.31349,32.95632,312.7,0.51,0.41,2026-02-28,2320,SNPP,SNPP,n,2,296.02,0.92,N,0
-25.31482,32.96663,309.24,0.52,0.41,2026-02-28,2320,SNPP,SNPP,n,2,295.37,1.93,N,0
-25.35835,32.77706,337.49,0.43,0.38,2026-03-01,1147,SNPP,SNPP,l,2,309.43,1.39,D,0
-26.83868,32.71626,332.14,0.41,0.37,2026-03-01,1147,SNPP,SNPP,l,2,305.03,2.04,D,0
-26.83738,32.70302,336.41,0.41,0.37,2026-03-01,1147,SNPP,SNPP,n,2,305.47,1.71,D,0
-26.83686,32.71655,332.97,0.41,0.37,2026-03-01,1147,SNPP,SNPP,l,2,306.81,1.74,D,0
-26.83412,32.71164,330.47,0.41,0.37,2026-03-01,1147,SNPP,SNPP,l,2,305.22,1.74,D,0
-26.83552,32.70329,345.42,0.41,0.37,2026-03-01,1147,SNPP,SNPP,n,2,307.27,6.57,D,0
-26.82927,32.71928,331.7,0.41,0.37,2026-03-01,1147,SNPP,SNPP,l,2,305.93,2.55,D,0
-26.82582,32.71856,340.09,0.41,0.37,2026-03-01,1147,SNPP,SNPP,n,2,307.9,2.55,D,0
-26.82378,32.70948,330.44,0.41,0.37,2026-03-01,1147,SNPP,SNPP,l,2,304.75,3.31,D,0
-26.81329,32.75061,337.12,0.42,0.37,2026-03-01,1147,SNPP,SNPP,n,2,306.52,4.6,D,0
-26.81964,32.71293,333.54,0.41,0.37,2026-03-01,1147,SNPP,SNPP,l,2,308.25,3.31,D,0
-26.82034,32.70876,339.32,0.41,0.37,2026-03-01,1147,SNPP,SNPP,n,2,307.37,3.31,D,0
-26.77951,32.86566,331.12,0.42,0.38,2026-03-01,1147,SNPP,SNPP,l,2,303.14,3.77,D,0
-26.77605,32.86493,332.71,0.42,0.38,2026-03-01,1147,SNPP,SNPP,l,2,305.36,4.72,D,0
-26.74377,32.82303,340.66,0.42,0.38,2026-03-01,1147,SNPP,SNPP,n,2,306.41,6.97,D,0
-26.74449,32.81883,332.54,0.42,0.38,2026-03-01,1147,SNPP,SNPP,n,2,302.51,3.42,D,0
-26.74031,32.82231,347.52,0.42,0.38,2026-03-01,1147,SNPP,SNPP,n,2,304.48,5.86,D,0
-26.68743,32.43328,345.56,0.41,0.37,2026-03-01,1147,SNPP,SNPP,n,2,309.74,22.94,D,0
-26.68401,32.43257,344.63,0.41,0.37,2026-03-01,1147,SNPP,SNPP,n,2,314.43,21.97,D,0
-26.6847,32.42847,338.71,0.41,0.37,2026-03-01,1147,SNPP,SNPP,n,2,308.25,7.08,D,0
-26.68059,32.43186,338.88,0.41,0.37,2026-03-01,1147,SNPP,SNPP,n,2,308.7,21.97,D,0
-26.67717,32.43116,341.4,0.41,0.37,2026-03-01,1147,SNPP,SNPP,n,2,309.45,4.52,D,0
-26.69601,32.15265,335.24,0.4,0.37,2026-03-01,1147,SNPP,SNPP,n,2,305.19,3,D,0
-26.69669,32.1485,335.01,0.4,0.37,2026-03-01,1147,SNPP,SNPP,n,2,304.99,3,D,0
-26.43437,32.91852,339.47,0.42,0.38,2026-03-01,1147,SNPP,SNPP,n,2,306.26,3.84,D,0
-26.50635,32.40952,354.58,0.41,0.37,2026-03-01,1147,SNPP,SNPP,n,2,311.71,11.6,D,0
-26.50292,32.40881,344.2,0.41,0.37,2026-03-01,1147,SNPP,SNPP,n,2,310.42,11.6,D,0
-26.4995,32.40811,337.38,0.41,0.37,2026-03-01,1147,SNPP,SNPP,l,2,310.94,4.27,D,0
-26.50019,32.404,348.97,0.41,0.37,2026-03-01,1147,SNPP,SNPP,n,2,310.08,4.27,D,0
-26.49608,32.4074,344.08,0.41,0.37,2026-03-01,1147,SNPP,SNPP,n,2,311.3,4.27,D,0
-26.49677,32.40329,337.72,0.41,0.37,2026-03-01,1147,SNPP,SNPP,l,2,308.38,4.27,D,0
-26.49265,32.4067,350.28,0.41,0.37,2026-03-01,1147,SNPP,SNPP,n,2,310.55,7.66,D,0
-26.38332,32.43156,346.4,0.41,0.37,2026-03-01,1147,SNPP,SNPP,n,2,308.3,6.04,D,0
-26.09951,32.59362,330.2,0.42,0.37,2026-03-01,1147,SNPP,SNPP,l,2,305.2,1.68,D,0
-25.87175,32.22734,338.19,0.41,0.37,2026-03-01,1147,SNPP,SNPP,n,2,306.44,3.23,D,0
-25.82374,32.07512,334.46,0.41,0.37,2026-03-01,1147,SNPP,SNPP,l,2,304.54,2.73,D,0
-25.82102,32.07024,336.76,0.41,0.37,2026-03-01,1147,SNPP,SNPP,n,2,306.58,5.37,D,0
-25.54879,32.72266,347.03,0.43,0.38,2026-03-01,1147,SNPP,SNPP,n,2,310.7,10.57,D,0
-25.54531,32.72191,348.45,0.43,0.38,2026-03-01,1147,SNPP,SNPP,n,2,311.93,10.57,D,0
-25.5769,32.06382,339.31,0.41,0.37,2026-03-01,1147,SNPP,SNPP,n,2,308.48,4.48,D,0
-25.57349,32.06312,338.39,0.41,0.37,2026-03-01,1147,SNPP,SNPP,l,2,309.58,5.39,D,0
-25.39901,33.06252,341.98,0.44,0.38,2026-03-01,1147,SNPP,SNPP,n,2,309.34,4.36,D,0
-25.39547,33.06179,340.17,0.44,0.38,2026-03-01,1147,SNPP,SNPP,l,2,313.66,29.04,D,0
-25.39117,33.06542,340.08,0.44,0.38,2026-03-01,1147,SNPP,SNPP,l,2,312.43,23.25,D,0
-25.38763,33.06469,345.73,0.44,0.38,2026-03-01,1147,SNPP,SNPP,n,2,313.49,7.46,D,0
-25.3841,33.06395,343.45,0.44,0.38,2026-03-01,1147,SNPP,SNPP,n,2,311.43,7.46,D,0
-25.36112,32.78206,342.88,0.43,0.38,2026-03-01,1147,SNPP,SNPP,l,2,313.45,11.5,D,0
-25.36185,32.77779,336.2,0.43,0.38,2026-03-01,1147,SNPP,SNPP,l,2,311.1,5.17,D,0
-25.35688,32.78561,341.7,0.43,0.38,2026-03-01,1147,SNPP,SNPP,l,2,313.53,7.77,D,0
-25.32357,32.95722,339.99,0.44,0.38,2026-03-01,1147,SNPP,SNPP,n,2,304.66,3.85,D,0
-25.32004,32.95649,349.89,0.44,0.38,2026-03-01,1147,SNPP,SNPP,n,2,306.12,10.3,D,0
-25.31073,32.96802,347.17,0.44,0.38,2026-03-01,1147,SNPP,SNPP,n,2,312.47,10.07,D,0
-25.1296,33.44189,342.87,0.46,0.39,2026-03-01,1147,SNPP,SNPP,n,2,312.21,7.2,D,0
-25.04514,33.89206,334.99,0.48,0.4,2026-03-01,1147,SNPP,SNPP,l,2,308.32,5.22,D,0
-24.95401,34.17903,334.53,0.5,0.41,2026-03-01,1147,SNPP,SNPP,l,2,307.54,4.68,D,0
-25.27722,32.20768,335,0.41,0.37,2026-03-01,1147,SNPP,SNPP,l,2,306.87,1.63,D,0
-24.92004,34.15373,333.39,0.5,0.41,2026-03-01,1147,SNPP,SNPP,l,2,307.86,1.71,D,0
-24.4403,34.59803,332.19,0.53,0.42,2026-03-01,1147,SNPP,SNPP,n,2,302.72,4.54,D,0
-24.44041,34.59601,331.03,0.53,0.42,2026-03-01,1147,SNPP,SNPP,l,2,302.64,2.94,D,0
-24.35604,34.22345,332.52,0.51,0.41,2026-03-01,1147,SNPP,SNPP,l,2,304.52,3.59,D,0
-23.93966,34.10107,341.76,0.51,0.41,2026-03-01,1147,SNPP,SNPP,n,2,308.27,7.6,D,0
-23.93589,34.10025,342.59,0.51,0.41,2026-03-01,1147,SNPP,SNPP,n,2,306.95,5.11,D,0
-23.9368,34.09525,339.49,0.51,0.41,2026-03-01,1147,SNPP,SNPP,n,2,308.61,6.09,D,0
-23.63791,34.83368,336.07,0.56,0.43,2026-03-01,1147,SNPP,SNPP,n,2,301.37,4.95,D,0
-22.64559,35.41512,345.77,0.42,0.45,2026-03-01,1148,SNPP,SNPP,n,2,299.77,5.19,D,0
-22.64926,35.41608,355.61,0.42,0.45,2026-03-01,1148,SNPP,SNPP,n,2,302.46,11.53,D,0
-22.63469,35.37875,342.29,0.42,0.45,2026-03-01,1148,SNPP,SNPP,n,2,299.13,7.01,D,0
-22.33984,35.30659,339.96,0.42,0.45,2026-03-01,1148,SNPP,SNPP,n,2,299.47,14.6,D,0
-21.39209,32.55236,332.76,0.47,0.39,2026-03-01,1148,SNPP,SNPP,n,2,298.57,4.05,D,0
-20.1315,34.35117,331.12,0.4,0.44,2026-03-01,1148,SNPP,SNPP,n,2,297.2,2.7,D,0
-22.83133,35.46475,330.63,0.42,0.45,2026-03-01,1148,SNPP,SNPP,n,2,297.42,4.89,D,0
-22.92832,35.4595,333.09,0.42,0.45,2026-03-01,1148,SNPP,SNPP,n,2,298.37,2.76,D,0
-23.06815,35.4992,352.1,0.42,0.45,2026-03-01,1148,SNPP,SNPP,n,2,299.08,6.89,D,0
-22.82361,35.36984,332.47,0.41,0.45,2026-03-01,1148,SNPP,SNPP,n,2,298.77,3.09,D,0
-22.8046,35.44594,332.5,0.42,0.45,2026-03-01,1148,SNPP,SNPP,n,2,299.58,3.56,D,0
-22.64975,35.41601,343.86,0.42,0.45,2026-03-01,1148,SNPP,SNPP,n,2,301.92,5.19,D,0
-23.06895,35.49903,350.67,0.42,0.45,2026-03-01,1148,SNPP,SNPP,n,2,299.44,7.03,D,0
-18.84407,35.6452,334.19,0.51,0.49,2026-03-01,1149,SNPP,SNPP,n,2,291.23,5.18,D,0
-19.18091,33.60521,331.64,0.56,0.43,2026-03-01,1149,SNPP,SNPP,n,2,298.2,3.66,D,0
-19.184,33.60299,334.57,0.57,0.43,2026-03-01,1149,SNPP,SNPP,n,2,297.7,1.39,D,0
-18.77628,35.58207,347.57,0.5,0.49,2026-03-01,1149,SNPP,SNPP,n,2,292.76,10.59,D,0
-18.66971,33.61286,334.89,0.38,0.43,2026-03-01,1149,SNPP,SNPP,n,2,293.64,1.77,D,0
-18.19888,33.2637,332.94,0.56,0.43,2026-03-01,1149,SNPP,SNPP,n,2,299.16,3.39,D,0
-17.35031,35.82142,330.67,0.55,0.51,2026-03-01,1149,SNPP,SNPP,n,2,294.07,4.47,D,0
-16.92078,36.44016,335.89,0.62,0.54,2026-03-01,1149,SNPP,SNPP,n,2,293.31,6.98,D,0
-17.03687,35.83389,338.94,0.56,0.52,2026-03-01,1149,SNPP,SNPP,n,2,294.15,6.89,D,0
-16.92117,36.43873,337.38,0.62,0.54,2026-03-01,1149,SNPP,SNPP,n,2,293.26,5.82,D,0
-17.03672,35.83724,334.78,0.56,0.52,2026-03-01,1149,SNPP,SNPP,n,2,294.52,4.76,D,0
-16.7316,35.4768,340.52,0.54,0.51,2026-03-01,1149,SNPP,SNPP,n,2,292.05,5.66,D,0
-16.59667,35.56556,337.1,0.55,0.51,2026-03-01,1149,SNPP,SNPP,n,2,291.67,5.94,D,0
-16.43125,35.60535,333.22,0.56,0.51,2026-03-01,1149,SNPP,SNPP,n,2,293.65,2.33,D,0
-16.4309,35.60741,334.32,0.56,0.51,2026-03-01,1149,SNPP,SNPP,n,2,293.24,1.72,D,0
-16.46493,35.32409,333.54,0.53,0.5,2026-03-01,1149,SNPP,SNPP,n,2,293.07,3.36,D,0
-16.70813,33.34019,334.64,0.4,0.44,2026-03-01,1149,SNPP,SNPP,n,2,290.77,2.26,D,0
-19.55436,35.01318,341.05,0.45,0.47,2026-03-01,1149,SNPP,SNPP,n,2,293.7,5.05,D,0
-19.56282,35.06741,330.93,0.45,0.47,2026-03-01,1149,SNPP,SNPP,n,2,295.15,3.07,D,0
-19.55354,35.0175,342.91,0.45,0.47,2026-03-01,1149,SNPP,SNPP,n,2,295.12,5.05,D,0
-19.67326,34.28447,345.11,0.4,0.45,2026-03-01,1149,SNPP,SNPP,n,2,298.72,6.79,D,0
-19.54907,34.92339,333.38,0.44,0.46,2026-03-01,1149,SNPP,SNPP,n,2,297.05,2.05,D,0
-19.65613,34.35367,343.93,0.41,0.45,2026-03-01,1149,SNPP,SNPP,n,2,301.83,43.13,D,0
-19.66915,34.28364,343.87,0.4,0.45,2026-03-01,1149,SNPP,SNPP,n,2,299.1,6.79,D,0
-19.68562,33.3572,333.94,0.54,0.42,2026-03-01,1149,SNPP,SNPP,n,2,297.68,4.7,D,0
-19.04825,35.75982,336.22,0.51,0.49,2026-03-01,1149,SNPP,SNPP,n,2,292.04,6.62,D,0
-19.01376,35.54904,339.47,0.5,0.49,2026-03-01,1149,SNPP,SNPP,n,2,293.5,6.21,D,0
-18.99829,35.60507,332.37,0.5,0.49,2026-03-01,1149,SNPP,SNPP,n,2,292.79,2.82,D,0
-18.86607,35.60482,333.41,0.5,0.49,2026-03-01,1149,SNPP,SNPP,n,2,291.84,5.04,D,0
-18.84765,35.651,331.32,0.51,0.49,2026-03-01,1149,SNPP,SNPP,n,2,291.74,5.5,D,0
-16.20104,33.84459,333.12,0.43,0.46,2026-03-01,1150,SNPP,SNPP,n,2,296.34,11.87,D,2
-16.11966,33.75898,310.96,0.41,0.37,2026-03-01,2259,SNPP,SNPP,n,2,292.22,1.28,N,2
-16.12029,33.76278,311.23,0.41,0.37,2026-03-01,2259,SNPP,SNPP,n,2,292.26,1.85,N,2
-16.1237,33.76218,308.37,0.41,0.37,2026-03-01,2259,SNPP,SNPP,n,2,292.22,2.88,N,2
-16.12837,33.76919,308.3,0.41,0.37,2026-03-01,2259,SNPP,SNPP,n,2,291.39,1.22,N,2
-16.13519,33.76797,306.86,0.41,0.37,2026-03-01,2259,SNPP,SNPP,n,2,291.65,2.18,N,2
-16.13384,33.71725,310.34,0.41,0.37,2026-03-01,2259,SNPP,SNPP,n,2,292.24,2.71,N,2
-16.19232,33.84063,307.28,0.4,0.37,2026-03-01,2259,SNPP,SNPP,n,2,290.75,1.29,N,2
-16.19572,33.84001,316.88,0.4,0.37,2026-03-01,2259,SNPP,SNPP,n,2,291.46,1.6,N,2
-16.19912,33.83939,312.07,0.4,0.37,2026-03-01,2259,SNPP,SNPP,n,2,291.28,1.6,N,2
-16.19975,33.84318,310.42,0.4,0.37,2026-03-01,2259,SNPP,SNPP,n,2,290.46,1.87,N,2
-16.20252,33.83878,305.71,0.4,0.37,2026-03-01,2259,SNPP,SNPP,n,2,290.22,1.36,N,2
-18.55704,33.34127,304.8,0.4,0.37,2026-03-01,2259,SNPP,SNPP,n,2,288.56,0.46,N,0
-17.84365,35.31956,311.4,0.38,0.36,2026-03-01,2259,SNPP,SNPP,n,2,292.18,0.55,N,0
-16.20995,33.84134,309.49,0.4,0.37,2026-03-01,2259,SNPP,SNPP,n,2,288.86,0.84,N,0
-16.11625,33.75959,306.05,0.41,0.37,2026-03-01,2259,SNPP,SNPP,n,2,291.14,1.28,N,2
-21.74809,35.06012,309.28,0.39,0.36,2026-03-01,2300,SNPP,SNPP,n,2,294,1.32,N,2
-26.39422,32.64998,307.8,0.38,0.36,2026-03-01,2302,SNPP,SNPP,n,2,289.2,1.32,N,2
-16.85816,36.24444,334.69,0.47,0.4,2026-03-02,1130,SNPP,SNPP,n,2,296.04,4.91,D,0
-16.9328,35.76343,334.55,0.45,0.39,2026-03-02,1130,SNPP,SNPP,n,2,295.91,4,D,0
-16.84216,36.22784,333.18,0.47,0.4,2026-03-02,1130,SNPP,SNPP,n,2,295.75,3.9,D,0
-16.81251,36.42089,334.01,0.48,0.4,2026-03-02,1130,SNPP,SNPP,n,2,297.04,5.95,D,0
-19.65268,34.31035,341.49,0.39,0.36,2026-03-02,1130,SNPP,SNPP,n,2,293.94,12.86,D,0
-19.64933,34.30976,345.73,0.39,0.36,2026-03-02,1130,SNPP,SNPP,n,2,294.39,12.3,D,0
-19.62659,34.271,331.88,0.39,0.36,2026-03-02,1130,SNPP,SNPP,n,2,295.39,2.85,D,0
-19.42142,34.92359,330.73,0.4,0.37,2026-03-02,1130,SNPP,SNPP,l,2,303.09,6.69,D,0
-19.59859,33.39959,332.12,0.38,0.36,2026-03-02,1130,SNPP,SNPP,n,2,286.41,2.18,D,0
-19.27754,34.79942,337.78,0.4,0.37,2026-03-02,1130,SNPP,SNPP,n,2,291.52,6.45,D,0
-19.23166,34.47378,334.55,0.39,0.36,2026-03-02,1130,SNPP,SNPP,n,2,301.14,2.41,D,0
-19.30999,33.66995,344.93,0.38,0.36,2026-03-02,1130,SNPP,SNPP,n,2,297.7,10.35,D,0
-19.27283,33.58777,331.22,0.38,0.36,2026-03-02,1130,SNPP,SNPP,n,2,300.1,2.48,D,0
-19.1181,34.4649,339.24,0.39,0.36,2026-03-02,1130,SNPP,SNPP,n,2,299.85,3.95,D,0
-19.10921,34.45563,332.12,0.39,0.36,2026-03-02,1130,SNPP,SNPP,n,2,299.66,2.08,D,0
-19.18645,33.81403,332.79,0.39,0.36,2026-03-02,1130,SNPP,SNPP,n,2,299.31,3.45,D,0
-19.06474,34.00835,339.17,0.39,0.36,2026-03-02,1130,SNPP,SNPP,n,2,299.91,4.54,D,0
-18.98338,34.03541,331.93,0.39,0.36,2026-03-02,1130,SNPP,SNPP,n,2,297.14,0.77,D,0
-18.98045,33.96659,330.29,0.39,0.36,2026-03-02,1130,SNPP,SNPP,n,2,300.09,2.81,D,0
-18.68904,34.61337,345.25,0.4,0.37,2026-03-02,1130,SNPP,SNPP,n,2,299.43,2.7,D,0
-18.65825,34.58849,331.89,0.4,0.37,2026-03-02,1130,SNPP,SNPP,l,2,303.69,2.73,D,0
-18.71338,34.17847,339.06,0.39,0.36,2026-03-02,1130,SNPP,SNPP,n,2,298.05,3.76,D,0
-18.54284,34.7396,331.88,0.4,0.37,2026-03-02,1130,SNPP,SNPP,l,2,302.05,2.56,D,0
-18.52709,34.72899,334.56,0.4,0.37,2026-03-02,1130,SNPP,SNPP,n,2,299.44,2.77,D,0
-18.48367,34.67418,336.5,0.4,0.37,2026-03-02,1130,SNPP,SNPP,n,2,299.06,3.12,D,0
-18.45037,34.66437,331.43,0.4,0.37,2026-03-02,1130,SNPP,SNPP,l,2,304.31,3.45,D,0
-18.20645,34.74698,335.07,0.4,0.37,2026-03-02,1130,SNPP,SNPP,n,2,301.37,2.63,D,0
-18.03656,35.47106,336.18,0.43,0.38,2026-03-02,1130,SNPP,SNPP,n,2,295.31,3.53,D,0
-17.9234,35.60961,336.23,0.43,0.38,2026-03-02,1130,SNPP,SNPP,n,2,291.66,6.34,D,0
-17.9288,35.55605,332.61,0.43,0.38,2026-03-02,1130,SNPP,SNPP,n,2,284.85,3.76,D,0
-17.94203,35.12659,334.03,0.42,0.37,2026-03-02,1130,SNPP,SNPP,n,2,295.6,3.73,D,0
-17.5232,36.9639,333.54,0.5,0.41,2026-03-02,1130,SNPP,SNPP,n,2,297.1,6.02,D,0
-17.51944,36.96318,333.79,0.5,0.41,2026-03-02,1130,SNPP,SNPP,n,2,297.47,6.02,D,0
-17.44393,35.87934,333.24,0.45,0.39,2026-03-02,1130,SNPP,SNPP,n,2,286.5,3.57,D,0
-17.41886,35.86657,341.77,0.45,0.39,2026-03-02,1130,SNPP,SNPP,n,2,286.46,6.05,D,0
-17.35795,35.4259,332.74,0.43,0.38,2026-03-02,1130,SNPP,SNPP,n,2,288.92,3.36,D,0
-17.2417,36.03287,338.02,0.46,0.39,2026-03-02,1130,SNPP,SNPP,n,2,294.68,7.19,D,0
-17.23405,35.90339,333.96,0.45,0.39,2026-03-02,1130,SNPP,SNPP,n,2,287.66,1.8,D,0
-17.21389,35.57668,334.33,0.44,0.38,2026-03-02,1130,SNPP,SNPP,n,2,296.53,3.44,D,0
-17.21457,35.57261,334.4,0.44,0.38,2026-03-02,1130,SNPP,SNPP,n,2,292.89,1.61,D,0
-17.15265,35.89789,332.82,0.45,0.39,2026-03-02,1130,SNPP,SNPP,n,2,296.98,2.68,D,0
-17.1627,35.81647,335.15,0.45,0.39,2026-03-02,1130,SNPP,SNPP,n,2,297.4,3.36,D,0
-17.17508,35.591,330.32,0.44,0.38,2026-03-02,1130,SNPP,SNPP,n,2,295.88,1.6,D,0
-17.147,35.73554,331.87,0.44,0.39,2026-03-02,1130,SNPP,SNPP,n,2,296.12,2.35,D,0
-17.14982,35.6757,333.63,0.44,0.39,2026-03-02,1130,SNPP,SNPP,n,2,297.07,5.27,D,0
-17.12938,35.6735,333.82,0.44,0.39,2026-03-02,1130,SNPP,SNPP,n,2,294.58,2.54,D,0
-17.14876,35.40255,330.95,0.43,0.38,2026-03-02,1130,SNPP,SNPP,n,2,298.17,4.14,D,0
-17.05213,35.9159,335.01,0.45,0.39,2026-03-02,1130,SNPP,SNPP,n,2,293.66,2.36,D,0
-16.86797,36.85642,334.86,0.51,0.41,2026-03-02,1130,SNPP,SNPP,n,2,297.36,7.23,D,0
-17.15722,35.15559,340.8,0.42,0.38,2026-03-02,1130,SNPP,SNPP,n,2,296.9,3.2,D,0
-17.28496,34.35087,340.82,0.4,0.37,2026-03-02,1130,SNPP,SNPP,n,2,293.39,4.54,D,0
-17.29525,34.2869,333.03,0.4,0.37,2026-03-02,1130,SNPP,SNPP,n,2,295.28,2.67,D,0
-16.92208,36.50119,335.02,0.48,0.4,2026-03-02,1130,SNPP,SNPP,n,2,297.82,3.29,D,0
-16.9817,35.91618,334.01,0.45,0.39,2026-03-02,1130,SNPP,SNPP,n,2,293.31,2.92,D,0
-16.98091,35.91656,332.15,0.45,0.39,2026-03-02,1130,SNPP,SNPP,n,2,292.43,2.83,D,0
-17.11676,34.91707,332.55,0.42,0.37,2026-03-02,1130,SNPP,SNPP,n,2,292.53,3.93,D,0
-16.63004,34.20991,331.87,0.4,0.37,2026-03-02,1131,SNPP,SNPP,n,2,285.83,2.67,D,0
-16.82305,36.18888,336.03,0.47,0.4,2026-03-02,1131,SNPP,SNPP,n,2,292.84,7.79,D,0
-16.78625,36.38457,330.13,0.48,0.4,2026-03-02,1131,SNPP,SNPP,n,2,297.8,2.92,D,0
-16.81865,36.19268,330.15,0.47,0.4,2026-03-02,1131,SNPP,SNPP,n,2,292.26,5.46,D,0
-16.77134,36.4052,335.28,0.48,0.4,2026-03-02,1131,SNPP,SNPP,n,2,297.26,1.9,D,0
-17.02484,34.59835,333,0.41,0.37,2026-03-02,1131,SNPP,SNPP,n,2,289.46,4.45,D,0
-16.58202,37.09179,330.94,0.53,0.42,2026-03-02,1131,SNPP,SNPP,n,2,295.43,4.87,D,0
-16.79708,35.85764,340.51,0.45,0.39,2026-03-02,1131,SNPP,SNPP,n,2,297.25,5.35,D,0
-16.78126,35.84188,335.74,0.45,0.39,2026-03-02,1131,SNPP,SNPP,n,2,295.97,2.06,D,0
-16.69536,36.31673,334.25,0.48,0.4,2026-03-02,1131,SNPP,SNPP,n,2,295.59,2.75,D,0
-16.78036,35.8422,332.32,0.45,0.39,2026-03-02,1131,SNPP,SNPP,n,2,295.71,2.72,D,0
-16.69698,36.31794,334.66,0.48,0.4,2026-03-02,1131,SNPP,SNPP,n,2,295.36,3.21,D,0
-16.70612,36.24126,334.56,0.47,0.4,2026-03-02,1131,SNPP,SNPP,n,2,296.6,5.07,D,0
-16.76315,35.85662,332.43,0.45,0.39,2026-03-02,1131,SNPP,SNPP,n,2,294.28,2.03,D,0
-16.772,35.67121,333.13,0.45,0.39,2026-03-02,1131,SNPP,SNPP,n,2,294.69,3.11,D,0
-16.62524,36.42629,335.02,0.48,0.4,2026-03-02,1131,SNPP,SNPP,n,2,296.79,5.3,D,0
-16.6541,36.23607,335.96,0.47,0.4,2026-03-02,1131,SNPP,SNPP,n,2,296.3,4.14,D,0
-16.73065,35.69859,334.84,0.45,0.39,2026-03-02,1131,SNPP,SNPP,n,2,294.79,4.38,D,0
-16.70346,35.81543,333.97,0.45,0.39,2026-03-02,1131,SNPP,SNPP,n,2,293.67,3.84,D,0
-16.71136,35.74718,335.73,0.45,0.39,2026-03-02,1131,SNPP,SNPP,n,2,295.5,4.48,D,0
-16.62428,36.01526,333.72,0.46,0.39,2026-03-02,1131,SNPP,SNPP,n,2,297.84,4.05,D,0
-16.63158,35.97175,343.61,0.46,0.39,2026-03-02,1131,SNPP,SNPP,n,2,294.8,7.49,D,0
-16.66447,35.75308,340.54,0.45,0.39,2026-03-02,1131,SNPP,SNPP,n,2,294.33,5.55,D,0
-16.61336,36.0357,335.05,0.46,0.39,2026-03-02,1131,SNPP,SNPP,n,2,296.21,5.02,D,0
-16.65583,35.73853,334.11,0.45,0.39,2026-03-02,1131,SNPP,SNPP,n,2,294.81,5.12,D,0
-16.65367,35.72942,332.98,0.45,0.39,2026-03-02,1131,SNPP,SNPP,n,2,292.96,2.76,D,0
-16.65651,35.71245,330.33,0.45,0.39,2026-03-02,1131,SNPP,SNPP,n,2,293.75,2.64,D,0
-16.65721,35.70828,335.02,0.45,0.39,2026-03-02,1131,SNPP,SNPP,n,2,293.05,4.17,D,0
-16.65081,35.7245,330.63,0.45,0.39,2026-03-02,1131,SNPP,SNPP,n,2,292.77,2.95,D,0
-16.61934,35.86763,336.1,0.46,0.39,2026-03-02,1131,SNPP,SNPP,n,2,295.71,6.42,D,0
-16.6401,35.74436,340.56,0.45,0.39,2026-03-02,1131,SNPP,SNPP,n,2,292.92,12.76,D,0
-16.64152,35.73593,333.25,0.45,0.39,2026-03-02,1131,SNPP,SNPP,n,2,292.66,3.1,D,0
-16.62936,35.72052,334.46,0.45,0.39,2026-03-02,1131,SNPP,SNPP,n,2,294.03,1.8,D,0
-16.52793,36.29395,330.15,0.48,0.4,2026-03-02,1131,SNPP,SNPP,n,2,296.23,5.15,D,0
-16.65041,35.57366,332.04,0.44,0.39,2026-03-02,1131,SNPP,SNPP,n,2,285.97,2.14,D,0
-16.62151,35.72335,339.72,0.45,0.39,2026-03-02,1131,SNPP,SNPP,n,2,292.57,5.01,D,0
-16.56781,35.99554,330.35,0.46,0.39,2026-03-02,1131,SNPP,SNPP,n,2,295.58,2.07,D,0
-16.61509,35.71773,330.35,0.45,0.39,2026-03-02,1131,SNPP,SNPP,n,2,293.87,2.68,D,0
-16.57012,35.93835,331.78,0.46,0.39,2026-03-02,1131,SNPP,SNPP,n,2,293.85,2.21,D,0
-16.63127,35.57863,337.12,0.44,0.39,2026-03-02,1131,SNPP,SNPP,n,2,289.41,6.54,D,0
-16.47907,36.44402,332.25,0.49,0.4,2026-03-02,1131,SNPP,SNPP,n,2,294.71,2.88,D,0
-16.48564,36.38428,339.43,0.48,0.4,2026-03-02,1131,SNPP,SNPP,n,2,295.65,7.72,D,0
-16.48926,36.31968,335.26,0.48,0.4,2026-03-02,1131,SNPP,SNPP,n,2,296.63,3.17,D,0
-16.58212,35.66455,332.84,0.45,0.39,2026-03-02,1131,SNPP,SNPP,n,2,293.66,3.59,D,0
-16.59109,35.58833,334.14,0.44,0.39,2026-03-02,1131,SNPP,SNPP,n,2,291.58,3.3,D,0
-16.57989,35.63371,342.23,0.45,0.39,2026-03-02,1131,SNPP,SNPP,n,2,293.66,5.33,D,0
-16.56657,35.69169,333.09,0.45,0.39,2026-03-02,1131,SNPP,SNPP,n,2,294.58,1.71,D,0
-16.44725,36.37805,331.32,0.48,0.4,2026-03-02,1131,SNPP,SNPP,n,2,295.62,3.04,D,0
-16.42754,36.42635,339.58,0.49,0.4,2026-03-02,1131,SNPP,SNPP,n,2,295.52,4.63,D,0
-16.45165,36.15196,332.29,0.47,0.4,2026-03-02,1131,SNPP,SNPP,n,2,295.21,4.84,D,0
-16.44369,36.13234,331.49,0.47,0.4,2026-03-02,1131,SNPP,SNPP,n,2,297.82,4.13,D,0
-16.41734,36.04663,330.21,0.47,0.4,2026-03-02,1131,SNPP,SNPP,n,2,297.42,2.91,D,0
-16.38473,36.19593,338.58,0.48,0.4,2026-03-02,1131,SNPP,SNPP,n,2,296.07,6.45,D,0
-16.44526,35.63586,334.33,0.45,0.39,2026-03-02,1131,SNPP,SNPP,n,2,294.9,5.11,D,0
-16.41094,35.62121,331.5,0.45,0.39,2026-03-02,1131,SNPP,SNPP,n,2,295.23,2.57,D,0
-16.12136,33.76208,335.49,0.39,0.36,2026-03-02,1131,SNPP,SNPP,n,2,301.79,7.82,D,2
-15.88862,33.02293,331.4,0.39,0.36,2026-03-02,1131,SNPP,SNPP,n,2,300.55,8.1,D,2
-18.55773,34.66904,338.55,0.46,0.39,2026-03-03,1111,SNPP,SNPP,l,2,297.48,21.03,D,0
-16.81354,36.14917,333,0.4,0.37,2026-03-03,1112,SNPP,SNPP,n,2,292.05,2.23,D,0
-16.91347,34.81047,331.01,0.44,0.38,2026-03-03,1112,SNPP,SNPP,l,2,300.54,3.88,D,0
-16.55892,34.47164,334.96,0.45,0.39,2026-03-03,1112,SNPP,SNPP,n,2,297.28,4.85,D,0
-15.78318,38.05172,333.46,0.39,0.36,2026-03-03,1112,SNPP,SNPP,n,2,298.24,3.44,D,0
-16.1228,33.76215,304.05,0.47,0.64,2026-03-03,2221,SNPP,SNPP,n,2,285.35,2.89,N,2
-16.11877,33.76123,305.27,0.47,0.64,2026-03-03,2221,SNPP,SNPP,n,2,285.22,3.05,N,2
-16.19686,33.83641,304.21,0.46,0.64,2026-03-03,2221,SNPP,SNPP,n,2,287.11,2.68,N,2
-16.19781,33.84087,305.39,0.46,0.64,2026-03-03,2221,SNPP,SNPP,n,2,287.33,2.74,N,2
-16.13152,33.71408,302.36,0.73,0.76,2026-03-04,0002,SNPP,SNPP,n,2,284.37,2.92,N,2
-17.63731,35.19034,339.93,0.52,0.5,2026-03-04,1053,SNPP,SNPP,n,2,292.92,6.28,D,0
-17.5595,35.87053,340.22,0.47,0.48,2026-03-04,1053,SNPP,SNPP,n,2,294.65,2.92,D,0
-17.53506,35.77596,332.06,0.48,0.48,2026-03-04,1053,SNPP,SNPP,n,2,294.97,4.26,D,0
-17.61024,35.15395,331.38,0.52,0.5,2026-03-04,1053,SNPP,SNPP,n,2,295.38,4.79,D,0
-17.51625,35.89262,329.82,0.47,0.48,2026-03-04,1053,SNPP,SNPP,n,2,294.85,2.15,D,0
-17.53059,35.77543,341.26,0.48,0.48,2026-03-04,1053,SNPP,SNPP,n,2,295.81,4.26,D,0
-17.5944,35.20765,329.04,0.52,0.5,2026-03-04,1053,SNPP,SNPP,n,2,293.53,3.57,D,0
-17.55301,35.47633,332.87,0.5,0.49,2026-03-04,1053,SNPP,SNPP,n,2,292.68,3.76,D,0
-17.45177,35.73467,330.11,0.48,0.48,2026-03-04,1053,SNPP,SNPP,n,2,291.59,4.32,D,0
-17.41065,35.88503,329.69,0.47,0.48,2026-03-04,1053,SNPP,SNPP,n,2,293.65,1.59,D,0
-17.42371,35.66658,337.52,0.48,0.48,2026-03-04,1053,SNPP,SNPP,n,2,294.86,5.36,D,0
-17.02527,35.75033,329.97,0.47,0.48,2026-03-04,1053,SNPP,SNPP,n,2,293.75,2.57,D,0
-16.76407,36.17194,331.7,0.44,0.46,2026-03-04,1053,SNPP,SNPP,n,2,296.29,5.8,D,0
-16.77429,35.98791,331.43,0.45,0.47,2026-03-04,1053,SNPP,SNPP,n,2,295.53,2.43,D,0
-16.75147,35.7033,334.62,0.47,0.48,2026-03-04,1053,SNPP,SNPP,n,2,292.79,4.31,D,0
-16.74753,35.66117,341.97,0.47,0.48,2026-03-04,1053,SNPP,SNPP,n,2,294.32,8.22,D,0
-16.72793,35.63604,330.31,0.48,0.48,2026-03-04,1053,SNPP,SNPP,n,2,293.18,3.09,D,0
-16.60844,36.17461,330.16,0.44,0.46,2026-03-04,1053,SNPP,SNPP,n,2,294.13,2.78,D,0
-16.66017,35.72142,336.49,0.47,0.48,2026-03-04,1053,SNPP,SNPP,n,2,295.23,2.37,D,0
-16.60847,35.66496,330.3,0.47,0.48,2026-03-04,1053,SNPP,SNPP,n,2,292.36,8.11,D,0
-16.61,35.66642,339.6,0.47,0.48,2026-03-04,1053,SNPP,SNPP,n,2,294.63,9.5,D,0
-16.1993,33.83986,330.39,0.61,0.54,2026-03-04,1053,SNPP,SNPP,n,2,296.8,13.11,D,2
-12.93359,35.07654,300.09,0.4,0.6,2026-03-04,2342,SNPP,SNPP,n,2,283.75,0.84,N,0
-16.19514,33.83879,302.37,0.37,0.58,2026-03-04,2343,SNPP,SNPP,n,2,282.91,1.53,N,2
-16.20093,33.84167,304.82,0.37,0.58,2026-03-04,2343,SNPP,SNPP,n,2,283,1.45,N,2
-18.24263,34.1797,309.01,0.41,0.6,2026-03-04,2343,SNPP,SNPP,n,2,283.98,0.15,N,0
-17.59339,35.07499,329.25,0.54,0.68,2026-03-05,1034,SNPP,SNPP,n,2,293.49,3.33,D,0
-17.59191,35.07439,327.92,0.54,0.68,2026-03-05,1034,SNPP,SNPP,n,2,293.09,3.99,D,0
-16.63977,37.27484,328.82,0.38,0.59,2026-03-05,1034,SNPP,SNPP,n,2,286.03,1.5,D,0
-16.63907,37.27405,328.86,0.38,0.59,2026-03-05,1034,SNPP,SNPP,n,2,285.59,2.08,D,0
-16.49113,35.45084,332.74,0.5,0.66,2026-03-05,1034,SNPP,SNPP,n,2,290.14,4.92,D,0
-25.48793,31.97053,330.41,0.55,0.51,2026-03-05,1212,SNPP,SNPP,n,2,289.21,4.09,D,0
-16.12254,33.76058,296.33,0.54,0.42,2026-03-05,2324,SNPP,SNPP,n,2,271.64,1.08,N,2
-16.13173,33.76951,308.21,0.54,0.42,2026-03-05,2324,SNPP,SNPP,n,2,273.53,1.68,N,2
-16.13264,33.71782,301.67,0.54,0.42,2026-03-05,2324,SNPP,SNPP,n,2,273.57,1.44,N,2
-16.20182,33.84262,295.47,0.55,0.42,2026-03-05,2324,SNPP,SNPP,n,2,270.94,0.53,N,0
-16.19315,33.84224,297.18,0.55,0.42,2026-03-05,2324,SNPP,SNPP,n,2,274.01,0.89,N,2
-16.20103,33.84114,297.16,0.55,0.42,2026-03-05,2324,SNPP,SNPP,n,2,270.09,1.29,N,2
-11.3792,39.5258,333.56,0.48,0.65,2026-03-06,1016,SNPP,SNPP,n,2,288.18,4.37,D,0
-11.37724,39.52453,329.48,0.48,0.65,2026-03-06,1016,SNPP,SNPP,n,2,288.19,4.54,D,0
-26.84394,32.74312,330.4,0.47,0.4,2026-03-06,1153,SNPP,SNPP,n,2,297.91,3.71,D,0
-26.76378,32.33727,337.78,0.46,0.39,2026-03-06,1153,SNPP,SNPP,n,2,299.67,6.11,D,0
-26.76385,32.33467,338.43,0.46,0.39,2026-03-06,1153,SNPP,SNPP,n,2,299.48,7.96,D,0
-26.49252,32.36407,331.77,0.46,0.39,2026-03-06,1153,SNPP,SNPP,n,2,296.43,2.18,D,0
-26.09281,32.52026,331.75,0.47,0.4,2026-03-06,1153,SNPP,SNPP,n,2,296.37,2.09,D,0
-26.12216,32.21284,347.6,0.46,0.39,2026-03-06,1153,SNPP,SNPP,n,2,297.94,7.01,D,3
-26.12298,32.20823,334.51,0.46,0.39,2026-03-06,1153,SNPP,SNPP,n,2,297.45,5.44,D,0
-26.11856,32.21205,341.01,0.46,0.39,2026-03-06,1153,SNPP,SNPP,n,2,297.89,7.01,D,0
-25.64956,32.6907,333.52,0.49,0.4,2026-03-06,1153,SNPP,SNPP,n,2,294.82,5.01,D,0
-19.03938,35.60919,335.17,0.63,0.54,2026-03-06,1155,SNPP,SNPP,n,2,288.9,7.22,D,0
-18.23232,35.9819,328.95,0.34,0.56,2026-03-06,1155,SNPP,SNPP,n,2,292.19,1.69,D,0
-17.39743,35.95869,338.28,0.35,0.57,2026-03-06,1155,SNPP,SNPP,n,2,289.81,1.99,D,0
-17.10704,35.89621,331.36,0.35,0.57,2026-03-06,1156,SNPP,SNPP,n,2,287.1,4.07,D,0
-16.82026,36.43216,330.59,0.39,0.59,2026-03-06,1156,SNPP,SNPP,n,2,293.57,4.38,D,0
-16.88785,35.9633,332.35,0.36,0.58,2026-03-06,1156,SNPP,SNPP,n,2,291.38,3.09,D,0
-16.75643,35.86195,341.02,0.36,0.57,2026-03-06,1156,SNPP,SNPP,n,2,291.2,4.08,D,0
-16.70805,35.62175,347.79,0.35,0.56,2026-03-06,1156,SNPP,SNPP,n,2,289.35,5.24,D,0
-16.61287,35.53206,345.12,0.34,0.56,2026-03-06,1156,SNPP,SNPP,n,2,285.35,3.92,D,0
-15.8872,33.02388,305.34,0.39,0.36,2026-03-06,2305,SNPP,SNPP,n,2,291.41,0.46,N,2
-16.11678,33.75754,308.68,0.38,0.36,2026-03-06,2305,SNPP,SNPP,n,2,294.44,1.42,N,2
-16.11735,33.76114,308.6,0.38,0.36,2026-03-06,2305,SNPP,SNPP,n,2,294.33,1.42,N,2
-16.12068,33.76057,313.03,0.38,0.36,2026-03-06,2305,SNPP,SNPP,n,2,295.59,1.42,N,2
-16.12125,33.76416,308.68,0.38,0.36,2026-03-06,2305,SNPP,SNPP,n,2,294.7,2.03,N,2
-16.12905,33.77023,311.2,0.38,0.36,2026-03-06,2305,SNPP,SNPP,n,2,293.86,1.7,N,0
-16.13237,33.76965,311.63,0.38,0.36,2026-03-06,2305,SNPP,SNPP,n,2,294,2.71,N,2
-16.12941,33.72955,309.22,0.38,0.36,2026-03-06,2305,SNPP,SNPP,n,2,294.06,1.56,N,0
-16.13102,33.71819,307.96,0.38,0.36,2026-03-06,2305,SNPP,SNPP,n,2,294.59,1.25,N,2
-16.13159,33.72179,308.29,0.38,0.36,2026-03-06,2305,SNPP,SNPP,n,2,294.67,1.25,N,2
-16.13434,33.71762,311.66,0.38,0.36,2026-03-06,2305,SNPP,SNPP,n,2,294.95,1.25,N,2
-16.19405,33.84055,310.84,0.38,0.36,2026-03-06,2305,SNPP,SNPP,n,2,292.2,2.43,N,2
-16.19738,33.83998,310.25,0.38,0.36,2026-03-06,2305,SNPP,SNPP,n,2,293.37,1.11,N,2
-16.19795,33.84358,309.75,0.38,0.36,2026-03-06,2305,SNPP,SNPP,n,2,292.66,1.11,N,2
-16.2007,33.83942,311.25,0.38,0.36,2026-03-06,2305,SNPP,SNPP,n,2,292.8,1.11,N,2
-16.20127,33.84301,306.13,0.38,0.36,2026-03-06,2305,SNPP,SNPP,n,2,292.26,1.11,N,2
-16.20793,33.84188,308.56,0.38,0.36,2026-03-06,2305,SNPP,SNPP,n,2,291.8,2.39,N,0
-25.68062,32.5156,336.67,0.39,0.36,2026-03-07,1135,SNPP,SNPP,n,2,301.55,2.12,D,0
-25.56966,32.60743,336.97,0.39,0.36,2026-03-07,1135,SNPP,SNPP,n,2,291.71,2.37,D,0
-25.04894,33.39664,333.37,0.38,0.36,2026-03-07,1135,SNPP,SNPP,n,2,297.15,6.63,D,0
-24.99165,33.18963,334.8,0.38,0.36,2026-03-07,1135,SNPP,SNPP,n,2,287.97,3.95,D,0
-24.98959,33.18929,335.07,0.38,0.36,2026-03-07,1135,SNPP,SNPP,n,2,284.25,6.21,D,0
-23.8451,32.06427,337.99,0.39,0.36,2026-03-07,1135,SNPP,SNPP,n,2,294.68,4.01,D,3
-23.11649,35.44968,334.28,0.43,0.38,2026-03-07,1135,SNPP,SNPP,n,2,283.48,6.99,D,0
-23.11722,35.44544,333.72,0.43,0.38,2026-03-07,1135,SNPP,SNPP,n,2,283.64,5.13,D,0
-22.69034,35.48717,335.4,0.44,0.38,2026-03-07,1135,SNPP,SNPP,n,2,274.55,6.19,D,0
-22.27921,35.39626,332.91,0.44,0.38,2026-03-07,1135,SNPP,SNPP,n,2,286.46,3.58,D,0
-22.25261,35.4441,336.48,0.44,0.38,2026-03-07,1135,SNPP,SNPP,n,2,294.26,4.1,D,0
-19.38624,33.61224,330.23,0.41,0.37,2026-03-07,1136,SNPP,SNPP,n,2,294.15,2.7,D,0
-19.27977,33.6648,332.14,0.41,0.37,2026-03-07,1136,SNPP,SNPP,n,2,296.47,2.46,D,0
-19.22973,33.71212,332.88,0.41,0.37,2026-03-07,1136,SNPP,SNPP,n,2,295.91,2.1,D,0
-19.1402,34.18863,336.05,0.43,0.38,2026-03-07,1136,SNPP,SNPP,n,2,296,2.95,D,0
-19.13671,34.188,340.03,0.43,0.38,2026-03-07,1136,SNPP,SNPP,n,2,297.48,10.3,D,0
-19.13807,34.17987,332.47,0.43,0.38,2026-03-07,1136,SNPP,SNPP,n,2,299.15,3.41,D,0
-19.0666,34.28447,331.57,0.43,0.38,2026-03-07,1136,SNPP,SNPP,n,2,298.15,1.81,D,0
-18.76704,35.57777,330.64,0.49,0.4,2026-03-07,1136,SNPP,SNPP,n,2,298.12,4.43,D,0
-18.76787,35.57309,331.49,0.49,0.4,2026-03-07,1136,SNPP,SNPP,n,2,300.81,4.43,D,0
-18.65639,36.08583,333.71,0.52,0.42,2026-03-07,1136,SNPP,SNPP,n,2,298.84,5.5,D,0
-18.66861,35.49781,339.06,0.49,0.4,2026-03-07,1136,SNPP,SNPP,n,2,297.19,6.25,D,0
-18.66943,35.49316,352.33,0.49,0.4,2026-03-07,1136,SNPP,SNPP,n,2,297.99,11.22,D,0
-18.4714,35.78286,332.57,0.51,0.41,2026-03-07,1136,SNPP,SNPP,n,2,290.08,4,D,0
-18.3658,35.93419,332.01,0.52,0.42,2026-03-07,1136,SNPP,SNPP,n,2,300.61,3.24,D,0
-18.36415,35.93561,331.41,0.52,0.42,2026-03-07,1136,SNPP,SNPP,n,2,300.64,4.21,D,0
-17.85137,35.86639,335.18,0.52,0.42,2026-03-07,1137,SNPP,SNPP,n,2,300.7,4.57,D,0
-17.69989,35.81107,330.66,0.52,0.42,2026-03-07,1137,SNPP,SNPP,n,2,296.13,1.81,D,0
-17.7046,35.34025,331.88,0.5,0.41,2026-03-07,1137,SNPP,SNPP,n,2,299.93,4.56,D,0
-17.70388,35.34179,336.23,0.5,0.41,2026-03-07,1137,SNPP,SNPP,n,2,298.97,3.7,D,0
-17.5265,36.20132,333.03,0.55,0.43,2026-03-07,1137,SNPP,SNPP,n,2,299.64,5.32,D,0
-17.54619,36.04433,334.73,0.54,0.42,2026-03-07,1137,SNPP,SNPP,n,2,301.08,6.5,D,0
-17.65681,35.39035,331.52,0.5,0.41,2026-03-07,1137,SNPP,SNPP,n,2,297.79,2.68,D,0
-17.65741,35.16546,346.4,0.49,0.4,2026-03-07,1137,SNPP,SNPP,n,2,304.25,5.92,D,0
-17.6537,35.16477,349.06,0.49,0.4,2026-03-07,1137,SNPP,SNPP,n,2,305.4,26.96,D,0
-17.59243,35.31599,331.93,0.5,0.41,2026-03-07,1137,SNPP,SNPP,n,2,301.57,2.56,D,0
-17.59218,35.31736,332.32,0.5,0.41,2026-03-07,1137,SNPP,SNPP,n,2,299.62,3.49,D,0
-17.38081,36.13762,334.18,0.55,0.43,2026-03-07,1137,SNPP,SNPP,n,2,299.73,5.96,D,0
-17.3916,36.03254,336.69,0.54,0.42,2026-03-07,1137,SNPP,SNPP,n,2,301.6,4.9,D,0
-17.38213,36.06268,337.58,0.55,0.42,2026-03-07,1137,SNPP,SNPP,n,2,300.56,6.96,D,0
-17.41845,35.83826,336.15,0.53,0.42,2026-03-07,1137,SNPP,SNPP,n,2,301.84,5.95,D,0
-17.48976,35.07999,332.83,0.48,0.4,2026-03-07,1137,SNPP,SNPP,n,2,299.33,3.72,D,0
-17.23693,36.10695,332.89,0.55,0.43,2026-03-07,1137,SNPP,SNPP,n,2,298.39,3.86,D,0
-17.23803,36.1095,334.68,0.55,0.43,2026-03-07,1137,SNPP,SNPP,n,2,297.98,4.23,D,0
-17.14697,35.94022,338.03,0.54,0.42,2026-03-07,1137,SNPP,SNPP,n,2,302.78,5.96,D,0
-17.13139,35.93717,338.97,0.54,0.42,2026-03-07,1137,SNPP,SNPP,n,2,297.72,15.5,D,0
-16.90555,36.55115,335.5,0.4,0.44,2026-03-07,1137,SNPP,SNPP,n,2,299.82,2,D,0
-16.93877,36.0465,334.91,0.55,0.43,2026-03-07,1137,SNPP,SNPP,n,2,296.8,10.22,D,0
-16.93649,36.04327,335.97,0.55,0.43,2026-03-07,1137,SNPP,SNPP,n,2,300.08,11.1,D,0
-17.08665,34.87974,331.07,0.48,0.4,2026-03-07,1137,SNPP,SNPP,n,2,300.78,2.37,D,0
-16.83364,36.25396,334.1,0.57,0.43,2026-03-07,1137,SNPP,SNPP,n,2,296.65,4.21,D,0
-16.73519,36.65792,340.61,0.4,0.44,2026-03-07,1137,SNPP,SNPP,n,2,299.36,3.45,D,0
-16.76084,36.03346,335.08,0.56,0.43,2026-03-07,1137,SNPP,SNPP,n,2,299.3,4.4,D,0
-16.94701,34.7761,331.96,0.48,0.4,2026-03-07,1137,SNPP,SNPP,n,2,300.8,2.65,D,0
-16.59335,36.52456,333.18,0.4,0.44,2026-03-07,1137,SNPP,SNPP,n,2,300.52,3.07,D,0
-16.74612,35.5938,333.91,0.53,0.42,2026-03-07,1137,SNPP,SNPP,n,2,298.57,6.66,D,0
-16.74698,35.58884,331.05,0.53,0.42,2026-03-07,1137,SNPP,SNPP,n,2,298.22,4.36,D,0
-16.56103,36.23923,334.8,0.38,0.43,2026-03-07,1137,SNPP,SNPP,n,2,296.8,1.63,D,0
-16.5694,36.14486,338.52,0.57,0.43,2026-03-07,1137,SNPP,SNPP,n,2,297.37,5.58,D,0
-16.63527,35.67742,335.01,0.53,0.42,2026-03-07,1137,SNPP,SNPP,n,2,300.95,6.07,D,0
-16.6151,35.56544,333.44,0.53,0.42,2026-03-07,1137,SNPP,SNPP,n,2,297.62,3.92,D,0
-16.39012,36.2627,341.76,0.39,0.44,2026-03-07,1137,SNPP,SNPP,n,2,298.26,2.19,D,0
-16.19282,33.84237,331.05,0.44,0.38,2026-03-07,1137,SNPP,SNPP,n,2,298.52,8.31,D,2
-16.19528,33.83985,303.16,0.56,0.43,2026-03-07,2246,SNPP,SNPP,n,2,280.76,2.45,N,2
-16.19921,33.83905,300.45,0.56,0.43,2026-03-07,2246,SNPP,SNPP,n,2,279.4,1.36,N,2
-17.14933,36.91884,311.06,0.4,0.37,2026-03-07,2246,SNPP,SNPP,n,2,293.46,0.43,N,0
-22.79029,35.47701,331.27,0.41,0.37,2026-03-08,1116,SNPP,SNPP,n,2,291.79,2.63,D,0
-22.5725,35.41824,337.81,0.41,0.37,2026-03-08,1116,SNPP,SNPP,n,2,298.87,26.6,D,0
-22.36472,35.43776,340.33,0.41,0.37,2026-03-08,1116,SNPP,SNPP,n,2,296.16,7.19,D,0
-17.72843,35.88245,333.93,0.38,0.36,2026-03-08,1118,SNPP,SNPP,n,2,297.51,2.91,D,0
-17.56063,36.69254,331.04,0.39,0.36,2026-03-08,1118,SNPP,SNPP,n,2,298.92,1.85,D,0
-17.58414,35.74621,337.82,0.39,0.36,2026-03-08,1118,SNPP,SNPP,n,2,290.68,2.64,D,0
-17.50901,36.15039,346.57,0.38,0.36,2026-03-08,1118,SNPP,SNPP,n,2,300.57,11.04,D,0
-17.5311,35.93843,337.04,0.38,0.36,2026-03-08,1118,SNPP,SNPP,n,2,297.38,4.18,D,0
-17.36733,36.23424,341.41,0.38,0.36,2026-03-08,1118,SNPP,SNPP,n,2,296,5.03,D,0
-17.3149,35.98357,336.91,0.38,0.36,2026-03-08,1118,SNPP,SNPP,n,2,302.88,7.29,D,0
-17.24309,36.05737,330.3,0.38,0.36,2026-03-08,1118,SNPP,SNPP,n,2,296.48,1.88,D,0
-17.28492,35.73762,331.93,0.38,0.36,2026-03-08,1118,SNPP,SNPP,n,2,296.11,3.54,D,0
-17.2464,35.63097,332.94,0.39,0.36,2026-03-08,1118,SNPP,SNPP,n,2,294.21,2.75,D,0
-17.15485,36.03162,338,0.38,0.36,2026-03-08,1118,SNPP,SNPP,n,2,297.94,3.3,D,0
-17.1163,36.13594,330.05,0.38,0.36,2026-03-08,1118,SNPP,SNPP,l,2,300.3,2.98,D,0
-17.0196,36.34251,330.46,0.38,0.36,2026-03-08,1118,SNPP,SNPP,l,2,301.41,3.12,D,0
-17.01627,36.34196,331.98,0.38,0.36,2026-03-08,1118,SNPP,SNPP,n,2,299.8,3.73,D,0
-17.03782,35.94088,333.92,0.38,0.36,2026-03-08,1118,SNPP,SNPP,n,2,299.26,2.19,D,0
-16.81117,37.30814,331.78,0.4,0.37,2026-03-08,1118,SNPP,SNPP,n,2,299.18,1.47,D,0
-16.97407,36.22311,333.01,0.38,0.36,2026-03-08,1118,SNPP,SNPP,n,2,300.64,1.66,D,0
-16.95576,36.20893,330.51,0.38,0.36,2026-03-08,1118,SNPP,SNPP,n,2,298.55,1.16,D,0
-16.95744,36.15362,332.34,0.38,0.36,2026-03-08,1118,SNPP,SNPP,n,2,298.27,1.35,D,0
-16.94801,36.14835,330.8,0.38,0.36,2026-03-08,1118,SNPP,SNPP,n,2,299.59,2.15,D,0
-16.85736,36.55676,336.69,0.39,0.36,2026-03-08,1118,SNPP,SNPP,n,2,298.59,2.46,D,0
-16.71876,37.25351,331.88,0.4,0.37,2026-03-08,1118,SNPP,SNPP,n,2,296.26,2.44,D,0
-16.71614,37.22628,335.67,0.4,0.37,2026-03-08,1118,SNPP,SNPP,n,2,296.07,6.77,D,0
-16.86164,36.29657,338,0.38,0.36,2026-03-08,1118,SNPP,SNPP,n,2,300.33,4.74,D,0
-16.90442,36.01835,337.42,0.38,0.36,2026-03-08,1118,SNPP,SNPP,n,2,298.04,3.58,D,0
-16.84267,36.37507,344.96,0.39,0.36,2026-03-08,1118,SNPP,SNPP,n,2,298.2,11.64,D,0
-16.83771,36.34081,336.09,0.39,0.36,2026-03-08,1118,SNPP,SNPP,n,2,299.59,3.77,D,0
-16.83445,36.27349,344.51,0.38,0.36,2026-03-08,1118,SNPP,SNPP,n,2,299.5,5.33,D,0
-16.80927,36.41408,331.64,0.39,0.36,2026-03-08,1118,SNPP,SNPP,n,2,301.05,4.4,D,0
-16.85174,36.1392,334.5,0.38,0.36,2026-03-08,1118,SNPP,SNPP,n,2,301.19,4,D,0
-16.86228,36.07061,334.65,0.38,0.36,2026-03-08,1118,SNPP,SNPP,n,2,299.13,2.32,D,0
-16.84952,36.10921,332.61,0.38,0.36,2026-03-08,1118,SNPP,SNPP,n,2,298.21,3.25,D,0
-16.81954,36.19313,332.41,0.38,0.36,2026-03-08,1118,SNPP,SNPP,l,2,302.76,2.82,D,0
-16.76175,36.52148,333.09,0.39,0.36,2026-03-08,1118,SNPP,SNPP,n,2,301.65,2.24,D,0
-16.64883,37.19179,346.09,0.4,0.37,2026-03-08,1118,SNPP,SNPP,n,2,300.12,4.82,D,0
-16.80847,36.10982,345.39,0.38,0.36,2026-03-08,1118,SNPP,SNPP,n,2,300.13,8.38,D,0
-16.80488,36.09452,332.73,0.38,0.36,2026-03-08,1118,SNPP,SNPP,n,2,298.77,2.88,D,0
-16.81097,36.05481,332.75,0.38,0.36,2026-03-08,1118,SNPP,SNPP,n,2,299.39,1.8,D,0
-16.7559,36.36809,335.94,0.39,0.36,2026-03-08,1118,SNPP,SNPP,n,2,299.09,2.31,D,0
-16.7899,36.10315,334,0.38,0.36,2026-03-08,1118,SNPP,SNPP,n,2,300.55,2.31,D,0
-16.7476,36.33331,342.27,0.39,0.36,2026-03-08,1118,SNPP,SNPP,n,2,299.81,4.27,D,0
-16.76827,36.13288,337.57,0.38,0.36,2026-03-08,1118,SNPP,SNPP,n,2,300.03,7.8,D,0
-16.6971,36.5705,333.88,0.39,0.36,2026-03-08,1118,SNPP,SNPP,n,2,299.62,2.65,D,0
-16.7298,36.36002,334.2,0.39,0.36,2026-03-08,1118,SNPP,SNPP,n,2,300.69,4.42,D,0
-16.76605,36.12512,334.66,0.38,0.36,2026-03-08,1118,SNPP,SNPP,n,2,299.09,1.42,D,0
-16.71302,36.42409,334.62,0.39,0.36,2026-03-08,1118,SNPP,SNPP,n,2,299.74,2.91,D,0
-16.75051,36.02631,330.11,0.38,0.36,2026-03-08,1118,SNPP,SNPP,n,2,298.53,1.97,D,0
-16.67278,36.50675,337.42,0.39,0.36,2026-03-08,1118,SNPP,SNPP,n,2,300.32,3.45,D,0
-16.67335,36.50311,332.97,0.39,0.36,2026-03-08,1118,SNPP,SNPP,n,2,299.43,3.45,D,0
-16.71834,36.12461,335.07,0.38,0.36,2026-03-08,1118,SNPP,SNPP,n,2,300.94,4.51,D,0
-16.67031,36.15687,330.93,0.38,0.36,2026-03-08,1118,SNPP,SNPP,n,2,300.39,1.94,D,0
-16.73985,35.70219,339.29,0.38,0.36,2026-03-08,1118,SNPP,SNPP,n,2,300.59,4.82,D,0
-16.63583,36.26968,334.53,0.39,0.36,2026-03-08,1118,SNPP,SNPP,n,2,300.71,3.4,D,0
-16.57379,36.4711,333.79,0.39,0.36,2026-03-08,1118,SNPP,SNPP,n,2,299.17,3.74,D,0
-16.57102,36.46692,332.11,0.39,0.36,2026-03-08,1118,SNPP,SNPP,n,2,299.16,3.96,D,0
-16.61871,36.13722,331.77,0.38,0.36,2026-03-08,1118,SNPP,SNPP,n,2,301.27,3.95,D,0
-16.69025,35.60153,332.35,0.38,0.36,2026-03-08,1118,SNPP,SNPP,n,2,296.14,2.7,D,0
-16.65162,35.69889,346.48,0.38,0.36,2026-03-08,1118,SNPP,SNPP,n,2,297.23,6.43,D,0
-16.53948,36.41286,339.01,0.39,0.36,2026-03-08,1118,SNPP,SNPP,n,2,299.38,5.64,D,0
-16.49671,36.62181,332.82,0.39,0.36,2026-03-08,1118,SNPP,SNPP,n,2,297.32,2.27,D,0
-16.51037,36.51214,334.15,0.39,0.36,2026-03-08,1118,SNPP,SNPP,n,2,299.36,1.72,D,0
-16.50759,36.50795,331.44,0.39,0.36,2026-03-08,1118,SNPP,SNPP,n,2,300.51,2.44,D,0
-16.57629,35.93009,341.54,0.38,0.36,2026-03-08,1118,SNPP,SNPP,n,2,293.51,5.15,D,0
-16.53579,35.90495,343.65,0.38,0.36,2026-03-08,1118,SNPP,SNPP,n,2,298.51,7.04,D,0
-16.45954,36.35488,333.29,0.39,0.36,2026-03-08,1118,SNPP,SNPP,n,2,296.77,1.83,D,0
-16.53079,35.89305,338.3,0.38,0.36,2026-03-08,1118,SNPP,SNPP,n,2,299.58,5.36,D,0
-16.51641,35.94241,330.88,0.38,0.36,2026-03-08,1118,SNPP,SNPP,n,2,300.3,3.53,D,0
-16.40086,36.456,334.45,0.39,0.36,2026-03-08,1118,SNPP,SNPP,n,2,298.97,2.44,D,0
-16.2255,37.50008,333.54,0.4,0.37,2026-03-08,1118,SNPP,SNPP,n,2,296.28,4.29,D,0
-16.38186,36.49006,332.42,0.39,0.36,2026-03-08,1118,SNPP,SNPP,n,2,296.9,3.68,D,0
-16.39057,36.30202,334.93,0.39,0.36,2026-03-08,1118,SNPP,SNPP,n,2,298.45,3.6,D,0
-16.36506,36.11954,331.38,0.38,0.36,2026-03-08,1118,SNPP,SNPP,n,2,297.66,2.07,D,0
-16.27284,36.23012,333.03,0.39,0.36,2026-03-08,1118,SNPP,SNPP,n,2,298.05,2.4,D,0
-15.8147,37.405,330.22,0.41,0.37,2026-03-08,1118,SNPP,SNPP,n,2,296.69,3.53,D,0
-16.11726,33.75901,301.65,0.37,0.58,2026-03-08,2227,SNPP,SNPP,n,2,287.91,0.87,N,2
-16.13553,33.76616,299.85,0.37,0.58,2026-03-08,2227,SNPP,SNPP,n,2,287.49,0.76,N,0
-16.11865,33.75962,302.1,0.37,0.58,2026-03-08,2228,SNPP,SNPP,n,2,287.9,1.42,N,2
-14.25612,38.25665,345.47,0.41,0.37,2026-03-09,1100,SNPP,SNPP,n,2,297.2,8.55,D,0
-15.15371,40.40891,332.52,0.4,0.37,2026-03-14,1106,SNPP,SNPP,n,2,290.64,1.53,D,0
-16.8953,34.79028,339,0.35,0.57,2026-03-15,1047,SNPP,SNPP,n,2,290.65,4.52,D,0
-22.96796,35.38443,338.69,0.41,0.45,2026-03-17,1148,SNPP,SNPP,n,2,283.29,3.88,D,0
-22.89824,35.51629,338.09,0.42,0.45,2026-03-17,1148,SNPP,SNPP,n,2,285.74,4.47,D,0
-22.80738,35.49171,338.77,0.42,0.45,2026-03-17,1148,SNPP,SNPP,n,2,294.61,4.6,D,0
-22.64577,35.47304,341.11,0.42,0.45,2026-03-17,1148,SNPP,SNPP,n,2,297.43,6.84,D,0
-22.64405,35.39247,340.47,0.41,0.45,2026-03-17,1148,SNPP,SNPP,n,2,295.26,4.13,D,0
-22.29248,35.29518,338.41,0.41,0.45,2026-03-17,1148,SNPP,SNPP,n,2,296.23,3.4,D,0
-26.39498,32.65101,305.89,0.38,0.36,2026-03-17,2302,SNPP,SNPP,n,2,292.01,1.28,N,2
-24.16695,35.45225,341.22,0.39,0.36,2026-03-18,1129,SNPP,SNPP,n,2,301.78,4.48,D,0
-23.05756,35.48248,338.54,0.39,0.36,2026-03-18,1129,SNPP,SNPP,n,2,299.75,3.11,D,0
-23.05145,35.47739,336.32,0.39,0.36,2026-03-18,1129,SNPP,SNPP,n,2,301.78,7.74,D,0
-23.04809,35.47677,337.05,0.39,0.36,2026-03-18,1129,SNPP,SNPP,n,2,299.5,3.2,D,0
-23.03828,35.49479,333.6,0.39,0.36,2026-03-18,1129,SNPP,SNPP,n,2,298.85,3.93,D,0
-23.0389,35.49094,332.22,0.39,0.36,2026-03-18,1129,SNPP,SNPP,n,2,299.44,3.93,D,0
-23.03558,35.40331,337.49,0.39,0.36,2026-03-18,1129,SNPP,SNPP,n,2,298.38,4.44,D,0
-23.01288,35.50194,335.89,0.39,0.36,2026-03-18,1129,SNPP,SNPP,n,2,301.3,6.55,D,0
-22.9374,35.4283,340.66,0.39,0.36,2026-03-18,1129,SNPP,SNPP,n,2,301.15,4.11,D,0
-22.87257,35.44383,336.23,0.39,0.36,2026-03-18,1129,SNPP,SNPP,n,2,302.8,2.78,D,0
-22.82508,35.34422,336.64,0.39,0.36,2026-03-18,1129,SNPP,SNPP,n,2,303.12,15.36,D,0
-22.78678,35.47524,334.72,0.39,0.36,2026-03-18,1129,SNPP,SNPP,n,2,300.7,1.91,D,0
-22.78167,35.39918,338.47,0.39,0.36,2026-03-18,1129,SNPP,SNPP,n,2,306.33,28,D,0
-22.71369,35.47342,344.56,0.39,0.36,2026-03-18,1129,SNPP,SNPP,n,2,302.81,11.07,D,0
-22.64482,35.44872,347.18,0.39,0.36,2026-03-18,1129,SNPP,SNPP,n,2,301.65,13.87,D,0
-22.63772,35.47113,338.29,0.39,0.36,2026-03-18,1129,SNPP,SNPP,n,2,301.33,3.3,D,0
-22.63099,35.46988,334.02,0.39,0.36,2026-03-18,1129,SNPP,SNPP,n,2,301.68,4.37,D,0
-25.00199,33.35784,330.15,0.43,0.46,2026-03-19,1110,SNPP,SNPP,n,2,291.7,1.83,D,0
-24.2948,35.34551,332.9,0.49,0.41,2026-03-19,1110,SNPP,SNPP,n,2,296.57,3.15,D,0
-23.09762,35.42442,334.85,0.48,0.4,2026-03-19,1110,SNPP,SNPP,n,2,296.04,6.17,D,0
-23.02755,35.42992,337.35,0.47,0.4,2026-03-19,1110,SNPP,SNPP,n,2,293.7,5.24,D,0
-22.71381,35.39314,340.13,0.47,0.4,2026-03-19,1110,SNPP,SNPP,n,2,295,17.98,D,0
-16.78833,36.1805,334.63,0.4,0.37,2026-03-19,1112,SNPP,SNPP,n,2,295.89,3.72,D,0
-16.19604,33.84161,301.27,0.47,0.64,2026-03-19,2221,SNPP,SNPP,n,2,277.54,0.89,N,2
-26.39154,32.64969,306.17,0.34,0.56,2026-03-19,2224,SNPP,SNPP,n,2,288.43,0.96,N,2
-24.46705,35.17965,340.07,0.32,0.55,2026-03-20,1051,SNPP,SNPP,n,2,287.43,3.31,D,0
-22.80414,35.49739,335.86,0.58,0.52,2026-03-20,1051,SNPP,SNPP,n,2,293.26,7.94,D,0
-22.80695,35.49713,339.56,0.58,0.52,2026-03-20,1051,SNPP,SNPP,n,2,293.86,5.65,D,0
-22.73086,35.46481,330.86,0.59,0.52,2026-03-20,1051,SNPP,SNPP,n,2,290.63,4.83,D,0
-22.72305,35.493,328.64,0.58,0.52,2026-03-20,1051,SNPP,SNPP,n,2,291.43,3.79,D,0
-25.82038,32.674,325.66,0.66,0.73,2026-03-20,2205,SNPP,SNPP,n,2,286.51,4.26,N,0
-16.13273,33.76915,303.43,0.36,0.57,2026-03-20,2343,SNPP,SNPP,n,2,283.68,1.01,N,2
-16.13206,33.7179,303.99,0.35,0.57,2026-03-20,2343,SNPP,SNPP,n,2,278.55,1.06,N,2
-16.13102,33.77009,305.72,0.36,0.57,2026-03-20,2343,SNPP,SNPP,n,2,283.86,0.9,N,2
-16.13073,33.71878,299.8,0.36,0.57,2026-03-20,2343,SNPP,SNPP,n,2,277.98,1.16,N,2
-16.19295,33.83873,299.98,0.36,0.58,2026-03-20,2343,SNPP,SNPP,n,2,280.6,0.7,N,2
-16.20946,33.84038,298.52,0.36,0.58,2026-03-20,2343,SNPP,SNPP,n,2,278.84,0.26,N,0
-24.1639,35.45272,334.63,0.6,0.71,2026-03-21,1032,SNPP,SNPP,n,2,289.15,4.59,D,0
-24.16026,35.45096,338.37,0.6,0.71,2026-03-21,1032,SNPP,SNPP,n,2,289.36,4.38,D,0
-23.05789,35.48379,331.88,0.59,0.7,2026-03-21,1032,SNPP,SNPP,n,2,290.3,5.97,D,0
-23.02904,35.42134,327.53,0.59,0.7,2026-03-21,1032,SNPP,SNPP,n,2,289.15,3.93,D,0
-23.05999,35.48722,327.6,0.58,0.7,2026-03-21,1032,SNPP,SNPP,n,2,290.33,4.55,D,0
-23.03153,35.42494,327.2,0.59,0.7,2026-03-21,1032,SNPP,SNPP,n,2,290.27,4.5,D,0
-22.5946,35.43133,341.9,0.58,0.7,2026-03-21,1033,SNPP,SNPP,n,2,290.51,7.56,D,0
-22.56386,35.39924,330.1,0.59,0.7,2026-03-21,1033,SNPP,SNPP,n,2,289.8,3.32,D,0
-16.28993,37.30206,340.36,0.38,0.59,2026-03-21,1034,SNPP,SNPP,n,2,290.55,4.99,D,0
-16.12032,33.76245,327.29,0.64,0.72,2026-03-21,1034,SNPP,SNPP,n,2,290.6,7.34,D,2
-16.11889,33.76652,328.09,0.64,0.72,2026-03-21,1034,SNPP,SNPP,n,2,290.21,12.53,D,2
-15.88745,33.022,304.43,0.49,0.4,2026-03-21,2324,SNPP,SNPP,n,2,291.12,0.44,N,2
-16.11729,33.75906,303.22,0.54,0.42,2026-03-21,2324,SNPP,SNPP,n,2,288.2,0.81,N,2
-16.13188,33.72107,305.47,0.53,0.42,2026-03-21,2324,SNPP,SNPP,n,2,292.01,3.46,N,2
-22.5916,35.45925,333.8,0.52,0.5,2026-03-22,1154,SNPP,SNPP,n,2,296.82,8.38,D,0
-22.58855,35.46004,341.36,0.52,0.5,2026-03-22,1154,SNPP,SNPP,n,2,297.27,6.69,D,0
-22.58603,35.44872,330.06,0.52,0.5,2026-03-22,1154,SNPP,SNPP,n,2,296.86,2.96,D,0
-22.1562,35.25797,337.31,0.51,0.5,2026-03-22,1154,SNPP,SNPP,n,2,294.16,4.76,D,0
-17.39842,36.078,327.98,0.36,0.57,2026-03-22,1156,SNPP,SNPP,n,2,291.74,1.82,D,0
-16.83408,36.2149,336.56,0.37,0.58,2026-03-22,1156,SNPP,SNPP,n,2,292.1,4.99,D,0
-16.71819,35.59364,332.25,0.34,0.56,2026-03-22,1156,SNPP,SNPP,n,2,285.45,2.98,D,0
-16.43555,36.214,333.29,0.38,0.59,2026-03-22,1156,SNPP,SNPP,n,2,290.54,3.35,D,0
-16.1172,33.7584,309.27,0.38,0.36,2026-03-22,2305,SNPP,SNPP,n,2,287.08,0.84,N,2
-16.11777,33.762,305.12,0.38,0.36,2026-03-22,2305,SNPP,SNPP,n,2,287.21,0.84,N,2
-16.1211,33.76143,309.12,0.38,0.36,2026-03-22,2305,SNPP,SNPP,n,2,288.41,1.98,N,2
-16.12946,33.77108,305.56,0.38,0.36,2026-03-22,2305,SNPP,SNPP,n,2,286.83,1.26,N,0
-16.13474,33.7185,305.84,0.38,0.36,2026-03-22,2305,SNPP,SNPP,n,2,289.31,1.28,N,2
-16.19188,33.84162,301.8,0.38,0.36,2026-03-22,2305,SNPP,SNPP,n,2,282.99,0.41,N,2
-16.19414,33.84159,310.86,0.38,0.36,2026-03-22,2305,SNPP,SNPP,n,2,284.27,1.21,N,2
-16.19471,33.84519,301.91,0.38,0.36,2026-03-22,2305,SNPP,SNPP,n,2,283.12,1.21,N,2
-25.56936,32.70159,335.08,0.39,0.36,2026-03-23,1135,SNPP,SNPP,n,2,301.58,5.02,D,0
-24.95491,34.00748,334.36,0.39,0.36,2026-03-23,1135,SNPP,SNPP,n,2,300.9,3.98,D,0
-25.02509,33.1723,336.37,0.38,0.36,2026-03-23,1135,SNPP,SNPP,n,2,300.75,6.69,D,0
-24.71381,34.59134,335.5,0.4,0.37,2026-03-23,1135,SNPP,SNPP,n,2,303.85,6.8,D,0
-24.59621,34.83836,330.16,0.4,0.37,2026-03-23,1135,SNPP,SNPP,l,2,303.66,1.62,D,0
-24.31281,35.31891,335.37,0.42,0.37,2026-03-23,1135,SNPP,SNPP,n,2,302.24,2.74,D,0
-24.16802,35.44885,330.92,0.42,0.38,2026-03-23,1135,SNPP,SNPP,l,2,303.6,1.89,D,0
-24.16715,35.44936,333.39,0.42,0.38,2026-03-23,1135,SNPP,SNPP,l,2,303.42,2.37,D,0
-22.65591,35.44955,331.9,0.44,0.38,2026-03-23,1136,SNPP,SNPP,n,2,298.04,1.67,D,0
-22.33805,35.42499,330.5,0.44,0.38,2026-03-23,1136,SNPP,SNPP,n,2,298.83,4.59,D,0
-22.21476,35.28353,341.05,0.43,0.38,2026-03-23,1136,SNPP,SNPP,n,2,299.8,4.12,D,0
-22.19,35.30053,330.63,0.44,0.38,2026-03-23,1136,SNPP,SNPP,l,2,300.95,2.42,D,0
-22.08237,35.2544,343.93,0.43,0.38,2026-03-23,1136,SNPP,SNPP,n,2,299.36,12.19,D,0
-20.11206,33.01926,332.86,0.39,0.36,2026-03-23,1136,SNPP,SNPP,n,2,296.39,2.02,D,0
-18.03524,35.73723,333.38,0.51,0.41,2026-03-23,1137,SNPP,SNPP,n,2,296.17,6.66,D,0
-18.03622,35.73941,334.05,0.51,0.41,2026-03-23,1137,SNPP,SNPP,n,2,295.52,3.63,D,0
-17.16782,35.09731,332.86,0.49,0.4,2026-03-23,1137,SNPP,SNPP,n,2,296.31,4.23,D,0
-16.17829,40.01419,332.18,0.33,0.56,2026-03-23,1137,SNPP,SNPP,n,2,292.8,3.62,D,0
-15.09556,30.40981,329.98,0.39,0.36,2026-03-23,1138,SNPP,SNPP,n,2,291.34,0.74,D,0
-24.18225,35.4289,339.69,0.42,0.38,2026-03-24,1116,SNPP,SNPP,n,2,302.95,9.52,D,0
-22.96389,35.46057,333.24,0.41,0.37,2026-03-24,1117,SNPP,SNPP,n,2,295.62,1.42,D,0
-22.89671,35.48679,347.26,0.41,0.37,2026-03-24,1117,SNPP,SNPP,n,2,306.75,27.12,D,0
-22.89327,35.48622,351.09,0.41,0.37,2026-03-24,1117,SNPP,SNPP,n,2,298.47,27.12,D,0
-22.83124,35.43542,328.67,0.41,0.37,2026-03-24,1117,SNPP,SNPP,l,2,299.89,2.99,D,0
-22.75473,35.36615,330.55,0.41,0.37,2026-03-24,1117,SNPP,SNPP,n,2,296.22,27.7,D,0
-22.7553,35.36211,340.56,0.41,0.37,2026-03-24,1117,SNPP,SNPP,n,2,307.9,27.7,D,0
-22.75184,35.36154,345.58,0.41,0.37,2026-03-24,1117,SNPP,SNPP,n,2,302.08,27.7,D,0
-22.59998,35.4728,335.02,0.41,0.37,2026-03-24,1117,SNPP,SNPP,n,2,299.05,2.46,D,0
-21.98698,35.26128,331.6,0.41,0.37,2026-03-24,1117,SNPP,SNPP,n,2,299.1,2.61,D,0
-18.37269,33.77368,334.56,0.43,0.38,2026-03-24,1118,SNPP,SNPP,n,2,295.89,3.54,D,0
-17.51449,36.89716,335.14,0.39,0.36,2026-03-24,1118,SNPP,SNPP,n,2,298.13,3.23,D,0
-17.40807,35.83764,334.81,0.38,0.36,2026-03-24,1118,SNPP,SNPP,n,2,298.05,2.85,D,0
-17.37024,35.81655,330.33,0.38,0.36,2026-03-24,1118,SNPP,SNPP,n,2,298.07,1.61,D,0
-17.12261,35.40176,334.68,0.39,0.36,2026-03-24,1118,SNPP,SNPP,n,2,299.92,4,D,0
-17.12425,35.39081,332.55,0.39,0.36,2026-03-24,1118,SNPP,SNPP,n,2,298.35,3.91,D,0
-17.03652,35.70092,339.76,0.38,0.36,2026-03-24,1118,SNPP,SNPP,n,2,300.04,3.71,D,0
-16.75317,35.52027,332.82,0.39,0.36,2026-03-24,1118,SNPP,SNPP,n,2,295.23,2.43,D,0
-16.70266,35.57106,330.36,0.38,0.36,2026-03-24,1118,SNPP,SNPP,n,2,289.89,3.55,D,0
-16.54761,35.2449,337.09,0.39,0.36,2026-03-24,1118,SNPP,SNPP,n,2,300.26,3.25,D,0
-16.6786,33.05253,334.05,0.44,0.39,2026-03-24,1118,SNPP,SNPP,n,2,295.77,2.93,D,0
-16.12147,33.7592,303.5,0.38,0.58,2026-03-24,2228,SNPP,SNPP,n,2,290.06,1.17,N,2
-16.12221,33.76281,307.18,0.38,0.58,2026-03-24,2228,SNPP,SNPP,n,2,290.01,1.17,N,2
-16.19621,33.84316,309.49,0.37,0.58,2026-03-24,2228,SNPP,SNPP,n,2,290.86,1.94,N,2
-16.2008,33.83835,303.69,0.37,0.58,2026-03-24,2228,SNPP,SNPP,n,2,290.31,1.47,N,2
-19.20117,33.33039,303.28,0.35,0.57,2026-03-24,2229,SNPP,SNPP,n,2,288.48,0.28,N,0
-19.20076,33.33036,303.27,0.35,0.57,2026-03-24,2229,SNPP,SNPP,n,2,288.72,0.32,N,0
-22.84347,35.44476,332,0.47,0.47,2026-03-25,1058,SNPP,SNPP,n,2,297.16,4.04,D,0
-22.07577,35.19847,330.85,0.47,0.48,2026-03-25,1058,SNPP,SNPP,n,2,294.33,1.95,D,0
-16.11557,33.75644,301.18,0.75,0.77,2026-03-25,2209,SNPP,SNPP,n,2,286.67,1.7,N,2
-16.19764,33.8384,302.46,0.74,0.76,2026-03-25,2209,SNPP,SNPP,n,2,287.35,2,N,2
-16.12858,33.76817,305.12,0.46,0.63,2026-03-25,2350,SNPP,SNPP,n,2,289.37,1.24,N,2
-16.13492,33.71462,302.78,0.45,0.63,2026-03-25,2350,SNPP,SNPP,n,2,289.05,2.2,N,2
-16.20829,33.83924,300.9,0.46,0.64,2026-03-25,2350,SNPP,SNPP,n,2,287.8,1.13,N,0
-22.55207,35.46054,327.3,0.46,0.63,2026-03-26,1039,SNPP,SNPP,n,2,291.3,4.04,D,0
-25.15638,33.45788,334.79,0.42,0.61,2026-03-26,1219,SNPP,SNPP,n,2,290.67,4.77,D,0
-24.85287,33.98857,328.21,0.46,0.63,2026-03-26,1219,SNPP,SNPP,n,2,290.07,3.06,D,0
-15.88826,33.02366,304.86,0.4,0.44,2026-03-26,2331,SNPP,SNPP,n,2,289.26,0.72,N,2
-16.11646,33.75947,307.75,0.45,0.47,2026-03-26,2331,SNPP,SNPP,n,2,289.63,1.33,N,2
-16.13103,33.77017,308.12,0.45,0.47,2026-03-26,2331,SNPP,SNPP,n,2,287.39,2.25,N,2
-16.13312,33.71875,314.24,0.44,0.46,2026-03-26,2331,SNPP,SNPP,n,2,290.64,3.28,N,2
-16.19428,33.83989,305.87,0.45,0.47,2026-03-26,2331,SNPP,SNPP,n,2,289.29,1.62,N,2
-19.51446,32.9166,304.17,0.44,0.46,2026-03-26,2332,SNPP,SNPP,n,2,289.09,0.65,N,0
-23.93134,31.9566,330.01,0.57,0.43,2026-03-27,1201,SNPP,SNPP,l,2,303.69,6.5,D,3
-22.89389,35.42642,331.43,0.32,0.55,2026-03-27,1201,SNPP,SNPP,n,2,279.92,2.45,D,0
-19.7765,34.42673,335.63,0.32,0.54,2026-03-27,1202,SNPP,SNPP,n,2,297.04,2.01,D,0
-16.13372,33.71785,315.32,0.4,0.37,2026-03-27,2312,SNPP,SNPP,n,2,294.04,2.79,N,2
-17.06592,34.82206,304.22,0.44,0.38,2026-03-27,2312,SNPP,SNPP,n,2,286.41,1.02,N,0
-26.50845,32.5409,333.14,0.39,0.36,2026-03-28,1141,SNPP,SNPP,n,2,296.44,3.63,D,0
-25.58041,32.33626,341.07,0.39,0.36,2026-03-28,1141,SNPP,SNPP,n,2,297.43,4.59,D,0
-25.57707,32.33562,333.97,0.39,0.36,2026-03-28,1141,SNPP,SNPP,n,2,296.53,4.59,D,0
-22.26793,35.43152,339.57,0.52,0.41,2026-03-28,1142,SNPP,SNPP,n,2,300.29,5.17,D,0
-22.19719,35.3096,332.68,0.51,0.41,2026-03-28,1142,SNPP,SNPP,n,2,299.94,3.91,D,0
-19.41298,35.00931,332.93,0.54,0.42,2026-03-28,1143,SNPP,SNPP,n,2,295.24,4.19,D,0
-19.25675,34.89691,332.5,0.54,0.42,2026-03-28,1143,SNPP,SNPP,n,2,298.32,4.55,D,0
-19.21779,33.62678,333.66,0.47,0.39,2026-03-28,1143,SNPP,SNPP,n,2,298.87,4.12,D,0
-18.18548,33.08631,334.66,0.45,0.39,2026-03-28,1143,SNPP,SNPP,n,2,298.05,4.21,D,0
-16.7508,33.30949,331.68,0.48,0.4,2026-03-28,1144,SNPP,SNPP,n,2,297.09,1.72,D,0
-16.12061,33.76158,309.84,0.47,0.39,2026-03-28,2253,SNPP,SNPP,n,2,292.56,3.12,N,2
-16.12941,33.76899,307.38,0.47,0.39,2026-03-28,2253,SNPP,SNPP,n,2,291.32,2.66,N,2
-16.13189,33.71886,307.04,0.47,0.4,2026-03-28,2253,SNPP,SNPP,n,2,292.24,2.46,N,2
-16.13419,33.73204,305.34,0.47,0.4,2026-03-28,2253,SNPP,SNPP,n,2,290.92,1.45,N,2
-16.19442,33.84185,312.68,0.46,0.39,2026-03-28,2253,SNPP,SNPP,n,2,292.37,1.23,N,2
-16.19516,33.84619,309.54,0.46,0.39,2026-03-28,2253,SNPP,SNPP,n,2,291.63,1.23,N,2
-16.19803,33.84116,306.08,0.46,0.39,2026-03-28,2253,SNPP,SNPP,n,2,292.02,2.93,N,2
-16.20886,33.83908,306.62,0.46,0.39,2026-03-28,2253,SNPP,SNPP,n,2,291.79,1.42,N,0
-26.39305,32.6511,304.31,0.41,0.37,2026-03-28,2256,SNPP,SNPP,n,2,286.66,0.69,N,2
-20.25158,34.68657,331,0.39,0.36,2026-03-29,1124,SNPP,SNPP,n,2,292.45,2.26,D,0
-20.16552,33.11863,334.87,0.41,0.37,2026-03-29,1124,SNPP,SNPP,n,2,297.88,3.84,D,0
-19.67914,33.41111,339.58,0.4,0.37,2026-03-29,1124,SNPP,SNPP,n,2,295.83,3.93,D,0
-19.14915,35.3889,345.75,0.39,0.36,2026-03-29,1124,SNPP,SNPP,n,2,298.41,5.16,D,0
-17.72312,36.56223,335.45,0.41,0.37,2026-03-29,1125,SNPP,SNPP,n,2,299.49,2.82,D,0
-18.08842,33.1066,343.98,0.4,0.37,2026-03-29,1125,SNPP,SNPP,n,2,291.25,4.87,D,0
-17.99734,33.23093,329.58,0.4,0.37,2026-03-29,1125,SNPP,SNPP,n,2,296.55,2.82,D,0
-17.1229,35.34692,331.48,0.39,0.36,2026-03-29,1125,SNPP,SNPP,n,2,299.54,2.29,D,0
-16.43688,32.83741,343.78,0.4,0.37,2026-03-29,1125,SNPP,SNPP,n,2,300.35,5.57,D,0
-14.84829,40.06754,342.31,0.45,0.47,2026-03-29,1125,SNPP,SNPP,n,2,299.69,5.54,D,0
-16.11918,33.7589,307.92,0.59,0.53,2026-03-29,2234,SNPP,SNPP,n,2,290.5,3.95,N,2
-16.19659,33.84606,296.75,0.58,0.52,2026-03-29,2234,SNPP,SNPP,n,2,274.32,2.01,N,2
-16.19426,33.8455,299.13,0.58,0.52,2026-03-29,2234,SNPP,SNPP,n,2,276.31,1.78,N,2
-19.42671,33.47715,330.74,0.44,0.46,2026-03-30,1105,SNPP,SNPP,n,2,293.31,2.83,D,0
-19.3328,33.44598,335.59,0.45,0.47,2026-03-30,1105,SNPP,SNPP,n,2,290.18,2.96,D,0
-19.0874,34.44929,340.31,0.39,0.44,2026-03-30,1106,SNPP,SNPP,n,2,297.03,6.99,D,0
-19.04228,33.19912,340.84,0.46,0.47,2026-03-30,1106,SNPP,SNPP,n,2,296.33,8.92,D,0
-18.85502,32.75734,335.17,0.49,0.48,2026-03-30,1106,SNPP,SNPP,n,2,294.06,6.23,D,0
-17.79945,35.42065,330.62,0.49,0.41,2026-03-30,1106,SNPP,SNPP,n,2,298.02,2.3,D,0
-17.00496,35.99359,333.15,0.46,0.39,2026-03-30,1106,SNPP,SNPP,n,2,296,3.75,D,0
-16.86882,35.38124,331.87,0.49,0.4,2026-03-30,1106,SNPP,SNPP,n,2,296.68,4.01,D,0
-16.93829,34.85497,342.72,0.52,0.41,2026-03-30,1106,SNPP,SNPP,n,2,299.17,17.16,D,0
-16.48695,36.52332,330.43,0.43,0.38,2026-03-30,1106,SNPP,SNPP,n,2,297.68,2.05,D,0
-16.83196,33.29509,341.51,0.42,0.45,2026-03-30,1106,SNPP,SNPP,n,2,302.33,6.77,D,0
-15.59173,32.77777,329.61,0.44,0.46,2026-03-30,1107,SNPP,SNPP,n,2,296.82,3.44,D,0
-16.1209,33.75984,295.89,0.59,0.7,2026-03-30,2216,SNPP,SNPP,n,2,271.76,0.86,N,2
-16.19414,33.84344,297.49,0.59,0.7,2026-03-30,2216,SNPP,SNPP,n,2,270.85,0.83,N,2
-18.30578,36.73984,312.73,0.35,0.57,2026-03-30,2216,SNPP,SNPP,n,2,291.9,2.15,N,0
-18.305,36.74049,308.45,0.35,0.57,2026-03-30,2216,SNPP,SNPP,n,2,292.08,2.29,N,0
-16.13366,33.71828,296.32,0.58,0.7,2026-03-30,2356,SNPP,SNPP,n,2,276.34,1.24,N,2
-16.13338,33.71785,296.45,0.58,0.7,2026-03-30,2356,SNPP,SNPP,n,2,274.52,1.27,N,2
-26.39207,32.65088,300.63,0.63,0.72,2026-03-30,2359,SNPP,SNPP,n,2,286.58,0.67,N,2
-16.47408,36.56367,345.91,0.52,0.5,2026-03-31,1047,SNPP,SNPP,n,2,293.8,8.56,D,0
-16.4713,36.56533,327.37,0.52,0.5,2026-03-31,1047,SNPP,SNPP,n,2,292.69,3.86,D,0
-26.39353,32.64558,297.65,0.79,0.78,2026-03-31,2200,SNPP,SNPP,n,2,287.6,2.53,N,0
-26.39208,32.65244,301.23,0.32,0.55,2026-03-31,2340,SNPP,SNPP,n,2,290.07,0.73,N,2
-26.39469,32.65059,305.31,0.32,0.55,2026-03-31,2340,SNPP,SNPP,n,2,290.31,0.7,N,2
-23.29794,35.47394,328.35,0.4,0.6,2026-04-01,1207,SNPP,SNPP,n,2,296.42,0.76,D,0
-22.73909,33.00874,341.28,0.57,0.52,2026-04-01,1207,SNPP,SNPP,n,2,294.8,5.42,D,0
-22.26001,32.26706,334.63,0.53,0.5,2026-04-01,1208,SNPP,SNPP,n,2,295.85,3.5,D,0
-26.11683,32.58183,333.65,0.42,0.37,2026-04-02,1148,SNPP,SNPP,n,2,300.86,4.37,D,0
-26.02822,32.52946,330.03,0.42,0.37,2026-04-02,1148,SNPP,SNPP,n,2,301.17,1.25,D,0
-24.19006,35.43689,343.03,0.39,0.44,2026-04-02,1148,SNPP,SNPP,n,2,299.18,3.3,D,0
-16.44438,32.87214,342.78,0.56,0.43,2026-04-02,1150,SNPP,SNPP,n,2,297.85,12.21,D,0
-15.88668,33.02226,303.15,0.43,0.38,2026-04-02,2300,SNPP,SNPP,n,2,289.78,0.41,N,2
-16.117,33.76065,322.3,0.41,0.37,2026-04-02,2300,SNPP,SNPP,n,2,292.95,1.19,N,2
-16.12041,33.76003,306.29,0.41,0.37,2026-04-02,2300,SNPP,SNPP,n,2,293.52,1.19,N,2
-16.12104,33.76384,305.82,0.41,0.37,2026-04-02,2300,SNPP,SNPP,n,2,293.33,1.19,N,2
-16.12914,33.77023,306.36,0.41,0.37,2026-04-02,2300,SNPP,SNPP,n,2,292.88,1.86,N,0
-16.13594,33.76901,304.74,0.41,0.37,2026-04-02,2300,SNPP,SNPP,n,2,292.37,2.01,N,2
-16.13171,33.72279,304.24,0.41,0.37,2026-04-02,2300,SNPP,SNPP,n,2,292.48,1.19,N,2
-16.13385,33.71457,305.02,0.41,0.37,2026-04-02,2300,SNPP,SNPP,n,2,293.42,1.74,N,2
-16.13449,33.71838,305.89,0.41,0.37,2026-04-02,2300,SNPP,SNPP,n,2,293.41,1.19,N,2
-16.19341,33.84059,307.52,0.4,0.37,2026-04-02,2300,SNPP,SNPP,n,2,292.93,1.22,N,2
-16.19403,33.84438,316.06,0.4,0.37,2026-04-02,2300,SNPP,SNPP,n,2,292.48,1.22,N,2
-16.1968,33.83998,305.61,0.4,0.37,2026-04-02,2300,SNPP,SNPP,n,2,292.18,1.22,N,2
-16.2002,33.83936,305.36,0.4,0.37,2026-04-02,2300,SNPP,SNPP,n,2,292.54,1.74,N,2
-24.47979,33.95793,328.99,0.39,0.36,2026-04-02,2302,SNPP,SNPP,n,2,291.6,2.18,N,0
-16.90216,34.0655,336.74,0.4,0.37,2026-04-03,1131,SNPP,SNPP,n,2,295.75,5.8,D,0
-16.11584,33.76205,304,0.47,0.47,2026-04-03,2241,SNPP,SNPP,n,2,291.11,1.72,N,2
-16.1202,33.7611,312.02,0.47,0.47,2026-04-03,2241,SNPP,SNPP,n,2,292.94,1.72,N,2
-16.12022,33.76188,311.92,0.47,0.47,2026-04-03,2241,SNPP,SNPP,n,2,292.73,3.15,N,2
-16.19423,33.84164,309.42,0.46,0.47,2026-04-03,2241,SNPP,SNPP,n,2,292.15,1.05,N,2
-16.19506,33.84599,310.22,0.46,0.47,2026-04-03,2241,SNPP,SNPP,n,2,291.27,1.05,N,2
-16.19856,33.84069,303.49,0.46,0.47,2026-04-03,2241,SNPP,SNPP,n,2,290.97,1.05,N,2
-16.19938,33.84504,303.7,0.46,0.47,2026-04-03,2241,SNPP,SNPP,n,2,291.02,1.05,N,2
-24.48212,33.9589,302.68,0.5,0.41,2026-04-03,2243,SNPP,SNPP,n,2,290.76,1,N,0
-24.49053,33.96211,301.94,0.5,0.41,2026-04-03,2243,SNPP,SNPP,n,2,290.45,0.42,N,0
-24.49426,33.96122,301.42,0.5,0.41,2026-04-03,2243,SNPP,SNPP,n,2,290.7,0.37,N,0
-26.39141,32.64983,301.36,0.54,0.42,2026-04-03,2244,SNPP,SNPP,n,2,290.68,1.36,N,2
-13.36881,40.37792,329.71,0.49,0.4,2026-04-04,1113,SNPP,SNPP,n,2,296.07,2.93,D,0
-16.19568,33.8417,307.73,0.46,0.64,2026-04-04,2222,SNPP,SNPP,n,2,290.76,1.18,N,2
-16.19663,33.84615,309.14,0.46,0.64,2026-04-04,2222,SNPP,SNPP,n,2,290.64,1.18,N,2
-16.20151,33.8402,305.29,0.46,0.64,2026-04-04,2222,SNPP,SNPP,n,2,291.15,1.18,N,2
-24.48202,33.95661,307.58,0.62,0.54,2026-04-04,2224,SNPP,SNPP,n,2,290.77,1.05,N,0
-26.39499,32.65197,305.6,0.34,0.56,2026-04-04,2225,SNPP,SNPP,n,2,291.9,0.65,N,2
-16.13071,33.76693,300.54,0.74,0.76,2026-04-05,0003,SNPP,SNPP,n,2,289.64,1.59,N,2
-16.13307,33.71629,302.84,0.74,0.76,2026-04-05,0003,SNPP,SNPP,n,2,289.65,2.18,N,2
-16.13567,33.71825,301.77,0.74,0.76,2026-04-05,0003,SNPP,SNPP,n,2,289.27,2.71,N,2
-26.61116,32.44872,338.5,0.49,0.65,2026-04-05,1051,SNPP,SNPP,n,2,293.05,4.67,D,0
-17.26966,35.38174,328.02,0.5,0.49,2026-04-05,1054,SNPP,SNPP,n,2,296.51,3.29,D,0
-15.07831,39.79531,333.72,0.41,0.37,2026-04-05,1054,SNPP,SNPP,n,2,300.63,3.35,D,0
-14.73342,40.79018,330.52,0.39,0.36,2026-04-05,1054,SNPP,SNPP,n,2,299.54,2.4,D,0
-26.39495,32.64931,301.17,0.64,0.72,2026-04-05,2206,SNPP,SNPP,n,2,289.18,0.89,N,2
-16.19491,33.84055,299.33,0.37,0.58,2026-04-05,2344,SNPP,SNPP,n,2,287.08,1.23,N,2
-20.19703,34.62312,302.3,0.46,0.64,2026-04-05,2345,SNPP,SNPP,n,2,286.38,0.33,N,0
-26.39196,32.65187,301.74,0.4,0.6,2026-04-05,2347,SNPP,SNPP,n,2,290.8,0.74,N,2
-26.3942,32.65208,302.81,0.4,0.6,2026-04-05,2347,SNPP,SNPP,n,2,290.52,0.6,N,2
-24.85841,34.08603,333.79,0.73,0.76,2026-04-06,1033,SNPP,SNPP,n,2,293.94,4.42,D,0
-24.85686,34.08535,330.42,0.73,0.76,2026-04-06,1033,SNPP,SNPP,n,2,293.79,7.22,D,0
-16.12089,33.76126,327.71,0.63,0.72,2026-04-06,1035,SNPP,SNPP,l,2,299.06,10.75,D,2
-15.25875,39.8324,333.77,0.49,0.49,2026-04-06,1035,SNPP,SNPP,n,2,295.08,1.67,D,0
-15.37321,37.10455,328.08,0.37,0.58,2026-04-06,1035,SNPP,SNPP,n,2,295.09,2.06,D,0
-14.73593,40.78916,331.86,0.42,0.45,2026-04-06,1035,SNPP,SNPP,n,2,299.08,2.55,D,0
-25.58314,32.60498,339.24,0.6,0.53,2026-04-06,1213,SNPP,SNPP,n,2,297.03,5.3,D,0
-24.93353,34.06899,343.19,0.38,0.58,2026-04-06,1213,SNPP,SNPP,n,2,298.67,2.41,D,0
-25.01415,33.35232,330.75,0.34,0.56,2026-04-06,1213,SNPP,SNPP,n,2,297.77,2.62,D,0
-25.01775,33.18986,367,0.33,0.55,2026-04-06,1213,SNPP,SNPP,h,2,297.17,6.14,D,0
-23.08734,35.47176,346.06,0.5,0.66,2026-04-06,1214,SNPP,SNPP,n,2,294.48,5.08,D,0
-15.88901,33.02544,303.81,0.49,0.4,2026-04-06,2325,SNPP,SNPP,n,2,293.56,0.72,N,2
-16.13433,33.71613,305.13,0.54,0.42,2026-04-06,2325,SNPP,SNPP,n,2,294.62,2.61,N,2
-16.19565,33.84267,308.16,0.55,0.43,2026-04-06,2325,SNPP,SNPP,n,2,295.35,3.04,N,2
-14.72918,40.79136,332.64,0.43,0.62,2026-04-07,1017,SNPP,SNPP,n,2,290.28,3.58,D,0
-22.34842,35.41671,348.14,0.53,0.5,2026-04-07,1155,SNPP,SNPP,n,2,298.7,15.22,D,0
-22.35117,35.41431,339.93,0.53,0.5,2026-04-07,1155,SNPP,SNPP,n,2,298.48,8.33,D,0
-22.27091,35.42783,331.54,0.53,0.5,2026-04-07,1155,SNPP,SNPP,n,2,293.75,3.72,D,0
-17.11788,34.47763,331.4,0.58,0.52,2026-04-07,1157,SNPP,SNPP,n,2,299.29,7.91,D,0
-17.11897,34.47214,338.28,0.58,0.52,2026-04-07,1157,SNPP,SNPP,n,2,299.69,7.22,D,0
-17.12014,34.47543,343.35,0.58,0.52,2026-04-07,1157,SNPP,SNPP,n,2,300.52,9.91,D,0
-16.51695,36.51674,329.17,0.4,0.6,2026-04-07,1157,SNPP,SNPP,n,2,286.48,0.92,D,0
-16.70636,35.30106,335.1,0.33,0.55,2026-04-07,1157,SNPP,SNPP,n,2,294.66,4.58,D,0
-16.70699,35.29792,334.54,0.33,0.55,2026-04-07,1157,SNPP,SNPP,n,2,295.46,2.93,D,0
-16.12701,33.76722,304.24,0.38,0.36,2026-04-07,2306,SNPP,SNPP,n,2,293.04,1.79,N,2
-16.13289,33.71826,303.55,0.38,0.36,2026-04-07,2306,SNPP,SNPP,n,2,291.51,2.03,N,2
-24.18727,35.39328,330.8,0.42,0.38,2026-04-08,1136,SNPP,SNPP,n,2,303.12,2.51,D,0
-15.2258,30.27298,329.14,0.39,0.36,2026-04-08,1139,SNPP,SNPP,n,2,297.6,1.45,D,0
-16.12127,33.76413,305.76,0.56,0.43,2026-04-08,2247,SNPP,SNPP,n,2,292.5,2.49,N,2
-16.13336,33.71817,305.5,0.56,0.43,2026-04-08,2247,SNPP,SNPP,n,2,292.22,1.98,N,2
-16.19633,33.84115,306.8,0.55,0.43,2026-04-08,2247,SNPP,SNPP,n,2,292.29,2.71,N,2
-16.20025,33.84035,309.31,0.55,0.43,2026-04-08,2247,SNPP,SNPP,n,2,292.21,2.07,N,2
-26.39246,32.6509,307.47,0.46,0.39,2026-04-08,2250,SNPP,SNPP,n,2,291.57,1.28,N,2
-26.75602,32.809,343.45,0.39,0.44,2026-04-09,1116,SNPP,SNPP,n,2,299.62,4.38,D,0
-22.86546,35.38549,333.13,0.41,0.37,2026-04-09,1117,SNPP,SNPP,n,2,299.59,2.66,D,0
-22.86693,35.27409,329.68,0.41,0.37,2026-04-09,1117,SNPP,SNPP,n,2,298.12,2.37,D,0
-22.60431,35.38527,336.25,0.41,0.37,2026-04-09,1118,SNPP,SNPP,n,2,300.45,7.25,D,0
-22.57659,35.3441,333.16,0.41,0.37,2026-04-09,1118,SNPP,SNPP,n,2,297.06,2.74,D,0
-22.43399,35.46394,328.46,0.41,0.37,2026-04-09,1118,SNPP,SNPP,n,2,297.77,2.96,D,0
-21.72048,35.25315,348.15,0.41,0.37,2026-04-09,1118,SNPP,SNPP,n,2,299.74,14.89,D,0
-18.85249,32.75485,297.94,0.38,0.59,2026-04-09,2229,SNPP,SNPP,n,2,286.19,0.52,N,0
-18.85357,32.75497,297.5,0.38,0.59,2026-04-09,2229,SNPP,SNPP,n,2,286.19,0.62,N,0
-23.07633,35.48552,340.9,0.46,0.47,2026-04-10,1059,SNPP,SNPP,n,2,299.07,9.02,D,0
-23.07738,35.48693,339.13,0.46,0.47,2026-04-10,1059,SNPP,SNPP,n,2,298.81,7.99,D,0
-23.04158,35.48688,335.43,0.46,0.47,2026-04-10,1059,SNPP,SNPP,n,2,303.23,61.65,D,0
-23.02467,35.31578,328.34,0.47,0.48,2026-04-10,1059,SNPP,SNPP,n,2,294.9,2.97,D,0
-22.96615,35.4816,335.08,0.46,0.47,2026-04-10,1059,SNPP,SNPP,n,2,297.39,5.1,D,0
-22.96699,35.47852,343.02,0.46,0.47,2026-04-10,1059,SNPP,SNPP,n,2,298.16,5.85,D,0
-22.5866,35.42574,341.61,0.46,0.47,2026-04-10,1059,SNPP,SNPP,n,2,298.42,6.75,D,0
-22.54942,35.43921,346.13,0.46,0.47,2026-04-10,1059,SNPP,SNPP,n,2,299.46,11.11,D,0
-22.54941,35.44056,338.32,0.46,0.47,2026-04-10,1059,SNPP,SNPP,n,2,298.11,6.36,D,0
-22.54993,35.43612,340.18,0.46,0.47,2026-04-10,1059,SNPP,SNPP,n,2,297.9,6.36,D,0
-16.12168,33.76168,302.55,0.74,0.76,2026-04-10,2210,SNPP,SNPP,n,2,287.56,3.01,N,2
-16.19196,33.84155,300.3,0.73,0.76,2026-04-10,2210,SNPP,SNPP,n,2,287.22,1.64,N,2
-16.19888,33.83948,304.45,0.73,0.76,2026-04-10,2210,SNPP,SNPP,n,2,287.52,2.63,N,2
-16.19598,33.84043,306.82,0.73,0.76,2026-04-10,2210,SNPP,SNPP,n,2,287.89,2.71,N,2
-16.13382,33.71824,305.81,0.46,0.64,2026-04-10,2350,SNPP,SNPP,n,2,289.5,1.74,N,2
-16.13066,33.71774,303.12,0.46,0.64,2026-04-10,2350,SNPP,SNPP,n,2,289.05,1.47,N,2
-25.52498,32.11995,333.4,0.35,0.57,2026-04-11,1220,SNPP,SNPP,n,2,296.36,2.87,D,0
-22.8257,35.50801,330.06,0.63,0.72,2026-04-11,1220,SNPP,SNPP,n,2,291.83,7.86,D,0
-22.81914,35.50591,348.07,0.63,0.72,2026-04-11,1220,SNPP,SNPP,n,2,292.19,7.86,D,0
-15.62267,32.50098,300.51,0.56,0.43,2026-04-11,2331,SNPP,SNPP,n,2,289.55,1.03,N,0
-16.29086,37.30037,302,0.39,0.59,2026-04-11,2331,SNPP,SNPP,n,2,289.64,0.76,N,0
-15.88879,33.02464,303.02,0.4,0.44,2026-04-11,2331,SNPP,SNPP,n,2,290.49,0.64,N,2
-16.11716,33.75902,305.28,0.45,0.47,2026-04-11,2331,SNPP,SNPP,n,2,291.11,1.91,N,2
-16.12203,33.76265,302.41,0.45,0.47,2026-04-11,2331,SNPP,SNPP,n,2,291.6,1.9,N,2
-16.13178,33.76987,306.08,0.45,0.47,2026-04-11,2331,SNPP,SNPP,n,2,291.63,1.46,N,2
-16.13128,33.73105,311.78,0.45,0.47,2026-04-11,2331,SNPP,SNPP,n,2,291.63,2.08,N,2
-16.134,33.71778,311.61,0.45,0.47,2026-04-11,2331,SNPP,SNPP,n,2,292.68,3.44,N,2
-16.19397,33.83985,302.29,0.46,0.47,2026-04-11,2331,SNPP,SNPP,n,2,291.56,1.52,N,2
-16.1989,33.84359,303.38,0.46,0.47,2026-04-11,2331,SNPP,SNPP,n,2,291.16,1.88,N,2
-25.00712,33.41541,330.77,0.45,0.47,2026-04-12,1201,SNPP,SNPP,n,2,294.89,2.58,D,0
-23.13319,35.40825,337.9,0.32,0.54,2026-04-12,1201,SNPP,SNPP,n,2,295.41,2.54,D,0
-23.0418,35.39971,343.13,0.32,0.55,2026-04-12,1201,SNPP,SNPP,n,2,296.33,3.38,D,0
-22.54228,35.44244,331.15,0.33,0.55,2026-04-12,1202,SNPP,SNPP,n,2,295.95,2.55,D,0
-22.88578,33.16414,357,0.47,0.48,2026-04-12,1202,SNPP,SNPP,n,2,302.74,13.14,D,0
-22.88046,33.16777,335.05,0.47,0.48,2026-04-12,1202,SNPP,SNPP,n,2,300.78,5.71,D,0
-22.26128,35.48778,339.26,0.34,0.56,2026-04-12,1202,SNPP,SNPP,n,2,297.58,4.75,D,0
-18.40448,33.95995,331.6,0.32,0.55,2026-04-12,1203,SNPP,SNPP,n,2,295.98,2.29,D,0
-16.63966,35.30398,329.65,0.42,0.61,2026-04-12,1203,SNPP,SNPP,n,2,293.37,4.72,D,0
-13.35855,35.46626,310.43,0.43,0.38,2026-04-12,2312,SNPP,SNPP,n,2,287.87,1.13,N,0
-15.88964,33.02366,307.68,0.39,0.36,2026-04-12,2313,SNPP,SNPP,n,2,292.25,0.7,N,2
-16.1172,33.75919,310.57,0.4,0.37,2026-04-12,2313,SNPP,SNPP,n,2,293.72,1.11,N,2
-16.12116,33.76237,310.33,0.4,0.37,2026-04-12,2313,SNPP,SNPP,n,2,295.05,2.49,N,2
-16.1302,33.73026,318.53,0.4,0.37,2026-04-12,2313,SNPP,SNPP,n,2,294.19,2.48,N,2
-16.13527,33.71796,309.66,0.4,0.37,2026-04-12,2313,SNPP,SNPP,n,2,295.05,2.06,N,2
-16.1959,33.84253,309.59,0.4,0.37,2026-04-12,2313,SNPP,SNPP,n,2,294.76,1.02,N,2
-16.19647,33.84629,306.63,0.4,0.37,2026-04-12,2313,SNPP,SNPP,n,2,293,1.02,N,2
-16.19987,33.84575,306.7,0.4,0.37,2026-04-12,2313,SNPP,SNPP,n,2,293.58,1.02,N,2
-16.20939,33.84052,306.41,0.4,0.37,2026-04-12,2313,SNPP,SNPP,n,2,293.05,1.26,N,0
-23.8479,32.05989,328.48,0.4,0.37,2026-04-12,2315,SNPP,SNPP,n,2,293.42,2.57,N,0
-23.22704,35.06374,331.82,0.49,0.4,2026-04-13,1143,SNPP,SNPP,n,2,298.22,9.64,D,0
-23.07801,35.39205,330.61,0.51,0.41,2026-04-13,1143,SNPP,SNPP,n,2,300.2,1.97,D,0
-23.07603,35.38869,332.55,0.51,0.41,2026-04-13,1143,SNPP,SNPP,n,2,299.53,2.36,D,0
-23.03654,35.41129,345.67,0.51,0.41,2026-04-13,1143,SNPP,SNPP,n,2,301.18,10.43,D,0
-23.02011,35.37166,335.57,0.51,0.41,2026-04-13,1143,SNPP,SNPP,n,2,301.66,3.86,D,0
-22.99511,35.46538,330.8,0.51,0.41,2026-04-13,1143,SNPP,SNPP,l,2,301.79,3.22,D,0
-22.83055,35.49029,339.32,0.52,0.41,2026-04-13,1143,SNPP,SNPP,n,2,302.94,18.72,D,0
-22.83333,35.48802,332.25,0.52,0.41,2026-04-13,1143,SNPP,SNPP,n,2,300.29,4.65,D,0
-22.82858,35.49232,333.13,0.52,0.41,2026-04-13,1143,SNPP,SNPP,n,2,300.01,10.82,D,0
-22.82951,35.48721,331.86,0.52,0.41,2026-04-13,1143,SNPP,SNPP,n,2,300.17,4.65,D,0
-22.81192,35.43099,339.73,0.52,0.41,2026-04-13,1143,SNPP,SNPP,n,2,300.6,4.25,D,0
-22.61463,35.48207,331.1,0.52,0.42,2026-04-13,1143,SNPP,SNPP,n,2,299.96,2.03,D,0
-22.61774,35.47979,330.12,0.52,0.42,2026-04-13,1143,SNPP,SNPP,n,2,300.48,3.5,D,0
-22.33289,35.41405,330.39,0.52,0.42,2026-04-13,1143,SNPP,SNPP,n,2,300.79,3.93,D,0
-22.32335,35.42254,337.68,0.52,0.42,2026-04-13,1143,SNPP,SNPP,n,2,300.76,9.23,D,0
-22.20314,35.46439,334.13,0.53,0.42,2026-04-13,1143,SNPP,SNPP,n,2,300.63,4.94,D,0
-22.24741,35.07966,329.66,0.5,0.41,2026-04-13,1143,SNPP,SNPP,n,2,303.07,2.54,D,0
-19.25795,34.8777,330.1,0.54,0.42,2026-04-13,1144,SNPP,SNPP,n,2,297.76,3.35,D,0
-19.303,33.37236,336.86,0.46,0.39,2026-04-13,1144,SNPP,SNPP,n,2,299.87,7.54,D,0
-19.30227,33.37402,332.85,0.46,0.39,2026-04-13,1144,SNPP,SNPP,n,2,300.32,8.79,D,0
-17.11697,34.4804,335.23,0.56,0.43,2026-04-13,1144,SNPP,SNPP,n,2,300.76,6.08,D,0
-16.49569,32.82782,340.43,0.47,0.39,2026-04-13,1145,SNPP,SNPP,n,2,299.99,5.55,D,0
-16.43339,32.86819,337.58,0.47,0.4,2026-04-13,1145,SNPP,SNPP,n,2,304.05,3.61,D,0
-16.42973,32.86753,336.1,0.47,0.4,2026-04-13,1145,SNPP,SNPP,n,2,303.48,2.28,D,0
-15.88729,33.02376,303.49,0.51,0.41,2026-04-13,2254,SNPP,SNPP,n,2,291.93,0.72,N,2
-16.11764,33.75964,313.83,0.46,0.39,2026-04-13,2254,SNPP,SNPP,n,2,295.26,2.2,N,2
-16.12201,33.76329,312,0.46,0.39,2026-04-13,2254,SNPP,SNPP,n,2,295.41,2.2,N,2
-16.13076,33.77063,306.96,0.46,0.39,2026-04-13,2254,SNPP,SNPP,n,2,294.25,2.9,N,2
-16.13124,33.73027,306.71,0.46,0.39,2026-04-13,2254,SNPP,SNPP,n,2,293.99,1.34,N,2
-16.13335,33.7209,307.42,0.46,0.39,2026-04-13,2254,SNPP,SNPP,n,2,294.86,1.54,N,2
-16.19173,33.84363,303.9,0.46,0.39,2026-04-13,2254,SNPP,SNPP,n,2,292.81,1.61,N,2
-16.19533,33.84293,319.18,0.46,0.39,2026-04-13,2254,SNPP,SNPP,n,2,295.44,1.61,N,2
-16.1918,33.84114,305.26,0.46,0.39,2026-04-13,2254,SNPP,SNPP,n,2,293.59,1.28,N,2
-16.19255,33.84544,304.18,0.46,0.39,2026-04-13,2254,SNPP,SNPP,n,2,292.52,0.67,N,0
-16.19539,33.84045,309.35,0.46,0.39,2026-04-13,2254,SNPP,SNPP,n,2,294.69,1.61,N,2
-16.19615,33.84474,313.25,0.46,0.39,2026-04-13,2254,SNPP,SNPP,n,2,293.81,1.49,N,2
-16.19899,33.83976,310.71,0.46,0.39,2026-04-13,2254,SNPP,SNPP,n,2,294.17,1.61,N,2
-16.19975,33.84405,308.85,0.46,0.39,2026-04-13,2254,SNPP,SNPP,n,2,293.93,1.49,N,2
-17.06633,34.82446,325.16,0.41,0.37,2026-04-13,2254,SNPP,SNPP,n,2,293.78,2.3,N,0
-17.06976,34.82385,323.87,0.41,0.37,2026-04-13,2254,SNPP,SNPP,n,2,293.42,2.3,N,0
-26.2086,32.91473,338.93,0.47,0.4,2026-04-14,1123,SNPP,SNPP,n,2,297.43,5.21,D,0
-24.95994,33.31979,330.49,0.44,0.38,2026-04-14,1123,SNPP,SNPP,n,2,297.51,1.92,D,0
-24.89837,33.32933,330.15,0.44,0.38,2026-04-14,1124,SNPP,SNPP,n,2,297.47,2.84,D,0
-23.72582,35.12943,343.5,0.39,0.36,2026-04-14,1124,SNPP,SNPP,n,2,302.95,10.59,D,0
-23.22478,35.43282,332.19,0.39,0.36,2026-04-14,1124,SNPP,SNPP,n,2,302.83,2.24,D,0
-23.12812,35.20956,331.12,0.39,0.36,2026-04-14,1124,SNPP,SNPP,n,2,299.81,1.83,D,0
-23.00953,35.51872,340.94,0.38,0.36,2026-04-14,1124,SNPP,SNPP,n,2,302.97,5.76,D,0
-22.96255,35.45656,330.86,0.38,0.36,2026-04-14,1124,SNPP,SNPP,n,2,300.8,3.81,D,0
-22.81212,35.39524,331.43,0.38,0.36,2026-04-14,1124,SNPP,SNPP,n,2,303.34,1.77,D,0
-22.76782,35.48415,336.8,0.38,0.36,2026-04-14,1124,SNPP,SNPP,n,2,303.93,9.17,D,0
-22.55313,35.44251,332.88,0.38,0.36,2026-04-14,1124,SNPP,SNPP,n,2,302.1,3.12,D,0
-22.54979,35.44193,335.09,0.38,0.36,2026-04-14,1124,SNPP,SNPP,n,2,301.07,3.12,D,0
-22.33713,35.41965,334.67,0.38,0.36,2026-04-14,1124,SNPP,SNPP,l,2,305.36,23.44,D,0
-22.31653,35.41988,337.23,0.38,0.36,2026-04-14,1124,SNPP,SNPP,n,2,300.15,3.59,D,0
-22.28313,35.20985,335.76,0.39,0.36,2026-04-14,1124,SNPP,SNPP,n,2,297.79,2.58,D,0
-22.057,35.20877,333.83,0.38,0.36,2026-04-14,1124,SNPP,SNPP,n,2,301.92,1.98,D,0
-18.79062,33.84315,333.59,0.39,0.36,2026-04-14,1125,SNPP,SNPP,n,2,296.5,3.69,D,0
-17.95375,33.38374,337.57,0.39,0.36,2026-04-14,1125,SNPP,SNPP,n,2,299.39,11.37,D,0
-17.69505,34.78175,337.81,0.38,0.36,2026-04-14,1125,SNPP,SNPP,n,2,299.57,4.34,D,0
-17.18609,34.45254,330.19,0.38,0.36,2026-04-14,1126,SNPP,SNPP,l,2,301.43,2,D,0
-16.91911,34.83917,335.34,0.39,0.36,2026-04-14,1126,SNPP,SNPP,n,2,300.51,3.45,D,0
-16.51723,36.51934,331.98,0.42,0.38,2026-04-14,1126,SNPP,SNPP,n,2,298.77,2.64,D,0
-16.60332,35.41785,334.12,0.39,0.37,2026-04-14,1126,SNPP,SNPP,n,2,298.3,5.05,D,0
-16.58541,35.31219,340.14,0.39,0.36,2026-04-14,1126,SNPP,SNPP,n,2,297.3,4.17,D,0
-16.51056,35.21199,333.96,0.39,0.36,2026-04-14,1126,SNPP,SNPP,n,2,300.67,5.07,D,0
-16.65952,34.23,338.47,0.38,0.36,2026-04-14,1126,SNPP,SNPP,n,2,302.5,3.98,D,0
-16.28948,33.709,335.87,0.39,0.36,2026-04-14,1126,SNPP,SNPP,n,2,299.78,4.67,D,0
-16.13071,33.7718,331.27,0.38,0.36,2026-04-14,1126,SNPP,SNPP,l,2,304.48,2.8,D,2
-16.12179,33.76295,331.82,0.38,0.36,2026-04-14,1126,SNPP,SNPP,l,2,306.42,5.93,D,2
-16.12454,33.76467,304.27,0.58,0.52,2026-04-14,2235,SNPP,SNPP,n,2,291.58,3.18,N,2
-16.12936,33.76364,303.25,0.58,0.52,2026-04-14,2235,SNPP,SNPP,n,2,291.52,3.18,N,2
-16.13045,33.76919,303.58,0.58,0.52,2026-04-14,2235,SNPP,SNPP,n,2,291.28,2.85,N,2
-21.34033,35.05335,316.47,0.39,0.44,2026-04-14,2236,SNPP,SNPP,n,2,292.68,1.41,N,0
-25.89683,32.43418,314.27,0.46,0.47,2026-04-14,2238,SNPP,SNPP,n,2,290.63,1.62,N,0
-25.89618,32.43182,311.75,0.46,0.47,2026-04-14,2238,SNPP,SNPP,n,2,290.49,1.38,N,0
-24.30504,35.26937,340.46,0.4,0.44,2026-04-15,1105,SNPP,SNPP,n,2,298.64,4.26,D,0
-22.95464,35.42628,340.55,0.56,0.43,2026-04-15,1105,SNPP,SNPP,n,2,302.46,6.65,D,0
-22.83521,35.49669,339.04,0.55,0.43,2026-04-15,1105,SNPP,SNPP,n,2,302.29,7.99,D,0
-22.7602,35.36665,336.03,0.56,0.43,2026-04-15,1105,SNPP,SNPP,n,2,301.62,7.2,D,0
-22.54328,35.4551,334.72,0.55,0.43,2026-04-15,1105,SNPP,SNPP,n,2,301.37,16.66,D,0
-22.56037,35.31812,329.79,0.56,0.43,2026-04-15,1105,SNPP,SNPP,n,2,296.36,2.89,D,0
-22.37976,35.424,331.6,0.55,0.43,2026-04-15,1105,SNPP,SNPP,n,2,295.04,2.96,D,0
-22.22046,35.2751,332.02,0.56,0.43,2026-04-15,1105,SNPP,SNPP,n,2,299.53,4.43,D,0
-18.31983,35.78521,329.37,0.48,0.4,2026-04-15,1106,SNPP,SNPP,n,2,297.7,1.56,D,0
-17.17223,38.40629,341.94,0.39,0.36,2026-04-15,1107,SNPP,SNPP,n,2,304.73,12.31,D,0
-17.47597,36.01421,337.78,0.46,0.39,2026-04-15,1107,SNPP,SNPP,n,2,293.84,4.65,D,0
-17.02142,38.9296,337.59,0.38,0.36,2026-04-15,1107,SNPP,SNPP,n,2,301.84,3.54,D,0
-17.01968,38.92884,335.84,0.38,0.36,2026-04-15,1107,SNPP,SNPP,n,2,298.37,3.03,D,0
-16.70998,35.29168,332.89,0.48,0.4,2026-04-15,1107,SNPP,SNPP,n,2,297.18,2.61,D,0
-16.69337,35.35904,332.91,0.48,0.4,2026-04-15,1107,SNPP,SNPP,n,2,298.33,3.89,D,0
-16.68953,35.3027,338.59,0.48,0.4,2026-04-15,1107,SNPP,SNPP,n,2,299.24,18.42,D,0
-16.50653,36.53857,330.35,0.43,0.38,2026-04-15,1107,SNPP,SNPP,n,2,300.98,1.7,D,0
-16.57339,35.21896,333.69,0.49,0.4,2026-04-15,1107,SNPP,SNPP,n,2,297.38,7.06,D,0
-15.12588,40.5963,332.85,0.41,0.37,2026-04-15,1107,SNPP,SNPP,n,2,296.73,2.29,D,3
-24.93995,34.09806,328.06,0.46,0.64,2026-04-16,1046,SNPP,SNPP,n,2,293.26,2.5,D,0
-24.72483,34.6004,333.47,0.43,0.62,2026-04-16,1046,SNPP,SNPP,n,2,297.4,2.35,D,0
-23.00987,35.32927,346.12,0.37,0.58,2026-04-16,1046,SNPP,SNPP,n,2,295.92,4.62,D,0
-22.8251,35.46089,331.44,0.36,0.57,2026-04-16,1046,SNPP,SNPP,n,2,295.08,2.41,D,0
-22.38019,35.41569,367,0.36,0.57,2026-04-16,1046,SNPP,SNPP,h,2,295.18,5.45,D,0
-22.38053,35.41209,337.95,0.36,0.57,2026-04-16,1046,SNPP,SNPP,n,2,293.61,5.45,D,0
-22.25716,35.48176,333.22,0.36,0.57,2026-04-16,1046,SNPP,SNPP,n,2,296.1,2.17,D,0
-17.74355,35.29699,327.26,0.32,0.55,2026-04-16,1048,SNPP,SNPP,n,2,296.75,2.29,D,0
-17.62638,35.15807,332.15,0.33,0.55,2026-04-16,1048,SNPP,SNPP,n,2,294.3,1.29,D,0
-15.44148,40.36618,330.65,0.45,0.39,2026-04-16,1048,SNPP,SNPP,n,2,297.36,2.75,D,0
-14.51206,39.51788,328.86,0.49,0.4,2026-04-16,1049,SNPP,SNPP,n,2,296.51,3.45,D,0
-22.60971,35.45705,334.59,0.78,0.78,2026-04-16,1227,SNPP,SNPP,n,2,291.37,5.91,D,0
-22.60884,35.4618,328.36,0.79,0.78,2026-04-16,1227,SNPP,SNPP,n,2,291.05,7.87,D,0
-16.13136,33.77103,311.17,0.57,0.52,2026-04-16,2338,SNPP,SNPP,n,2,290.99,3.84,N,2
-16.12925,33.77056,307.87,0.57,0.52,2026-04-16,2338,SNPP,SNPP,n,2,290.82,2.16,N,0
-16.13317,33.72066,307.23,0.57,0.52,2026-04-16,2338,SNPP,SNPP,n,2,291.84,3.06,N,2
-25.89967,32.43117,300.81,0.62,0.54,2026-04-16,2341,SNPP,SNPP,n,2,287.77,0.76,N,0
-14.10683,37.63102,340.73,0.42,0.61,2026-04-17,1030,SNPP,SNPP,n,2,287.54,6.51,D,0
-14.10729,37.62699,331.75,0.42,0.61,2026-04-17,1030,SNPP,SNPP,n,2,286.63,4.69,D,0
-24.27956,35.35307,334.19,0.37,0.58,2026-04-17,1208,SNPP,SNPP,n,2,295.32,3.33,D,0
-22.93554,35.40995,327.6,0.4,0.6,2026-04-17,1208,SNPP,SNPP,n,2,292.31,2.64,D,0
-22.85576,35.48712,341.04,0.41,0.61,2026-04-17,1208,SNPP,SNPP,n,2,294.24,4.45,D,0
-17.0744,34.53539,330.73,0.47,0.64,2026-04-17,1210,SNPP,SNPP,n,2,292.18,2.8,D,0
-16.97406,34.52681,329.6,0.47,0.64,2026-04-17,1210,SNPP,SNPP,n,2,291.91,3.95,D,0
-16.97256,34.52372,334.17,0.47,0.64,2026-04-17,1210,SNPP,SNPP,n,2,292.25,3.1,D,0
-16.51675,35.19694,327.95,0.53,0.67,2026-04-17,1210,SNPP,SNPP,n,2,291.32,4.88,D,0
-15.12036,30.34196,332.96,0.55,0.51,2026-04-17,1210,SNPP,SNPP,n,2,294.07,4.02,D,0
-15.88871,33.02409,306.85,0.42,0.38,2026-04-17,2319,SNPP,SNPP,n,2,291.85,0.72,N,2
-16.11898,33.76051,312.6,0.45,0.39,2026-04-17,2319,SNPP,SNPP,n,2,294.43,2.09,N,2
-15.66172,30.68867,301.02,0.38,0.36,2026-04-17,2319,SNPP,SNPP,n,2,283.95,0.94,N,0
-16.135,33.71902,312.12,0.45,0.39,2026-04-17,2319,SNPP,SNPP,n,2,295.02,2.49,N,2
-16.13307,33.72107,310.02,0.45,0.39,2026-04-17,2319,SNPP,SNPP,n,2,294.84,1.73,N,2
-16.19451,33.84234,311.62,0.46,0.39,2026-04-17,2319,SNPP,SNPP,n,2,293.59,1.62,N,2
-16.20176,33.84126,305.38,0.46,0.39,2026-04-17,2319,SNPP,SNPP,n,2,293.14,2.55,N,2
-16.209,33.84018,304.78,0.46,0.39,2026-04-17,2319,SNPP,SNPP,n,2,292.53,1.38,N,0
-25.26358,32.27393,329.11,0.42,0.37,2026-04-18,1149,SNPP,SNPP,n,2,288.71,3.2,D,0
-25.26565,32.27497,325.94,0.42,0.37,2026-04-18,1149,SNPP,SNPP,n,2,288.15,3.35,D,0
-25.0167,33.19101,328.59,0.45,0.39,2026-04-18,1149,SNPP,SNPP,n,2,285.3,2.92,D,0
-24.41959,35.25557,325.59,0.39,0.44,2026-04-18,1149,SNPP,SNPP,n,2,282.96,2.02,D,0
-19.83834,34.0834,333.69,0.39,0.44,2026-04-18,1150,SNPP,SNPP,n,2,294.77,3.14,D,0
-19.83957,34.08385,329.97,0.39,0.44,2026-04-18,1150,SNPP,SNPP,n,2,294.59,2.86,D,0
-19.60726,33.98392,332.86,0.39,0.44,2026-04-18,1150,SNPP,SNPP,n,2,295.56,2.29,D,0
-19.22758,35.02168,340.58,0.46,0.47,2026-04-18,1150,SNPP,SNPP,n,2,295.89,4.74,D,0
-19.2275,35.02324,349.1,0.46,0.47,2026-04-18,1150,SNPP,SNPP,n,2,296.02,7.08,D,0
-16.62173,36.14529,329.93,0.6,0.53,2026-04-18,1151,SNPP,SNPP,n,2,294.57,4.03,D,0
-16.62132,36.14352,329.21,0.6,0.53,2026-04-18,1151,SNPP,SNPP,n,2,294.54,5.55,D,0
-16.63796,35.28779,330.04,0.53,0.5,2026-04-18,1151,SNPP,SNPP,n,2,296.07,4.92,D,0
-16.73899,34.42303,342.73,0.47,0.47,2026-04-18,1151,SNPP,SNPP,n,2,298.57,6.54,D,0
-16.58116,32.96442,345.73,0.38,0.43,2026-04-18,1151,SNPP,SNPP,n,2,299.82,5.11,D,0
-15.95182,32.20171,331.05,0.53,0.42,2026-04-18,1151,SNPP,SNPP,l,2,301.93,4.76,D,0
-15.95271,32.19675,337.74,0.53,0.42,2026-04-18,1151,SNPP,SNPP,n,2,302.45,4.76,D,0
-15.95152,32.19962,338.25,0.53,0.42,2026-04-18,1151,SNPP,SNPP,n,2,303.68,7.17,D,0
-16.2907,37.29968,310.56,0.41,0.37,2026-04-18,2300,SNPP,SNPP,n,2,291.62,0.87,N,0
-15.88834,33.02307,305.36,0.43,0.38,2026-04-18,2300,SNPP,SNPP,n,2,293.65,0.87,N,2
-16.12023,33.76156,316.54,0.4,0.37,2026-04-18,2300,SNPP,SNPP,n,2,298.05,2.06,N,2
-16.12426,33.76474,308.96,0.4,0.37,2026-04-18,2300,SNPP,SNPP,n,2,296.44,2.06,N,2
-16.13439,33.72002,309.27,0.41,0.37,2026-04-18,2300,SNPP,SNPP,n,2,297.13,1.76,N,2
-16.19333,33.84238,311.28,0.4,0.37,2026-04-18,2300,SNPP,SNPP,n,2,296.36,1.14,N,2
-16.19397,33.84614,309.22,0.4,0.37,2026-04-18,2300,SNPP,SNPP,n,2,295.23,1.14,N,0
-16.19673,33.84176,310.04,0.4,0.37,2026-04-18,2300,SNPP,SNPP,n,2,296.57,1.14,N,2
-16.20012,33.84115,311.88,0.4,0.37,2026-04-18,2300,SNPP,SNPP,n,2,296.51,1.29,N,2
-16.20075,33.84492,310.97,0.4,0.37,2026-04-18,2300,SNPP,SNPP,n,2,296,1.29,N,2
-16.44311,32.88548,305.27,0.43,0.38,2026-04-18,2300,SNPP,SNPP,n,2,293.58,0.66,N,0
-16.44661,32.88485,304.03,0.43,0.38,2026-04-18,2300,SNPP,SNPP,n,2,293.63,0.66,N,0
-16.4439,32.88649,308.19,0.43,0.38,2026-04-18,2300,SNPP,SNPP,n,2,293.45,0.74,N,0
-16.4474,32.88587,307.01,0.43,0.38,2026-04-18,2300,SNPP,SNPP,n,2,293.77,0.74,N,0
-16.4509,32.88524,306.39,0.43,0.38,2026-04-18,2300,SNPP,SNPP,n,2,293.95,0.83,N,0
-16.45858,32.888,315.11,0.43,0.38,2026-04-18,2300,SNPP,SNPP,n,2,293.75,1.16,N,0
-16.57945,32.96134,306.52,0.42,0.38,2026-04-18,2301,SNPP,SNPP,n,2,293.78,0.83,N,0
-21.74857,35.06057,303.54,0.39,0.36,2026-04-18,2302,SNPP,SNPP,n,2,290.05,0.64,N,2
-25.11838,33.24346,334.66,0.4,0.37,2026-04-19,1130,SNPP,SNPP,n,2,296.07,13.25,D,0
-24.61646,35.06493,337.75,0.39,0.36,2026-04-19,1130,SNPP,SNPP,n,2,295.91,2.75,D,0
-23.92704,35.02684,333.12,0.39,0.36,2026-04-19,1130,SNPP,SNPP,n,2,296.98,3.44,D,0
-23.12723,35.29594,331.68,0.39,0.36,2026-04-19,1130,SNPP,SNPP,n,2,295.08,1.85,D,0
-22.28891,35.27506,332.63,0.39,0.37,2026-04-19,1131,SNPP,SNPP,n,2,289.47,3.47,D,0
-19.29095,35.19078,330.78,0.41,0.37,2026-04-19,1131,SNPP,SNPP,n,2,296.83,2.58,D,0
-19.08099,33.35553,335.45,0.38,0.36,2026-04-19,1132,SNPP,SNPP,n,2,299.99,3.97,D,0
-18.45252,35.49546,336.55,0.43,0.38,2026-04-19,1132,SNPP,SNPP,n,2,302.06,4.76,D,0
-18.80219,33.21392,332.25,0.38,0.36,2026-04-19,1132,SNPP,SNPP,n,2,298.84,2.05,D,0
-18.14508,35.80014,330.29,0.44,0.38,2026-04-19,1132,SNPP,SNPP,n,2,299.04,2.23,D,0
-17.34808,34.42929,342.64,0.4,0.37,2026-04-19,1132,SNPP,SNPP,n,2,298.27,4.95,D,0
-17.11736,35.36003,332.35,0.43,0.38,2026-04-19,1132,SNPP,SNPP,l,2,304.65,4.49,D,0
-17.22922,34.366,342.65,0.4,0.37,2026-04-19,1132,SNPP,SNPP,n,2,303.68,7.64,D,0
-16.67959,37.46617,334.56,0.55,0.43,2026-04-19,1132,SNPP,SNPP,n,2,301.14,8.01,D,0
-16.68051,37.46096,330.28,0.55,0.43,2026-04-19,1132,SNPP,SNPP,n,2,299.42,8.01,D,0
-16.98444,34.34629,333.18,0.4,0.37,2026-04-19,1132,SNPP,SNPP,n,2,302.91,2.69,D,0
-16.78672,35.41654,333.8,0.44,0.38,2026-04-19,1132,SNPP,SNPP,n,2,299.04,3.33,D,0
-16.40572,36.3113,330.39,0.49,0.4,2026-04-19,1132,SNPP,SNPP,n,2,298.05,3.71,D,0
-16.51719,35.21412,346.62,0.43,0.38,2026-04-19,1132,SNPP,SNPP,n,2,303.64,8.17,D,0
-16.76434,33.04491,335.56,0.39,0.36,2026-04-19,1132,SNPP,SNPP,n,2,302.03,3.2,D,0
-16.49419,32.98065,347.13,0.39,0.36,2026-04-19,1132,SNPP,SNPP,n,2,306.63,5.02,D,0
-16.46089,32.88609,336.42,0.38,0.36,2026-04-19,1132,SNPP,SNPP,l,2,308.96,3.06,D,0
-16.44758,32.83941,342.89,0.38,0.36,2026-04-19,1132,SNPP,SNPP,n,2,307.57,5.79,D,0
-16.43759,32.7933,330.85,0.38,0.36,2026-04-19,1132,SNPP,SNPP,l,2,304.74,2.21,D,0
-16.43426,32.79275,340.52,0.38,0.36,2026-04-19,1132,SNPP,SNPP,n,2,304.9,2.21,D,0
-16.28601,32.17897,331.27,0.38,0.36,2026-04-19,1132,SNPP,SNPP,l,2,302.88,3.35,D,0
-15.04871,36.74566,330.56,0.53,0.42,2026-04-19,1133,SNPP,SNPP,n,2,299.34,2.98,D,0
-15.62126,32.50062,335.45,0.38,0.36,2026-04-19,1133,SNPP,SNPP,n,2,300.58,3.23,D,0
-15.53764,32.1699,339.98,0.38,0.36,2026-04-19,1133,SNPP,SNPP,n,2,301.99,3.48,D,0
-15.58577,30.61008,332.19,0.41,0.37,2026-04-19,1133,SNPP,SNPP,n,2,301.65,3.47,D,0
-13.44248,35.80445,309.88,0.38,0.43,2026-04-19,2241,SNPP,SNPP,n,2,290.94,1.2,N,0
-16.11956,33.76215,313.7,0.46,0.47,2026-04-19,2242,SNPP,SNPP,n,2,295.63,3.74,N,2
-16.12474,33.76564,308.34,0.46,0.47,2026-04-19,2242,SNPP,SNPP,n,2,295.68,3.1,N,2
-16.13507,33.77258,308.75,0.46,0.47,2026-04-19,2242,SNPP,SNPP,n,2,294.01,1.59,N,2
-16.19287,33.84111,309.14,0.45,0.47,2026-04-19,2242,SNPP,SNPP,n,2,294.89,1.2,N,2
-16.19367,33.84541,309.66,0.45,0.47,2026-04-19,2242,SNPP,SNPP,n,2,293.86,1.2,N,0
-16.19718,33.84016,311.6,0.45,0.47,2026-04-19,2242,SNPP,SNPP,n,2,294.76,1.2,N,2
-16.19798,33.84446,306.25,0.45,0.47,2026-04-19,2242,SNPP,SNPP,n,2,293.92,1.2,N,2
-16.19385,33.84306,315.73,0.45,0.47,2026-04-19,2242,SNPP,SNPP,n,2,295.01,2.21,N,2
-16.19816,33.84212,308.38,0.45,0.47,2026-04-19,2242,SNPP,SNPP,n,2,294.28,2.21,N,2
-16.46235,32.89114,305.72,0.52,0.5,2026-04-19,2242,SNPP,SNPP,n,2,293.34,2.28,N,0
-16.46087,32.88963,306.78,0.52,0.5,2026-04-19,2242,SNPP,SNPP,n,2,293.24,1.77,N,0
-17.22114,36.83194,306.32,0.45,0.39,2026-04-19,2242,SNPP,SNPP,n,2,294.36,0.7,N,0
-25.58227,32.03352,331.84,0.51,0.49,2026-04-20,1111,SNPP,SNPP,n,2,297.62,2.81,D,0
-25.55907,32.07675,351.92,0.51,0.49,2026-04-20,1111,SNPP,SNPP,n,2,300.42,52.25,D,0
-25.55551,32.06592,330.8,0.51,0.49,2026-04-20,1111,SNPP,SNPP,n,2,294.89,4.58,D,0
-25.21207,33.24446,335.83,0.43,0.46,2026-04-20,1111,SNPP,SNPP,n,2,297.47,3.62,D,0
-22.98419,35.36932,329.85,0.47,0.4,2026-04-20,1112,SNPP,SNPP,n,2,297.97,3.18,D,0
-22.75927,35.36887,335.01,0.47,0.39,2026-04-20,1112,SNPP,SNPP,n,2,299.64,4.11,D,0
-22.65775,35.27025,333.06,0.47,0.4,2026-04-20,1112,SNPP,SNPP,n,2,297.95,4.43,D,0
-19.26228,35.08371,332.73,0.44,0.39,2026-04-20,1113,SNPP,SNPP,n,2,300.59,1.96,D,0
-19.2362,34.78215,336.39,0.46,0.39,2026-04-20,1113,SNPP,SNPP,n,2,298.45,5.08,D,0
-18.43386,36.19909,331.06,0.4,0.37,2026-04-20,1113,SNPP,SNPP,n,2,301.87,2.16,D,0
-18.51294,35.60068,336.39,0.42,0.38,2026-04-20,1113,SNPP,SNPP,n,2,301.78,4.41,D,0
-18.44478,36.05135,333.27,0.41,0.37,2026-04-20,1113,SNPP,SNPP,n,2,302.3,3.59,D,0
-18.05145,36.29078,332.56,0.4,0.37,2026-04-20,1113,SNPP,SNPP,n,2,301.8,2.76,D,0
-17.90254,36.78286,330.53,0.39,0.36,2026-04-20,1113,SNPP,SNPP,n,2,302.54,2.01,D,0
-17.97115,35.62001,331.36,0.41,0.37,2026-04-20,1113,SNPP,SNPP,n,2,302.88,2.27,D,0
-17.49744,36.93464,330.76,0.39,0.36,2026-04-20,1113,SNPP,SNPP,n,2,303.79,2.28,D,0
-17.13881,35.33751,332.18,0.42,0.37,2026-04-20,1113,SNPP,SNPP,n,2,301.33,1.66,D,0
-17.12155,35.35904,334.56,0.42,0.37,2026-04-20,1113,SNPP,SNPP,n,2,304.31,4.33,D,0
-17.13711,34.69305,338.93,0.44,0.38,2026-04-20,1113,SNPP,SNPP,n,2,303.95,4.04,D,0
-16.78707,35.48738,333.65,0.41,0.37,2026-04-20,1113,SNPP,SNPP,n,2,302.72,3.44,D,0
-16.74305,34.35378,336.32,0.45,0.39,2026-04-20,1113,SNPP,SNPP,n,2,305.85,3.38,D,0
-16.60757,34.09777,331.35,0.46,0.39,2026-04-20,1113,SNPP,SNPP,n,2,302.5,2.96,D,0
-16.71652,33.11953,337.24,0.52,0.41,2026-04-20,1113,SNPP,SNPP,l,2,307.98,10.44,D,0
-16.71719,33.11464,339.03,0.52,0.41,2026-04-20,1113,SNPP,SNPP,n,2,306.34,10.44,D,0
-16.55116,33.91536,337.87,0.47,0.4,2026-04-20,1113,SNPP,SNPP,n,2,303.52,3.47,D,0
-15.91255,38.04068,336.7,0.39,0.36,2026-04-20,1113,SNPP,SNPP,n,2,302.46,4.96,D,0
-16.48597,32.82439,337.32,0.53,0.42,2026-04-20,1114,SNPP,SNPP,l,2,308.62,6.11,D,0
-16.47818,32.82322,341.22,0.53,0.42,2026-04-20,1114,SNPP,SNPP,n,2,307.47,8.67,D,0
-16.3115,32.00814,343.25,0.39,0.44,2026-04-20,1114,SNPP,SNPP,n,2,301.21,5.35,D,0
-15.99214,32.11902,341.55,0.38,0.44,2026-04-20,1114,SNPP,SNPP,n,2,302.09,4.68,D,0
-15.97698,32.1713,331.2,0.57,0.43,2026-04-20,1114,SNPP,SNPP,l,2,304.51,4.23,D,0
-14.94471,38.26338,347.03,0.4,0.37,2026-04-20,1114,SNPP,SNPP,n,2,302.89,7.02,D,0
-15.11357,36.63288,334.97,0.39,0.36,2026-04-20,1114,SNPP,SNPP,n,2,301.93,5.01,D,0
-16.28915,37.30003,302.46,0.55,0.51,2026-04-20,2223,SNPP,SNPP,n,2,292.45,0.76,N,0
-16.28931,37.29709,303.13,0.55,0.51,2026-04-20,2223,SNPP,SNPP,n,2,292.42,0.86,N,0
-16.11732,33.76191,305.81,0.47,0.64,2026-04-20,2223,SNPP,SNPP,n,2,294.45,1.72,N,2
-16.12105,33.76305,311,0.46,0.64,2026-04-20,2223,SNPP,SNPP,n,2,295.25,3.69,N,2
-16.19344,33.84304,313.13,0.46,0.63,2026-04-20,2223,SNPP,SNPP,n,2,294.21,2.49,N,2
-16.19924,33.84152,306.06,0.46,0.63,2026-04-20,2223,SNPP,SNPP,n,2,294.01,2.82,N,2
-19.48034,33.62047,328.96,0.34,0.56,2026-04-21,1054,SNPP,SNPP,n,2,296.02,1.2,D,0
-17.48035,37.19659,334.32,0.38,0.44,2026-04-21,1054,SNPP,SNPP,n,2,300.71,2.01,D,0
-17.82514,33.35042,331.97,0.34,0.56,2026-04-21,1054,SNPP,SNPP,n,2,297.84,1.86,D,0
-17.41923,34.92425,351.82,0.53,0.5,2026-04-21,1054,SNPP,SNPP,n,2,304.78,15.15,D,0
-17.41801,34.92269,353.17,0.53,0.5,2026-04-21,1054,SNPP,SNPP,n,2,303.99,13.59,D,0
-17.39776,34.47989,334.41,0.57,0.52,2026-04-21,1054,SNPP,SNPP,n,2,300.4,4.32,D,0
-17.13922,35.34325,335.03,0.49,0.49,2026-04-21,1054,SNPP,SNPP,n,2,299.47,4.74,D,0
-17.12559,35.34155,345.41,0.49,0.49,2026-04-21,1054,SNPP,SNPP,n,2,301.5,5.66,D,0
-17.23525,34.34314,335.18,0.58,0.52,2026-04-21,1054,SNPP,SNPP,n,2,298.31,4.19,D,0
-17.12661,34.6087,335.77,0.55,0.51,2026-04-21,1054,SNPP,SNPP,n,2,298.23,3.18,D,0
-16.58113,32.96707,333.54,0.35,0.57,2026-04-21,1055,SNPP,SNPP,l,2,306.24,3.79,D,0
-16.46979,32.77439,347.97,0.36,0.57,2026-04-21,1055,SNPP,SNPP,n,2,304.14,6.02,D,0
-16.4561,32.4529,335.24,0.38,0.58,2026-04-21,1055,SNPP,SNPP,n,2,303.35,2.57,D,0
-15.94527,32.18869,344.73,0.38,0.59,2026-04-21,1055,SNPP,SNPP,n,2,300.91,7.99,D,0
-15.0511,33.24669,334.39,0.32,0.54,2026-04-21,1055,SNPP,SNPP,n,2,296.22,2.18,D,0
-16.13262,33.77164,304.1,0.37,0.58,2026-04-21,2344,SNPP,SNPP,n,2,294.02,0.83,N,2
-16.13192,33.71916,308.87,0.36,0.58,2026-04-21,2344,SNPP,SNPP,n,2,295.99,1.77,N,2
-16.13421,33.7708,305.94,0.37,0.58,2026-04-21,2344,SNPP,SNPP,n,2,294.45,1.34,N,2
-16.13387,33.71818,307.58,0.36,0.58,2026-04-21,2344,SNPP,SNPP,n,2,295.98,2.1,N,2
-16.83658,34.1694,332.95,0.6,0.7,2026-04-22,1036,SNPP,SNPP,n,2,294.74,3.39,D,0
-16.17756,36.89452,328.63,0.39,0.59,2026-04-22,1036,SNPP,SNPP,n,2,294.24,3.29,D,0
-14.74491,40.81068,341.27,0.42,0.45,2026-04-22,1036,SNPP,SNPP,n,2,299.1,3.76,D,0
-24.63377,35.03027,336.44,0.44,0.62,2026-04-22,1214,SNPP,SNPP,n,2,292.76,3.04,D,0
-18.52889,33.81134,342.65,0.5,0.66,2026-04-22,1216,SNPP,SNPP,n,2,290.79,9.72,D,0
-16.33225,32.19617,330.73,0.44,0.62,2026-04-22,1216,SNPP,SNPP,n,2,297.39,2.3,D,0
-16.33203,32.19595,330.77,0.44,0.62,2026-04-22,1216,SNPP,SNPP,n,2,297.12,3.6,D,0
-15.20042,30.26805,338.81,0.34,0.56,2026-04-22,1217,SNPP,SNPP,n,2,297.1,4.3,D,0
-15.20033,30.26787,339.77,0.34,0.56,2026-04-22,1217,SNPP,SNPP,n,2,296.88,4.75,D,0
-16.12009,33.75837,306.76,0.55,0.42,2026-04-22,2326,SNPP,SNPP,n,2,294.31,3.19,N,2
-16.13397,33.77197,306.5,0.55,0.43,2026-04-22,2326,SNPP,SNPP,n,2,293.21,3.24,N,2
-16.13487,33.71957,308.59,0.54,0.42,2026-04-22,2326,SNPP,SNPP,n,2,294.63,3.76,N,2
-16.19592,33.84219,307.51,0.55,0.43,2026-04-22,2326,SNPP,SNPP,n,2,293.87,1.71,N,2
-14.70513,39.22972,326.35,0.54,0.68,2026-04-23,1017,SNPP,SNPP,n,2,290.09,2.91,D,0
-14.70273,39.22674,327.12,0.54,0.68,2026-04-23,1017,SNPP,SNPP,n,2,291.96,2.34,D,0
-18.45543,34.73707,356.6,0.57,0.52,2026-04-23,1157,SNPP,SNPP,n,2,294.61,16.97,D,0
-18.4784,34.34892,342.27,0.54,0.51,2026-04-23,1157,SNPP,SNPP,n,2,297.92,10.99,D,0
-18.4765,34.35109,343.42,0.54,0.51,2026-04-23,1157,SNPP,SNPP,n,2,297.34,15.33,D,0
-17.43721,34.92682,339.85,0.62,0.54,2026-04-23,1157,SNPP,SNPP,n,2,296.58,6.14,D,0
-16.6045,35.4105,340.28,0.34,0.56,2026-04-23,1157,SNPP,SNPP,n,2,295.59,2.7,D,0
-16.71848,34.20142,344.7,0.57,0.52,2026-04-23,1157,SNPP,SNPP,n,2,295.4,14.13,D,0
-16.14233,33.79541,334.21,0.55,0.51,2026-04-23,1158,SNPP,SNPP,n,2,297.29,5.09,D,0
-15.22895,35.80637,331.59,0.39,0.59,2026-04-23,1158,SNPP,SNPP,n,2,297.26,3.7,D,0
-15.67449,31.37081,335.24,0.4,0.44,2026-04-23,1158,SNPP,SNPP,n,2,299.74,1.2,D,0
-15.54154,30.73411,333.41,0.55,0.43,2026-04-23,1158,SNPP,SNPP,n,2,299.69,3.28,D,0
-15.55916,30.38005,334.62,0.52,0.42,2026-04-23,1158,SNPP,SNPP,n,2,301.45,5.56,D,0
-15.0816,30.23829,333.67,0.52,0.42,2026-04-23,1158,SNPP,SNPP,n,2,299.52,4,D,0
-16.29123,37.30016,329.5,0.47,0.4,2026-04-23,2307,SNPP,SNPP,n,2,292.06,3.36,N,0
-16.11891,33.76098,311.22,0.38,0.36,2026-04-23,2307,SNPP,SNPP,n,2,296.12,0.95,N,2
-16.11948,33.76458,307.4,0.38,0.36,2026-04-23,2307,SNPP,SNPP,n,2,295.04,0.95,N,2
-16.12281,33.76401,306.99,0.38,0.36,2026-04-23,2307,SNPP,SNPP,n,2,295.41,0.95,N,2
-16.1345,33.7731,309,0.38,0.36,2026-04-23,2307,SNPP,SNPP,n,2,294.21,0.81,N,2
-16.19185,33.84131,306.27,0.38,0.36,2026-04-23,2307,SNPP,SNPP,n,2,294.21,0.76,N,2
-16.19518,33.84075,307.24,0.38,0.36,2026-04-23,2307,SNPP,SNPP,n,2,294.77,0.76,N,2
-16.19907,33.84378,309.44,0.38,0.36,2026-04-23,2307,SNPP,SNPP,n,2,294.69,1.52,N,2
-16.20905,33.84208,306.12,0.38,0.36,2026-04-23,2307,SNPP,SNPP,n,2,293.77,0.72,N,0
-16.88065,34.04878,304.4,0.39,0.36,2026-04-23,2307,SNPP,SNPP,n,2,292.7,0.6,N,0
-16.80942,33.27476,344.17,0.39,0.36,2026-04-23,2307,SNPP,SNPP,n,2,292.43,6.57,N,0
-18.08663,35.68118,331.19,0.52,0.41,2026-04-24,1138,SNPP,SNPP,n,2,296.95,4.1,D,0
-17.17661,34.45812,338.95,0.46,0.39,2026-04-24,1139,SNPP,SNPP,n,2,300.65,6.58,D,0
-16.74366,34.41067,336.64,0.47,0.39,2026-04-24,1139,SNPP,SNPP,n,2,301.33,6.18,D,0
-16.179,37.29816,340.71,0.46,0.47,2026-04-24,1139,SNPP,SNPP,n,2,294.53,8.76,D,0
-16.17979,37.29389,341.44,0.46,0.47,2026-04-24,1139,SNPP,SNPP,n,2,300.26,8.76,D,0
-16.51163,35.21247,339.74,0.51,0.41,2026-04-24,1139,SNPP,SNPP,n,2,303.5,13.89,D,0
-16.72443,33.13026,349.19,0.42,0.37,2026-04-24,1139,SNPP,SNPP,n,2,306.72,6.43,D,0
-16.47779,32.76184,338.53,0.41,0.37,2026-04-24,1139,SNPP,SNPP,l,2,310.28,4.38,D,0
-16.47437,32.76126,351.06,0.41,0.37,2026-04-24,1139,SNPP,SNPP,n,2,308.71,14.2,D,0
-16.09133,33.61382,332.15,0.44,0.38,2026-04-24,1139,SNPP,SNPP,n,2,301.76,4.1,D,0
-16.09202,33.60972,336.46,0.44,0.38,2026-04-24,1139,SNPP,SNPP,n,2,301.72,4.1,D,0
-16.09267,33.61037,339.47,0.44,0.38,2026-04-24,1139,SNPP,SNPP,n,2,302.71,8.76,D,0
-16.16044,31.93423,333.83,0.39,0.36,2026-04-24,1139,SNPP,SNPP,n,2,304.34,4.38,D,0
-16.15707,31.93369,345.58,0.39,0.36,2026-04-24,1139,SNPP,SNPP,n,2,306.44,4.38,D,0
-15.0716,37.16018,328.87,0.47,0.48,2026-04-24,1139,SNPP,SNPP,n,2,297.59,2.97,D,0
-16.04659,31.36913,336.56,0.39,0.36,2026-04-24,1139,SNPP,SNPP,n,2,303.63,3.34,D,0
-15.7232,31.82196,337.12,0.39,0.36,2026-04-24,1139,SNPP,SNPP,n,2,305.97,3.43,D,0
-15.75078,31.0158,335.39,0.38,0.36,2026-04-24,1139,SNPP,SNPP,n,2,304.63,2.37,D,0
-15.74634,31.02245,346.13,0.38,0.36,2026-04-24,1139,SNPP,SNPP,n,2,307.41,6.21,D,3
-15.74689,31.01885,338.95,0.38,0.36,2026-04-24,1139,SNPP,SNPP,n,2,306.91,2.37,D,0
-15.74744,31.01525,333.85,0.38,0.36,2026-04-24,1139,SNPP,SNPP,l,2,307.32,2.37,D,0
-15.748,31.01165,339.34,0.38,0.36,2026-04-24,1139,SNPP,SNPP,n,2,306.33,3.94,D,0
-15.7419,31.0291,342.67,0.38,0.36,2026-04-24,1139,SNPP,SNPP,n,2,308.28,3.89,D,3
-15.74245,31.0255,350.45,0.38,0.36,2026-04-24,1139,SNPP,SNPP,n,2,309.92,6.65,D,3
-15.71856,31.00314,351.39,0.38,0.36,2026-04-24,1139,SNPP,SNPP,n,2,308.58,8.83,D,3
-15.71911,30.99954,336.4,0.38,0.36,2026-04-24,1139,SNPP,SNPP,n,2,308.25,1.84,D,3
-16.28979,37.29961,301.88,0.4,0.37,2026-04-24,2248,SNPP,SNPP,n,2,288.6,0.52,N,0
-16.29315,37.29902,301.18,0.4,0.37,2026-04-24,2248,SNPP,SNPP,n,2,290.1,0.54,N,0
-15.88939,33.02461,303.09,0.41,0.45,2026-04-24,2248,SNPP,SNPP,n,2,291,0.56,N,2
-22.44203,35.48932,325.29,0.4,0.37,2026-04-25,1118,SNPP,SNPP,n,2,293.63,3.15,D,0
-17.58135,35.96295,334.63,0.38,0.36,2026-04-25,1120,SNPP,SNPP,n,2,296.49,2.18,D,0
-17.25294,34.35397,338.79,0.4,0.37,2026-04-25,1120,SNPP,SNPP,n,2,299.74,3.78,D,0
-17.25278,34.35464,339.67,0.4,0.37,2026-04-25,1120,SNPP,SNPP,n,2,299.58,3.46,D,0
-17.14564,34.46908,335.01,0.4,0.37,2026-04-25,1120,SNPP,SNPP,n,2,297.85,5.74,D,0
-16.68145,35.37365,332.56,0.39,0.36,2026-04-25,1120,SNPP,SNPP,n,2,299.51,3.27,D,0
-16.75546,34.37613,333.42,0.4,0.37,2026-04-25,1120,SNPP,SNPP,n,2,298.07,2.62,D,0
-16.62901,34.21803,331.69,0.4,0.37,2026-04-25,1120,SNPP,SNPP,n,2,298.12,2.74,D,0
-16.40712,32.61311,332.07,0.45,0.39,2026-04-25,1120,SNPP,SNPP,n,2,300.68,3.66,D,0
-16.37379,32.77193,334.8,0.45,0.39,2026-04-25,1120,SNPP,SNPP,n,2,301.69,4.69,D,0
-16.37021,32.7714,342.89,0.45,0.39,2026-04-25,1120,SNPP,SNPP,n,2,299.74,4.69,D,0
-16.18736,31.93505,333.85,0.49,0.4,2026-04-25,1120,SNPP,SNPP,n,2,299.78,1.83,D,0
-16.18639,31.93637,338.51,0.49,0.4,2026-04-25,1120,SNPP,SNPP,n,2,299.18,4.15,D,0
-15.75688,32.02516,335.13,0.48,0.4,2026-04-25,1120,SNPP,SNPP,n,2,301.39,4.3,D,0
-14.89501,36.98205,331.67,0.4,0.37,2026-04-25,1120,SNPP,SNPP,n,2,297.93,2.52,D,0
-15.20938,30.28313,336.64,0.39,0.44,2026-04-25,1120,SNPP,SNPP,n,2,300.24,4.04,D,0
-16.11804,33.76012,304.69,0.37,0.58,2026-04-25,2229,SNPP,SNPP,n,2,291.24,1.98,N,2
-16.11877,33.76368,304.69,0.37,0.58,2026-04-25,2229,SNPP,SNPP,n,2,291.03,1.22,N,2
-16.12408,33.76242,304.84,0.37,0.58,2026-04-25,2229,SNPP,SNPP,n,2,291.31,1.22,N,2
-16.19529,33.84024,308.94,0.36,0.57,2026-04-25,2229,SNPP,SNPP,n,2,291.33,1.14,N,2
-16.19598,33.84369,311.58,0.36,0.57,2026-04-25,2229,SNPP,SNPP,n,2,291.04,1.14,N,2
-16.19291,33.84167,306.9,0.36,0.57,2026-04-25,2229,SNPP,SNPP,n,2,290.88,0.67,N,2
-16.19363,33.84513,309.01,0.36,0.57,2026-04-25,2229,SNPP,SNPP,n,2,290.08,0.67,N,2
-16.19818,33.84039,308.08,0.36,0.57,2026-04-25,2229,SNPP,SNPP,n,2,291.03,1.14,N,2
-16.19889,33.84383,302.41,0.36,0.57,2026-04-25,2229,SNPP,SNPP,n,2,290.43,1.14,N,2
-19.05675,33.25,298.83,0.35,0.57,2026-04-25,2230,SNPP,SNPP,n,2,286.94,0.27,N,0
-19.08093,33.35319,331.4,0.56,0.51,2026-04-26,1100,SNPP,SNPP,n,2,297.79,4.79,D,0
-16.29276,37.29821,335.31,0.46,0.39,2026-04-26,1101,SNPP,SNPP,n,2,299.89,2.77,D,0
-15.85424,38.34445,331.37,0.41,0.37,2026-04-26,1101,SNPP,SNPP,n,2,297.24,4.61,D,0
-14.61431,37.99366,343.2,0.42,0.37,2026-04-26,1102,SNPP,SNPP,n,2,304.34,4.67,D,0
-14.59292,37.46136,331.22,0.43,0.38,2026-04-26,1102,SNPP,SNPP,n,2,296.04,5.64,D,0
-13.88136,37.94205,332.97,0.41,0.37,2026-04-26,1102,SNPP,SNPP,n,2,299.16,2.61,D,0
-13.44069,40.49798,330.33,0.39,0.36,2026-04-26,1102,SNPP,SNPP,n,2,299.63,2.53,D,0
-10.82332,40.45734,331.76,0.4,0.37,2026-04-26,1102,SNPP,SNPP,n,2,296.61,1.96,D,0
-10.75797,40.45065,333.35,0.4,0.37,2026-04-26,1103,SNPP,SNPP,n,2,302.51,2.29,D,0
-14.24623,38.13917,300.83,0.42,0.61,2026-04-26,2210,SNPP,SNPP,n,2,288.63,0.61,N,0
-16.12622,33.76426,301.73,0.73,0.76,2026-04-26,2211,SNPP,SNPP,n,2,291.42,3.43,N,2
-16.12116,33.75986,303.84,0.73,0.76,2026-04-26,2211,SNPP,SNPP,n,2,291.56,2.71,N,2
-16.19289,33.84595,302.13,0.72,0.76,2026-04-26,2211,SNPP,SNPP,n,2,290.49,3.79,N,0
-16.12846,33.76908,303.62,0.47,0.64,2026-04-26,2351,SNPP,SNPP,n,2,292.51,2.95,N,2
-16.13512,33.7189,305.69,0.46,0.64,2026-04-26,2351,SNPP,SNPP,n,2,293.25,1.64,N,2
-25.58576,32.08132,367,0.77,0.78,2026-04-27,1040,SNPP,SNPP,h,2,298.09,15.32,D,0
-22.25087,32.23392,330.14,0.71,0.75,2026-04-27,1041,SNPP,SNPP,n,2,295.94,3.94,D,0
-16.70051,35.30246,367,0.4,0.6,2026-04-27,1042,SNPP,SNPP,h,2,298.7,11.14,D,0
-16.80021,34.51501,334.25,0.45,0.63,2026-04-27,1042,SNPP,SNPP,n,2,297.14,3.01,D,0
-16.70248,35.30436,351.07,0.39,0.6,2026-04-27,1042,SNPP,SNPP,n,2,297.05,8.77,D,0
-16.7029,35.30054,346.63,0.4,0.6,2026-04-27,1042,SNPP,SNPP,n,2,297.17,7.33,D,0
-16.66304,34.24435,331.26,0.46,0.64,2026-04-27,1042,SNPP,SNPP,n,2,298.35,2.48,D,0
-16.61751,34.21692,331.63,0.46,0.64,2026-04-27,1042,SNPP,SNPP,n,2,298.06,3.33,D,0
-16.62133,34.21844,333.06,0.46,0.64,2026-04-27,1042,SNPP,SNPP,n,2,298.73,4.68,D,0
-16.2042,36.82592,336.18,0.62,0.54,2026-04-27,1042,SNPP,SNPP,n,2,295.89,7.39,D,0
-15.98999,36.75476,331.95,0.62,0.54,2026-04-27,1042,SNPP,SNPP,n,2,295.03,5.53,D,0
-14.8951,38.28285,334.44,0.48,0.48,2026-04-27,1043,SNPP,SNPP,n,2,295.08,4.02,D,0
-14.47704,37.41988,342.73,0.54,0.51,2026-04-27,1043,SNPP,SNPP,n,2,296.44,9.04,D,0
-13.2788,40.50349,328.62,0.5,0.41,2026-04-27,1043,SNPP,SNPP,n,2,298.32,3.53,D,0
-25.58776,32.08091,329.04,0.35,0.57,2026-04-27,1220,SNPP,SNPP,n,2,298.45,4.03,D,0
-25.58394,32.0797,329.62,0.35,0.57,2026-04-27,1220,SNPP,SNPP,n,2,299.52,3.57,D,0
-22.47767,35.44535,336.11,0.64,0.72,2026-04-27,1221,SNPP,SNPP,n,2,293.42,3.48,D,0
-22.25321,32.24187,332.87,0.42,0.61,2026-04-27,1221,SNPP,SNPP,n,2,299.08,3.94,D,0
-16.78896,34.1761,333.22,0.71,0.75,2026-04-27,1223,SNPP,SNPP,n,2,295.18,6.28,D,0
-16.77831,33.10772,340.78,0.61,0.71,2026-04-27,1223,SNPP,SNPP,n,2,295.48,8.01,D,0
-16.40491,32.60365,331.85,0.58,0.7,2026-04-27,1223,SNPP,SNPP,n,2,295.79,4.19,D,0
-15.96946,32.16796,345.35,0.56,0.69,2026-04-27,1223,SNPP,SNPP,n,2,296.25,4.7,D,0
-15.15778,30.26436,340.27,0.44,0.62,2026-04-27,1223,SNPP,SNPP,n,2,301.38,4.36,D,0
-13.91221,35.46996,300.68,0.55,0.51,2026-04-27,2331,SNPP,SNPP,n,2,287.95,0.96,N,0
-16.18786,37.30346,307.64,0.39,0.59,2026-04-27,2332,SNPP,SNPP,n,2,290.54,1.16,N,0
-16.12541,33.76659,304.47,0.46,0.47,2026-04-27,2332,SNPP,SNPP,n,2,294.21,3.08,N,2
-16.13033,33.77025,308.9,0.46,0.47,2026-04-27,2332,SNPP,SNPP,n,2,294.1,1.34,N,2
-16.13233,33.71778,308.23,0.45,0.47,2026-04-27,2332,SNPP,SNPP,n,2,295.23,2.55,N,2
