DataHora,Satelite,Pais,Estado,Municipio,Bioma,DiaSemChuva,Precipitacao,RiscoFogo,FRP,Latitude,Longitude
2026/01/01 11:51:00,NPP-375D,Mozambique,Inhambane,Massinga,,,,,6.6,-23.37353,35.44589
2026/01/01 11:51:00,NPP-375D,Mozambique,Inhambane,Massinga,,,,,4.5,-23.37355,35.44899
2026/01/01 11:53:00,NPP-375D,Mozambique,Manica,Mossurize,,,,,4.3,-20.47584,32.79666
2026/01/01 11:53:00,NPP-375D,Mozambique,Inhambane,Vilanculos,,,,,2.3,-22.45944,35.43014
2026/01/01 11:53:00,NPP-375D,Mozambique,Inhambane,Vilanculos,,,,,8.4,-22.22914,35.14776
2026/01/01 11:53:00,NPP-375D,Mozambique,Sofala,Cheringoma,,,,,37.8,-18.81439,35.37167
2026/01/01 11:53:00,NPP-375D,Mozambique,Inhambane,Vilanculos,,,,,63.0,-22.30091,35.30657
2026/01/01 11:53:00,NPP-375D,Mozambique,Inhambane,Inhassoro,,,,,10.1,-21.78217,35.20941
2026/01/01 11:53:00,NPP-375D,Mozambique,Inhambane,Inhassoro,,,,,10.1,-21.78681,35.21048
2026/01/01 11:53:00,NPP-375D,Mozambique,Manica,Barue,,,,,1.7,-17.93235,33.33772
2026/01/01 11:53:00,NPP-375D,Mozambique,Inhambane,Massinga,,,,,1.2,-22.9572,35.35136
2026/01/01 11:53:00,NPP-375D,Mozambique,Sofala,Dondo,,,,,2.8,-19.57372,35.14663
2026/01/01 11:53:00,NPP-375D,Mozambique,Inhambane,Vilanculos,,,,,4.0,-22.15091,35.22544
2026/01/01 11:53:00,NPP-375D,Mozambique,Sofala,Cheringoma,,,,,37.8,-18.81562,35.36575
2026/01/01 11:53:00,NPP-375D,Mozambique,Inhambane,Vilanculos,,,,,19.5,-22.2188,35.2127
2026/01/01 11:53:00,NPP-375D,Mozambique,Inhambane,Vilanculos,,,,,3.7,-22.1371,35.22221
2026/01/01 11:53:00,NPP-375D,Mozambique,Inhambane,Massinga,,,,,8.5,-22.67992,35.43922
2026/01/01 11:53:00,NPP-375D,Mozambique,Inhambane,Massinga,,,,,4.7,-22.9884,35.3163
2026/01/01 11:53:00,NPP-375D,Mozambique,Inhambane,Massinga,,,,,13.7,-22.77302,35.46915
2026/01/01 11:53:00,NPP-375D,Mozambique,Inhambane,Massinga,,,,,3.2,-22.77051,35.38742
2026/01/01 11:53:00,NPP-375D,Mozambique,Sofala,Cheringoma,,,,,74.6,-18.81513,35.36943
2026/01/01 11:53:00,NPP-375D,Mozambique,Inhambane,Massinga,,,,,8.5,-22.67885,35.44444
2026/01/01 11:53:00,NPP-375D,Mozambique,Inhambane,Massinga,,,,,14.4,-22.68454,35.4403
2026/01/01 11:53:00,NPP-375D,Mozambique,Inhambane,Massinga,,,,,14.4,-22.68347,35.44553
2026/01/01 11:53:00,NPP-375D,Mozambique,Sofala,Dondo,,,,,2.8,-19.57854,35.14772
2026/01/01 11:53:00,NPP-375D,Mozambique,Manica,Gondola,,,,,2.3,-19.32038,33.61219
2026/01/01 11:53:00,NPP-375D,Mozambique,Sofala,Muanza,,,,,7.5,-19.34556,34.92851
2026/01/01 11:53:00,NPP-375D,Mozambique,Inhambane,Inhassoro,,,,,5.3,-21.50876,35.10275
2026/01/01 11:53:00,NPP-375D,Mozambique,Sofala,Cheringoma,,,,,16.2,-18.81632,35.3635
2026/01/01 11:53:00,NPP-375D,Mozambique,Inhambane,Inhassoro,,,,,12.3,-21.78416,35.20798
2026/01/01 11:53:00,NPP-375D,Mozambique,Inhambane,Massinga,,,,,5.0,-22.88536,35.52092
2026/01/01 11:53:00,NPP-375D,Mozambique,Inhambane,Vilanculos,,,,,3.8,-22.23141,35.15197
2026/01/01 11:53:00,NPP-375D,Mozambique,Sofala,Muanza,,,,,16.4,-18.97503,35.29311
2026/01/01 11:53:00,NPP-375D,Mozambique,Sofala,Muanza,,,,,5.6,-19.36532,35.38034
2026/01/01 11:53:00,NPP-375D,Mozambique,Inhambane,Vilanculos,,,,,19.5,-22.21774,35.21778
2026/01/01 11:53:00,NPP-375D,Mozambique,Sofala,Cheringoma,,,,,22.0,-18.79513,35.34014
2026/01/01 11:53:00,NPP-375D,Mozambique,Inhambane,Inhassoro,,,,,5.6,-21.40003,35.12514
2026/01/01 11:53:00,NPP-375D,Mozambique,Inhambane,Inhassoro,,,,,12.3,-21.78308,35.21316
2026/01/01 11:53:00,NPP-375D,Mozambique,Sofala,Cheringoma,,,,,6.1,-18.75298,35.31836
2026/01/01 11:53:00,NPP-375D,Mozambique,Sofala,Buzi,,,,,9.4,-20.0526,34.38169
2026/01/01 11:53:00,NPP-375D,Mozambique,Sofala,Buzi,,,,,6.7,-19.688,34.24381
2026/01/01 11:53:00,NPP-375D,Mozambique,Sofala,Cheringoma,,,,,3.4,-18.75793,35.31945
2026/01/01 11:53:00,NPP-375D,Mozambique,Inhambane,Inhassoro,,,,,10.8,-21.77753,35.20835
2026/01/01 11:53:00,NPP-375D,Mozambique,Inhambane,Vilanculos,,,,,16.1,-22.19811,35.13533
2026/01/01 11:53:00,NPP-375D,Mozambique,Sofala,Muanza,,,,,12.9,-19.06984,35.53837
2026/01/01 11:53:00,NPP-375D,Mozambique,Inhambane,Massinga,,,,,3.7,-22.89062,35.42453
2026/01/01 11:53:00,NPP-375D,Mozambique,Inhambane,Vilanculos,,,,,4.5,-22.60778,35.23735
2026/01/01 11:53:00,NPP-375D,Mozambique,Sofala,Cheringoma,,,,,7.1,-18.80776,35.38031
2026/01/01 11:53:00,NPP-375D,Mozambique,Inhambane,Massinga,,,,,4.1,-22.79185,35.4955
2026/01/01 11:53:00,NPP-375D,Mozambique,Inhambane,Vilanculos,,,,,3.0,-22.10938,35.25033
2026/01/01 11:53:00,NPP-375D,Mozambique,Sofala,Cheringoma,,,,,5.2,-18.80279,35.37923
2026/01/01 11:53:00,NPP-375D,Mozambique,Sofala,Muanza,,,,,7.1,-19.347,34.92598
2026/01/01 11:53:00,NPP-375D,Mozambique,Inhambane,Vilanculos,,,,,32.8,-22.22052,35.2148
2026/01/01 11:53:00,NPP-375D,Mozambique,Sofala,Cheringoma,,,,,24.2,-18.79017,35.33909
2026/01/01 11:53:00,NPP-375D,Mozambique,Inhambane,Vilanculos,,,,,6.7,-22.10835,35.25547
2026/01/01 11:53:00,NPP-375D,Mozambique,Sofala,Cheringoma,,,,,24.2,-18.78897,35.34499
2026/01/01 11:53:00,NPP-375D,Mozambique,Inhambane,Massinga,,,,,2.0,-23.16115,35.28203
2026/01/01 11:53:00,NPP-375D,Mozambique,Inhambane,Massinga,,,,,13.7,-22.7684,35.46807
2026/01/01 11:53:00,NPP-375D,Mozambique,Inhambane,Massinga,,,,,5.9,-22.77088,35.47957
2026/01/01 23:05:00,NPP-375,Mozambique,Tete,Moatize,,,,,1.0,-16.12197,33.76101
2026/01/01 23:05:00,NPP-375,Mozambique,Tete,Moatize,,,,,0.7,-16.19504,33.84108
2026/01/01 23:05:00,NPP-375,Mozambique,Tete,Moatize,,,,,0.7,-16.19561,33.84468
2026/01/01 23:05:00,NPP-375,Mozambique,Tete,Moatize,,,,,0.8,-16.11864,33.76158
2026/01/01 23:05:00,NPP-375,Mozambique,Tete,Moatize,,,,,0.7,-16.19837,33.84052
2026/01/01 23:05:00,NPP-375,Mozambique,Tete,Moatize,,,,,0.9,-16.2017,33.83996
2026/01/02 11:34:00,NPP-375D,Mozambique,Inhambane,Inhassoro,,,,,4.1,-21.39935,35.12265
2026/01/02 11:34:00,NPP-375D,Mozambique,Sofala,Machanga,,,,,7.6,-20.90452,34.32787
2026/01/02 11:34:00,NPP-375D,Mozambique,Inhambane,Vilanculos,,,,,2.6,-21.88103,35.26114
2026/01/02 11:34:00,NPP-375D,Mozambique,Inhambane,Massinga,,,,,2.2,-23.29939,35.27919
2026/01/02 11:34:00,NPP-375D,Mozambique,Inhambane,Massinga,,,,,16.1,-22.63165,35.48338
2026/01/02 11:34:00,NPP-375D,Mozambique,Inhambane,Mabote,,,,,4.7,-21.95712,34.27762
2026/01/02 11:34:00,NPP-375D,Mozambique,Inhambane,Vilanculos,,,,,3.0,-22.67357,35.23897
2026/01/02 11:34:00,NPP-375D,Mozambique,Inhambane,Massinga,,,,,1.7,-22.84746,35.31949
2026/01/02 11:34:00,NPP-375D,Mozambique,Inhambane,Massinga,,,,,3.7,-22.65152,35.49635
2026/01/02 11:34:00,NPP-375D,Mozambique,Inhambane,Inhassoro,,,,,6.1,-21.79313,35.24892
2026/01/02 11:34:00,NPP-375D,Mozambique,Inhambane,Inhassoro,,,,,2.9,-21.6831,35.17118
2026/01/02 11:34:00,NPP-375D,Mozambique,Inhambane,Vilanculos,,,,,2.7,-22.64679,35.45956
2026/01/02 11:34:00,NPP-375D,Mozambique,Inhambane,Inhassoro,,,,,1.9,-21.49633,35.14527
2026/01/02 11:34:00,NPP-375D,Mozambique,Inhambane,Govuro,,,,,3.9,-21.45309,34.9354
2026/01/02 11:34:00,NPP-375D,Mozambique,Inhambane,Vilanculos,,,,,29.1,-22.34674,35.26949
2026/01/02 11:34:00,NPP-375D,Mozambique,Inhambane,Vilanculos,,,,,2.4,-21.92581,35.27891
2026/01/02 11:34:00,NPP-375D,Mozambique,Inhambane,Massinga,,,,,27.6,-22.9523,35.21273
2026/01/02 11:34:00,NPP-375D,Mozambique,Inhambane,Inhassoro,,,,,15.0,-21.42781,35.12816
2026/01/02 11:34:00,NPP-375D,Mozambique,Inhambane,Vilanculos,,,,,1.0,-21.81019,35.25672
2026/01/02 11:34:00,NPP-375D,Mozambique,Inhambane,Inhassoro,,,,,3.3,-21.80468,35.22449
2026/01/02 11:34:00,NPP-375D,Mozambique,Inhambane,Vilanculos,,,,,5.1,-22.36598,35.24245
2026/01/02 11:34:00,NPP-375D,Mozambique,Inhambane,Inhassoro,,,,,34.5,-21.40164,35.08773
2026/01/02 11:34:00,NPP-375D,Mozambique,Inhambane,Massinga,,,,,17.6,-23.03253,35.39888
2026/01/02 11:34:00,NPP-375D,Mozambique,Inhambane,Massinga,,,,,3.2,-23.08368,35.2076
2026/01/02 11:34:00,NPP-375D,Mozambique,Inhambane,Inhassoro,,,,,12.0,-21.69409,35.23553
2026/01/02 11:34:00,NPP-375D,Mozambique,Inhambane,Inhassoro,,,,,6.1,-21.79239,35.25323
2026/01/02 11:34:00,NPP-375D,Mozambique,Inhambane,Massinga,,,,,2.2,-23.06822,35.21321
2026/01/02 11:34:00,NPP-375D,Mozambique,Inhambane,Massinga,,,,,4.5,-22.78094,35.45797
2026/01/02 11:34:00,NPP-375D,Mozambique,Inhambane,Inhassoro,,,,,4.5,-21.50198,35.15523
2026/01/02 11:34:00,NPP-375D,Mozambique,Inhambane,Vilanculos,,,,,30.4,-22.59248,35.47559
2026/01/02 11:34:00,NPP-375D,Mozambique,Inhambane,Massinga,,,,,3.4,-22.7845,35.45867
2026/01/02 11:34:00,NPP-375D,Mozambique,Inhambane,Inhassoro,,,,,7.2,-21.4265,35.09258
2026/01/02 11:34:00,NPP-375D,Mozambique,Inhambane,Inhassoro,,,,,5.2,-21.47487,35.03532
2026/01/02 11:34:00,NPP-375D,Mozambique,Inhambane,Massinga,,,,,4.7,-23.10255,35.39514
2026/01/02 11:34:00,NPP-375D,Mozambique,Inhambane,Vilanculos,,,,,3.8,-21.9009,35.27396
2026/01/02 11:34:00,NPP-375D,Mozambique,Inhambane,Inhassoro,,,,,6.1,-21.46277,35.0418
2026/01/02 11:34:00,NPP-375D,Mozambique,Inhambane,Inhassoro,,,,,4.6,-21.61092,35.15343
2026/01/02 11:34:00,NPP-375D,Mozambique,Inhambane,Inhassoro,,,,,3.4,-21.47203,35.15828
2026/01/02 11:34:00,NPP-375D,Mozambique,Inhambane,Inharrime,,,,,31.6,-24.48517,35.1571
2026/01/02 11:34:00,NPP-375D,Mozambique,Inhambane,Inhassoro,,,,,6.0,-21.50773,35.14307
2026/01/02 11:34:00,NPP-375D,Mozambique,Inhambane,Massinga,,,,,1.9,-23.08718,35.20829
2026/01/02 11:34:00,NPP-375D,Mozambique,Inhambane,Inhassoro,,,,,2.3,-21.62522,35.13418
2026/01/02 11:34:00,NPP-375D,Mozambique,Inhambane,Inhassoro,,,,,4.2,-21.71746,35.12056
2026/01/02 11:34:00,NPP-375D,Mozambique,Inhambane,Massinga,,,,,1.1,-23.04679,35.27436
2026/01/02 11:34:00,NPP-375D,Mozambique,Inhambane,Inhassoro,,,,,14.2,-21.41367,35.1033
2026/01/02 11:34:00,NPP-375D,Mozambique,Inhambane,Inhassoro,,,,,6.7,-21.46632,35.04248
2026/01/02 11:34:00,NPP-375D,Mozambique,Inhambane,Massinga,,,,,2.0,-22.9511,35.41001
2026/01/02 11:34:00,NPP-375D,Mozambique,Inhambane,Massinga,,,,,1.9,-23.01179,35.49711
2026/01/02 11:34:00,NPP-375D,Mozambique,Inhambane,Inharrime,,,,,31.6,-24.48793,35.16185
2026/01/02 11:34:00,NPP-375D,Mozambique,Inhambane,Inhassoro,,,,,4.5,-21.50271,35.15094
2026/01/02 11:34:00,NPP-375D,Mozambique,Inhambane,Inhassoro,,,,,2.6,-21.57504,35.08472
2026/01/02 11:34:00,NPP-375D,Mozambique,Inhambane,Inhassoro,,,,,3.0,-21.39726,35.11338
2026/01/02 11:34:00,NPP-375D,Mozambique,Inhambane,Massinga,,,,,8.3,-23.11515,35.2356
2026/01/02 11:34:00,NPP-375D,Mozambique,Inhambane,Inharrime,,,,,31.6,-24.48448,35.16118
2026/01/02 11:34:00,NPP-375D,Mozambique,Inhambane,Massinga,,,,,2.8,-23.029,35.39818
2026/01/02 11:34:00,NPP-375D,Mozambique,Inhambane,Vilanculos,,,,,7.4,-21.86662,35.28059
2026/01/02 11:34:00,NPP-375D,Mozambique,Inhambane,Inhassoro,,,,,7.7,-21.4572,35.13766
2026/01/02 11:34:00,NPP-375D,Mozambique,Inhambane,Inhassoro,,,,,4.9,-21.45291,35.14125
2026/01/02 11:34:00,NPP-375D,Mozambique,Inhambane,Govuro,,,,,4.6,-21.53643,34.61183
2026/01/02 11:34:00,NPP-375D,Mozambique,Inhambane,Vilanculos,,,,,8.5,-22.43104,35.09247
2026/01/02 11:34:00,NPP-375D,Mozambique,Inhambane,Inhassoro,,,,,1.9,-21.49277,35.14458
2026/01/02 11:34:00,NPP-375D,Mozambique,Inhambane,Funhalouro,,,,,1.9,-22.58393,34.2074
2026/01/02 11:34:00,NPP-375D,Mozambique,Inhambane,Govuro,,,,,8.3,-21.44885,34.93895
2026/01/02 11:34:00,NPP-375D,Mozambique,Inhambane,Govuro,,,,,3.9,-21.44956,34.93472
2026/01/02 11:34:00,NPP-375D,Mozambique,Inhambane,Inharrime,,,,,5.7,-24.38077,34.8881
2026/01/02 11:36:00,NPP-375D,Mozambique,Sofala,Cheringoma,,,,,3.1,-18.91712,35.43598
2026/01/02 11:36:00,NPP-375D,Mozambique,Sofala,Cheringoma,,,,,4.7,-18.78953,35.41026
2026/01/02 11:36:00,NPP-375D,Mozambique,Sofala,Cheringoma,,,,,3.1,-18.91629,35.44065
2026/01/02 11:36:00,NPP-375D,Mozambique,Sofala,Chibabava,,,,,3.8,-20.40935,34.1826
2026/01/02 11:36:00,NPP-375D,Mozambique,Sofala,Muanza,,,,,9.2,-19.10566,35.32732
2026/01/02 11:36:00,NPP-375D,Mozambique,Sofala,Cheringoma,,,,,3.9,-18.75939,35.31786
2026/01/02 11:36:00,NPP-375D,Mozambique,Sofala,Marromeu,,,,,6.1,-18.67785,36.05497
2026/01/02 11:36:00,NPP-375D,Mozambique,Sofala,Muanza,,,,,12.8,-19.33217,34.76762
2026/01/02 11:36:00,NPP-375D,Mozambique,Sofala,Cheringoma,,,,,6.3,-18.7657,35.34782
2026/01/02 11:36:00,NPP-375D,Mozambique,Sofala,Muanza,,,,,8.8,-19.22999,35.30252
2026/01/02 11:36:00,NPP-375D,Mozambique,Sofala,Cheringoma,,,,,5.6,-18.80701,35.37866
2026/01/02 11:36:00,NPP-375D,Mozambique,Sofala,Marromeu,,,,,6.1,-18.67306,36.05926
2026/01/02 11:36:00,NPP-375D,Mozambique,Manica,Mossurize,,,,,1.7,-20.29897,32.89392
2026/01/02 11:36:00,NPP-375D,Mozambique,Zambezia,Nicoadala,,,,,6.1,-17.83857,36.78659
2026/01/02 11:36:00,NPP-375D,Mozambique,Sofala,Muanza,,,,,2.5,-19.28434,35.00644
2026/01/02 11:36:00,NPP-375D,Mozambique,Sofala,Cheringoma,,,,,4.8,-18.91321,35.74482
2026/01/02 11:36:00,NPP-375D,Mozambique,Sofala,Muanza,,,,,7.8,-19.22026,35.31482
2026/01/02 11:36:00,NPP-375D,Mozambique,Manica,Manica,,,,,11.5,-18.8042,32.8937
2026/01/02 11:36:00,NPP-375D,Mozambique,Sofala,Marromeu,,,,,5.4,-18.1052,35.73028
2026/01/02 11:36:00,NPP-375D,Mozambique,Zambezia,Mopeia,,,,,3.5,-17.66242,35.54847
2026/01/02 11:36:00,NPP-375D,Mozambique,Manica,Sussundenga,,,,,2.3,-19.65642,33.32542
2026/01/02 11:36:00,NPP-375D,Mozambique,Sofala,Cheringoma,,,,,62.0,-18.7686,35.35319
2026/01/02 11:36:00,NPP-375D,Mozambique,Tete,Magoe,,,,,2.1,-15.63576,30.63206
2026/01/02 11:36:00,NPP-375D,Mozambique,Sofala,Marromeu,,,,,3.6,-18.67437,36.05102
2026/01/02 11:36:00,NPP-375D,Mozambique,Sofala,Cheringoma,,,,,5.5,-18.75907,35.34175
2026/01/02 11:36:00,NPP-375D,Mozambique,Sofala,Marromeu,,,,,8.4,-18.6726,36.06115
2026/01/02 11:36:00,NPP-375D,Mozambique,Sofala,Cheringoma,,,,,2.2,-18.95265,35.80098
2026/01/02 11:36:00,NPP-375D,Mozambique,Sofala,Muanza,,,,,5.2,-19.35184,35.24495
2026/01/02 11:36:00,NPP-375D,Mozambique,Sofala,Cheringoma,,,,,2.6,-18.91445,35.76009
2026/01/02 11:36:00,NPP-375D,Mozambique,Sofala,Cheringoma,,,,,4.9,-18.7858,35.40953
2026/01/02 11:36:00,NPP-375D,Mozambique,Sofala,Dondo,,,,,7.1,-19.49289,34.98903
2026/01/02 11:36:00,NPP-375D,Mozambique,Sofala,Dondo,,,,,3.0,-19.54196,35.18086
2026/01/02 11:36:00,NPP-375D,Mozambique,Sofala,Marromeu,,,,,6.1,-18.67693,36.06002
2026/01/02 11:36:00,NPP-375D,Mozambique,Sofala,Cheringoma,,,,,7.4,-18.83667,35.34112
2026/01/02 11:36:00,NPP-375D,Mozambique,Sofala,Cheringoma,,,,,4.9,-18.55751,34.88557
2026/01/02 11:36:00,NPP-375D,Mozambique,Sofala,Cheringoma,,,,,3.0,-18.80073,35.345
2026/01/02 11:36:00,NPP-375D,Mozambique,Tete,Changara,,,,,1.6,-16.16326,32.90018
2026/01/02 11:36:00,NPP-375D,Mozambique,Sofala,Dondo,,,,,7.9,-19.50413,35.05492
2026/01/02 11:36:00,NPP-375D,Mozambique,Sofala,Muanza,,,,,6.0,-19.37191,35.38328
2026/01/02 11:36:00,NPP-375D,Mozambique,Sofala,Muanza,,,,,7.8,-19.21657,35.3141
2026/01/02 11:36:00,NPP-375D,Mozambique,Sofala,Buzi,,,,,7.4,-19.70367,34.27184
2026/01/02 11:36:00,NPP-375D,Mozambique,Sofala,Muanza,,,,,3.8,-19.12292,35.43415
2026/01/02 11:36:00,NPP-375D,Mozambique,Sofala,Cheringoma,,,,,28.5,-18.76489,35.35248
2026/01/02 11:36:00,NPP-375D,Mozambique,Sofala,Cheringoma,,,,,3.7,-18.80163,35.344
2026/01/02 11:36:00,NPP-375D,Mozambique,Sofala,Cheringoma,,,,,5.2,-18.90382,35.5549
2026/01/02 11:36:00,NPP-375D,Mozambique,Zambezia,Morrumbala,,,,,4.2,-17.42719,35.92582
2026/01/02 11:36:00,NPP-375D,Mozambique,Manica,Gondola,,,,,5.0,-19.4939,33.46658
2026/01/02 11:36:00,NPP-375D,Mozambique,Manica,Mossurize,,,,,3.5,-20.52249,32.84946
2026/01/02 11:36:00,NPP-375D,Mozambique,Sofala,Cheringoma,,,,,8.5,-18.89043,35.38511
2026/01/02 11:36:00,NPP-375D,Mozambique,Tete,Moatize,,,,,6.3,-16.20031,33.84134
2026/01/02 11:36:00,NPP-375D,Mozambique,Sofala,Muanza,,,,,11.2,-19.33305,34.76722
2026/01/02 11:36:00,NPP-375D,Mozambique,Sofala,Cheringoma,,,,,3.8,-18.78633,35.40841
2026/01/02 11:36:00,NPP-375D,Mozambique,Sofala,Marromeu,,,,,4.0,-18.57868,36.13765
2026/01/02 11:36:00,NPP-375D,Mozambique,Sofala,Cheringoma,,,,,3.9,-18.76019,35.31323
2026/01/02 11:36:00,NPP-375D,Mozambique,Sofala,Dondo,,,,,25.6,-19.55214,35.01326
2026/01/02 11:36:00,NPP-375D,Mozambique,Sofala,Cheringoma,,,,,4.4,-18.75648,35.31252
2026/01/02 11:36:00,NPP-375D,Mozambique,Sofala,Marromeu,,,,,8.4,-18.67349,36.05608
2026/01/02 11:36:00,NPP-375D,Mozambique,Sofala,Chibabava,,,,,3.8,-20.41003,34.17857
2026/01/02 11:36:00,NPP-375D,Mozambique,Sofala,Muanza,,,,,2.6,-19.37737,35.3087
2026/01/02 11:36:00,NPP-375D,Mozambique,Sofala,Marromeu,,,,,7.9,-18.67735,36.05684
2026/01/02 11:36:00,NPP-375D,Mozambique,Sofala,Dondo,,,,,10.3,-19.50386,35.05411
2026/01/02 11:36:00,NPP-375D,Mozambique,Zambezia,Mopeia,,,,,3.9,-17.66156,35.55341
2026/01/02 11:36:00,NPP-375D,Mozambique,Sofala,Cheringoma,,,,,3.0,-18.91151,35.75451
2026/01/02 11:36:00,NPP-375D,Mozambique,Sofala,Muanza,,,,,1.8,-18.8132,34.87582
2026/01/02 11:36:00,NPP-375D,Mozambique,Sofala,Muanza,,,,,2.4,-19.35389,35.24792
2026/01/02 11:36:00,NPP-375D,Mozambique,Sofala,Muanza,,,,,3.1,-19.23657,35.15385
2026/01/02 11:36:00,NPP-375D,Mozambique,Sofala,Marromeu,,,,,6.1,-18.67398,36.05421
2026/01/02 11:36:00,NPP-375D,Mozambique,Sofala,Dondo,,,,,1.7,-19.48418,35.10612
2026/01/02 11:36:00,NPP-375D,Mozambique,Sofala,Muanza,,,,,10.7,-19.36083,35.38115
2026/01/02 11:36:00,NPP-375D,Mozambique,Sofala,Cheringoma,,,,,4.9,-18.55732,34.88441
2026/01/02 11:36:00,NPP-375D,Mozambique,Manica,Manica,,,,,11.5,-18.80757,32.89436
2026/01/02 11:36:00,NPP-375D,Mozambique,Sofala,Cheringoma,,,,,9.1,-18.90299,35.55962
2026/01/02 11:36:00,NPP-375D,Mozambique,Sofala,Muanza,,,,,5.3,-18.88551,35.23643
2026/01/02 11:36:00,NPP-375D,Mozambique,Sofala,Marromeu,,,,,2.4,-18.10608,35.72535
2026/01/02 11:36:00,NPP-375D,Mozambique,Sofala,Cheringoma,,,,,4.8,-18.91406,35.73998
2026/01/02 11:36:00,NPP-375D,Mozambique,Sofala,Muanza,,,,,4.4,-19.50859,35.2861
2026/01/02 11:36:00,NPP-375D,Mozambique,Sofala,Muanza,,,,,2.7,-18.96058,35.31964
2026/01/02 11:36:00,NPP-375D,Mozambique,Sofala,Muanza,,,,,9.2,-19.27401,35.23469
2026/01/02 11:36:00,NPP-375D,Mozambique,Sofala,Muanza,,,,,2.5,-18.91983,34.95006
2026/01/02 11:38:00,NPP-375D,Mozambique,Cabo Delgado,Palma,,,,,6.9,-10.53088,40.53646
2026/01/02 11:38:00,NPP-375D,Mozambique,Cabo Delgado,Palma,,,,,37.4,-10.53682,40.53761
2026/01/02 22:48:00,NPP-375,Mozambique,Maputo,Matutuíne,,,,,1.3,-26.39347,32.65181
2026/01/03 11:14:00,NPP-375D,Mozambique,Maputo City,Maputo,,,,,3.4,-25.96263,32.55519
2026/01/03 11:17:00,NPP-375D,Mozambique,Cabo Delgado,Mocimboa da Praia,,,,,5.3,-11.09297,40.06458
2026/01/03 11:17:00,NPP-375D,Mozambique,Sofala,Marromeu,,,,,2.1,-18.48746,35.85985
2026/01/03 11:17:00,NPP-375D,Mozambique,Cabo Delgado,Palma,,,,,6.4,-10.813,40.45543
2026/01/03 11:17:00,NPP-375D,Mozambique,Zambezia,Chinde,,,,,2.9,-18.50084,36.32653
2026/01/03 11:17:00,NPP-375D,Mozambique,Inhambane,Inhassoro,,,,,10.9,-21.43601,35.09906
2026/01/03 11:17:00,NPP-375D,Mozambique,Cabo Delgado,Mocimboa da Praia,,,,,5.3,-11.09781,40.06147
2026/01/03 11:17:00,NPP-375D,Mozambique,Inhambane,Inhassoro,,,,,10.9,-21.43258,35.09848
2026/01/03 11:17:00,NPP-375D,Mozambique,Zambezia,Chinde,,,,,2.2,-18.51845,36.43434
2026/01/03 11:17:00,NPP-375D,Mozambique,Zambezia,Maganja da Costa,,,,,3.3,-17.40629,37.68254
2026/01/03 11:17:00,NPP-375D,Mozambique,Inhambane,Inhassoro,,,,,20.7,-21.68938,35.22338
2026/01/03 11:17:00,NPP-375D,Mozambique,Cabo Delgado,Mocimboa da Praia,,,,,5.3,-11.09364,40.06071
2026/01/03 11:17:00,NPP-375D,Mozambique,Inhambane,Inhassoro,,,,,3.6,-21.77776,35.19338
2026/01/03 11:17:00,NPP-375D,Mozambique,Sofala,Marromeu,,,,,8.6,-18.48357,35.86295
2026/01/03 11:17:00,NPP-375D,Mozambique,Sofala,Marromeu,,,,,4.0,-18.55372,36.02477
2026/01/03 11:17:00,NPP-375D,Mozambique,Zambezia,Nicoadala,,,,,1.6,-17.92425,36.71088
2026/01/03 11:17:00,NPP-375D,Mozambique,Sofala,Muanza,,,,,4.1,-18.96218,35.38813
2026/01/03 11:17:00,NPP-375D,Mozambique,Inhambane,Inhassoro,,,,,20.7,-21.6928,35.22394
2026/01/03 11:17:00,NPP-375D,Mozambique,Inhambane,Inhassoro,,,,,5.3,-21.72579,35.18898
2026/01/03 11:17:00,NPP-375D,Mozambique,Sofala,Cheringoma,,,,,3.7,-18.7457,35.46239
2026/01/03 11:17:00,NPP-375D,Mozambique,Cabo Delgado,Palma,,,,,5.3,-10.82591,40.43224
2026/01/03 11:17:00,NPP-375D,Mozambique,Sofala,Marromeu,,,,,2.4,-18.3578,35.82352
2026/01/03 11:17:00,NPP-375D,Mozambique,Sofala,Marromeu,,,,,8.6,-18.48412,35.85929
2026/01/03 11:19:00,NPP-375D,Mozambique,Cabo Delgado,Palma,,,,,12.6,-10.5091,40.51954
2026/01/03 11:19:00,NPP-375D,Mozambique,Cabo Delgado,Palma,,,,,11.0,-10.50402,40.52298
2026/01/03 11:19:00,NPP-375D,Mozambique,Zambezia,Pebane,,,,,5.1,-16.8583,38.91932
2026/01/03 11:19:00,NPP-375D,Mozambique,Zambezia,Morrumbala,,,,,2.8,-16.99108,35.6137
2026/01/03 11:19:00,NPP-375D,Mozambique,Zambezia,Mocuba,,,,,3.3,-17.38415,36.7947
2026/01/03 11:19:00,NPP-375D,Mozambique,Cabo Delgado,Palma,,,,,8.7,-10.50475,40.51877
2026/01/03 11:19:00,NPP-375D,Mozambique,Zambezia,Milange,,,,,1.5,-16.34081,35.43436
2026/01/03 11:19:00,NPP-375D,Mozambique,Cabo Delgado,Palma,,,,,16.2,-10.50837,40.52375
2026/01/03 11:19:00,NPP-375D,Mozambique,Cabo Delgado,Palma,,,,,6.8,-10.51851,40.51685
2026/01/03 11:19:00,NPP-375D,Mozambique,Tete,Moatize,,,,,12.1,-16.12223,33.76253
2026/01/03 11:19:00,NPP-375D,Mozambique,Tete,Moatize,,,,,10.9,-16.20094,33.84149
2026/01/03 11:19:00,NPP-375D,Mozambique,Tete,Moatize,,,,,11.1,-16.19751,33.84097
2026/01/03 22:29:00,NPP-375,Mozambique,Inhambane,Inharrime,,,,,1.2,-24.37565,34.28253
2026/01/03 22:29:00,NPP-375,Mozambique,Inhambane,Inharrime,,,,,1.2,-24.37126,34.28362
2026/01/04 10:55:00,NPP-375D,Mozambique,Inhambane,Inharrime,,,,,5.5,-24.50464,35.1935
2026/01/04 10:55:00,NPP-375D,Mozambique,Gaza,Chibuto,,,,,4.7,-24.27568,33.67855
2026/01/04 10:57:00,NPP-375D,Mozambique,Inhambane,Vilanculos,,,,,4.1,-21.92398,35.18117
2026/01/04 10:57:00,NPP-375D,Mozambique,Inhambane,Vilanculos,,,,,4.1,-21.92346,35.18576
2026/01/04 22:07:00,NPP-375,Mozambique,Tete,Moatize,,,,,2.2,-16.1951,33.83879
2026/01/04 22:07:00,NPP-375,Mozambique,Tete,Moatize,,,,,1.1,-16.11767,33.76035
2026/01/04 22:07:00,NPP-375,Mozambique,Tete,Moatize,,,,,2.3,-16.12145,33.75998
2026/01/04 22:07:00,NPP-375,Mozambique,Tete,Moatize,,,,,4.2,-16.19826,33.83689
2026/01/04 22:07:00,NPP-375,Mozambique,Tete,Moatize,,,,,2.2,-16.20202,33.83683
2026/01/05 10:38:00,NPP-375D,Mozambique,Inhambane,Vilanculos,,,,,7.8,-22.47033,35.43403
2026/01/05 10:38:00,NPP-375D,Mozambique,Inhambane,Vilanculos,,,,,10.6,-21.82355,35.24955
2026/01/05 10:38:00,NPP-375D,Mozambique,Sofala,Dondo,,,,,3.2,-19.68288,34.96684
2026/01/05 10:38:00,NPP-375D,Mozambique,Inhambane,Inhassoro,,,,,7.2,-21.6797,35.11567
2026/01/05 10:38:00,NPP-375D,Mozambique,Inhambane,Inhassoro,,,,,4.7,-21.73035,35.18024
2026/01/05 10:38:00,NPP-375D,Mozambique,Inhambane,Vilanculos,,,,,3.3,-21.82796,35.19925
2026/01/05 10:38:00,NPP-375D,Mozambique,Inhambane,Inhassoro,,,,,6.1,-21.68179,35.11484
2026/01/05 10:38:00,NPP-375D,Mozambique,Inhambane,Massinga,,,,,4.6,-22.93036,35.52031
2026/01/05 10:38:00,NPP-375D,Mozambique,Inhambane,Vilanculos,,,,,2.9,-21.81245,35.23933
2026/01/05 10:38:00,NPP-375D,Mozambique,Inhambane,Inhassoro,,,,,2.8,-21.72791,35.20791
2026/01/05 10:38:00,NPP-375D,Mozambique,Inhambane,Govuro,,,,,5.1,-21.44819,34.9516
2026/01/05 12:18:00,NPP-375,Mozambique,Inhambane,Massinga,,,,,5.1,-22.90384,35.48835
2026/01/05 23:30:00,NPP-375,Mozambique,Tete,Moatize,,,,,2.0,-16.19765,33.84007
2026/01/05 23:30:00,NPP-375,Mozambique,Tete,Moatize,,,,,1.8,-16.19742,33.83788
2026/01/06 11:57:00,NPP-375D,Mozambique,Maputo,Manhiça,,,,,1.6,-25.58289,32.59326
2026/01/06 12:01:00,NPP-375,Mozambique,Zambezia,Chinde,,,,,2.7,-18.08925,36.44372
2026/01/06 23:13:00,NPP-375,Mozambique,Inhambane,Inharrime,,,,,0.9,-24.36139,34.29449
2026/01/06 23:13:00,NPP-375,Mozambique,Maputo,Matutuíne,,,,,1.3,-26.39289,32.65118
2026/01/07 11:40:00,NPP-375D,Mozambique,Inhambane,Homoine,,,,,1.6,-23.78881,34.85019
2026/01/07 11:40:00,NPP-375D,Mozambique,Inhambane,Vilanculos,,,,,3.1,-22.44965,35.43873
2026/01/07 11:40:00,NPP-375D,Mozambique,Inhambane,Vilanculos,,,,,6.0,-22.15263,35.10139
2026/01/07 11:40:00,NPP-375D,Mozambique,Inhambane,Vilanculos,,,,,3.2,-22.44196,35.4371
2026/01/07 11:40:00,NPP-375D,Mozambique,Gaza,Bilene,,,,,3.6,-25.20782,33.21716
2026/01/07 11:40:00,NPP-375D,Mozambique,Maputo City,Maputo,,,,,0.7,-25.92999,32.48909
2026/01/07 11:40:00,NPP-375D,Mozambique,Inhambane,Inharrime,,,,,6.5,-24.50341,34.22723
2026/01/07 11:40:00,NPP-375D,Mozambique,Inhambane,Vilanculos,,,,,3.6,-22.22031,35.13301
2026/01/07 11:40:00,NPP-375D,Mozambique,Inhambane,Homoine,,,,,3.8,-23.78066,34.85329
2026/01/07 11:40:00,NPP-375D,Mozambique,Inhambane,Massinga,,,,,16.4,-22.89486,35.47239
2026/01/07 11:40:00,NPP-375D,Mozambique,Gaza,Bilene,,,,,4.3,-25.2065,33.22517
2026/01/07 11:40:00,NPP-375D,Mozambique,Maputo,Marracuene,,,,,2.5,-25.61312,32.56803
2026/01/07 11:40:00,NPP-375D,Mozambique,Inhambane,Inharrime,,,,,11.1,-24.36107,34.2976
2026/01/07 11:40:00,NPP-375D,Mozambique,Inhambane,Massinga,,,,,2.3,-22.83006,35.13137
2026/01/07 11:40:00,NPP-375D,Mozambique,Inhambane,Massinga,,,,,4.4,-22.76806,35.48502
2026/01/07 11:40:00,NPP-375D,Mozambique,Inhambane,Massinga,,,,,3.8,-22.76637,35.48719
2026/01/07 11:40:00,NPP-375D,Mozambique,Gaza,Bilene,,,,,5.5,-25.07935,33.16735
2026/01/07 11:40:00,NPP-375D,Mozambique,Inhambane,Massinga,,,,,16.6,-22.95666,35.43832
2026/01/07 11:40:00,NPP-375D,Mozambique,Gaza,Chibuto,,,,,5.2,-24.76898,33.72816
2026/01/07 11:40:00,NPP-375D,Mozambique,Inhambane,Inharrime,,,,,11.1,-24.36032,34.30196
2026/01/07 11:40:00,NPP-375D,Mozambique,Gaza,Bilene,,,,,4.4,-25.28647,33.18314
2026/01/07 11:40:00,NPP-375D,Mozambique,Inhambane,Vilanculos,,,,,3.1,-22.44298,35.43518
2026/01/07 11:40:00,NPP-375D,Mozambique,Inhambane,Inharrime,,,,,11.4,-24.36182,34.29324
2026/01/07 11:40:00,NPP-375D,Mozambique,Inhambane,Massinga,,,,,4.6,-22.82911,35.13419
2026/01/07 11:40:00,NPP-375D,Mozambique,Inhambane,Massinga,,,,,16.6,-22.96047,35.43916
2026/01/07 11:40:00,NPP-375D,Mozambique,Inhambane,Vilanculos,,,,,2.7,-22.67237,35.27588
2026/01/07 11:40:00,NPP-375D,Mozambique,Inhambane,Vilanculos,,,,,17.1,-22.54496,35.33505
2026/01/07 11:40:00,NPP-375D,Mozambique,Inhambane,Massinga,,,,,26.5,-22.9614,35.43406
2026/01/07 11:40:00,NPP-375D,Mozambique,Gaza,Bilene,,,,,17.8,-25.20388,33.24119
2026/01/07 11:40:00,NPP-375D,Mozambique,Inhambane,Massinga,,,,,2.6,-23.26973,35.40268
2026/01/07 11:40:00,NPP-375D,Mozambique,Gaza,Bilene,,,,,5.0,-25.28034,33.17779
2026/01/07 11:42:00,NPP-375D,Mozambique,Inhambane,Inhassoro,,,,,5.3,-21.39682,35.10199
2026/01/07 11:42:00,NPP-375D,Mozambique,Inhambane,Vilanculos,,,,,6.5,-21.84525,35.22124
2026/01/07 11:42:00,NPP-375D,Mozambique,Inhambane,Inhassoro,,,,,14.8,-21.43914,35.09265
2026/01/07 11:42:00,NPP-375D,Mozambique,Inhambane,Inhassoro,,,,,5.7,-21.49518,35.15663
2026/01/07 11:42:00,NPP-375D,Mozambique,Inhambane,Inhassoro,,,,,6.8,-21.42053,35.08071
2026/01/07 11:42:00,NPP-375D,Mozambique,Inhambane,Inhassoro,,,,,4.2,-21.43318,35.09894
2026/01/07 11:42:00,NPP-375D,Mozambique,Inhambane,Inhassoro,,,,,21.4,-21.47888,35.15855
2026/01/07 11:42:00,NPP-375D,Mozambique,Manica,Mossurize,,,,,5.0,-20.55988,32.66739
2026/01/07 11:42:00,NPP-375D,Mozambique,Inhambane,Inhassoro,,,,,3.3,-21.47471,35.1157
2026/01/07 11:42:00,NPP-375D,Mozambique,Inhambane,Inhassoro,,,,,21.4,-21.48273,35.15936
2026/01/07 11:42:00,NPP-375D,Mozambique,Inhambane,Vilanculos,,,,,5.9,-21.91788,35.17655
2026/01/07 11:42:00,NPP-375D,Mozambique,Inhambane,Inhassoro,,,,,8.3,-21.48749,35.15506
2026/01/07 11:42:00,NPP-375D,Mozambique,Inhambane,Vilanculos,,,,,4.2,-21.97817,35.16058
2026/01/07 11:42:00,NPP-375D,Mozambique,Inhambane,Inhassoro,,,,,12.4,-21.42089,35.08371
2026/01/07 11:42:00,NPP-375D,Mozambique,Inhambane,Vilanculos,,,,,20.2,-21.80944,35.17714
2026/01/07 11:42:00,NPP-375D,Mozambique,Inhambane,Inhassoro,,,,,7.8,-21.45859,35.13858
2026/01/07 11:42:00,NPP-375D,Mozambique,Inhambane,Inhassoro,,,,,3.9,-21.43344,35.10194
2026/01/07 11:42:00,NPP-375D,Mozambique,Inhambane,Inhassoro,,,,,5.8,-21.35472,35.11448
2026/01/07 11:42:00,NPP-375D,Mozambique,Inhambane,Vilanculos,,,,,5.9,-21.84264,35.21854
2026/01/07 11:42:00,NPP-375D,Mozambique,Inhambane,Inhassoro,,,,,4.1,-21.46628,35.14016
2026/01/07 11:42:00,NPP-375D,Mozambique,Sofala,Muanza,,,,,6.1,-19.12581,35.1771
2026/01/07 11:42:00,NPP-375D,Mozambique,Sofala,Muanza,,,,,5.4,-19.1253,35.17459
2026/01/07 11:42:00,NPP-375D,Mozambique,Inhambane,Inhassoro,,,,,11.3,-21.4818,35.16446
2026/01/07 11:42:00,NPP-375D,Mozambique,Inhambane,Inhassoro,,,,,2.9,-21.41016,35.0942
2026/01/07 11:42:00,NPP-375D,Mozambique,Inhambane,Inhassoro,,,,,7.8,-21.50945,35.14379
2026/01/07 11:42:00,NPP-375D,Mozambique,Inhambane,Inhassoro,,,,,7.8,-21.45767,35.14365
2026/01/07 11:42:00,NPP-375D,Mozambique,Inhambane,Inhassoro,,,,,6.8,-21.41964,35.08568
2026/01/07 11:42:00,NPP-375D,Mozambique,Inhambane,Vilanculos,,,,,3.0,-21.85112,35.19419
2026/01/07 11:42:00,NPP-375D,Mozambique,Inhambane,Inhassoro,,,,,21.4,-21.48365,35.15427
2026/01/07 11:42:00,NPP-375D,Mozambique,Inhambane,Inhassoro,,,,,2.1,-21.458,35.05478
2026/01/07 11:44:00,NPP-375D,Mozambique,Tete,Changara,,,,,5.2,-15.88964,33.02296
2026/01/07 22:52:00,NPP-375,Mozambique,Tete,Moatize,,,,,1.8,-16.19618,33.83993
2026/01/07 22:52:00,NPP-375,Mozambique,Tete,Moatize,,,,,1.4,-16.11938,33.76134
2026/01/07 22:52:00,NPP-375,Mozambique,Tete,Moatize,,,,,1.4,-16.12299,33.76066
2026/01/07 22:52:00,NPP-375,Mozambique,Tete,Moatize,,,,,2.3,-16.1972,33.84053
2026/01/07 22:52:00,NPP-375,Mozambique,Tete,Moatize,,,,,0.4,-16.13359,33.71411
2026/01/07 22:52:00,NPP-375,Mozambique,Tete,Moatize,,,,,0.4,-16.13434,33.71844
2026/01/07 22:52:00,NPP-375,Mozambique,Tete,Moatize,,,,,1.4,-16.12374,33.765
2026/01/07 22:52:00,NPP-375,Mozambique,Tete,Moatize,,,,,3.3,-16.19977,33.83924
2026/01/07 22:52:00,NPP-375,Mozambique,Tete,Moatize,,,,,2.3,-16.20079,33.83985
2026/01/07 22:54:00,NPP-375,Mozambique,Inhambane,Inhassoro,,,,,1.1,-21.74857,35.05946
2026/01/08 11:23:00,NPP-375D,Mozambique,Tete,Moatize,,,,,3.2,-16.1994,33.84036
2026/01/09 11:04:00,NPP-375D,Mozambique,Nampula,Mongincual,,,,,4.9,-15.68115,40.28403
2026/01/09 11:04:00,NPP-375D,Mozambique,Nampula,Mongincual,,,,,6.2,-15.74192,40.318
2026/01/09 11:04:00,NPP-375D,Mozambique,Nampula,Mongincual,,,,,4.9,-15.67775,40.28347
2026/01/09 11:06:00,NPP-375D,Mozambique,Nampula,Mossuril,,,,,2.6,-14.80775,40.79845
2026/01/11 10:28:00,NPP-375D,Mozambique,Cabo Delgado,Palma,,,,,5.8,-10.80644,40.43289
2026/01/11 23:18:00,NPP-375,Mozambique,Tete,Moatize,,,,,0.8,-16.19428,33.83972
2026/01/11 23:18:00,NPP-375,Mozambique,Tete,Moatize,,,,,1.4,-16.19792,33.83918
2026/01/12 22:58:00,NPP-375,Mozambique,Tete,Moatize,,,,,0.8,-16.12172,33.76093
2026/01/12 22:58:00,NPP-375,Mozambique,Tete,Moatize,,,,,1.1,-16.19456,33.84114
2026/01/12 22:58:00,NPP-375,Mozambique,Tete,Moatize,,,,,1.5,-16.12235,33.76472
2026/01/12 22:58:00,NPP-375,Mozambique,Tete,Moatize,,,,,1.6,-16.20135,33.83992
2026/01/12 22:58:00,NPP-375,Mozambique,Tete,Moatize,,,,,1.6,-16.19795,33.84053
2026/01/12 22:58:00,NPP-375,Mozambique,Tete,Moatize,,,,,0.8,-16.19518,33.84491
2026/01/13 11:29:00,NPP-375D,Mozambique,Sofala,Muanza,,,,,1.9,-19.27353,35.51339
2026/01/13 11:29:00,NPP-375D,Mozambique,Sofala,Cheringoma,,,,,2.3,-18.76294,35.32642
2026/01/13 11:29:00,NPP-375D,Mozambique,Sofala,Marromeu,,,,,2.1,-18.85625,35.82838
2026/01/13 11:29:00,NPP-375D,Mozambique,Sofala,Marromeu,,,,,2.8,-18.85583,35.82772
2026/01/13 11:29:00,NPP-375D,Mozambique,Sofala,Marromeu,,,,,2.4,-18.32945,35.7179
2026/01/13 11:29:00,NPP-375D,Mozambique,Zambezia,Pebane,,,,,4.2,-17.05526,38.50025
2026/01/13 11:29:00,NPP-375D,Mozambique,Sofala,Muanza,,,,,10.9,-19.50987,35.30994
2026/01/13 11:29:00,NPP-375D,Mozambique,Zambezia,Mopeia,,,,,5.3,-18.06511,35.98245
2026/01/13 11:29:00,NPP-375D,Mozambique,Zambezia,Pebane,,,,,1.5,-16.84251,38.5258
2026/01/13 11:29:00,NPP-375D,Mozambique,Zambezia,Inhassunge,,,,,3.3,-18.00002,36.6902
2026/01/13 11:29:00,NPP-375D,Mozambique,Zambezia,Nicoadala,,,,,4.5,-17.55065,36.82384
2026/01/13 11:29:00,NPP-375D,Mozambique,Sofala,Cheringoma,,,,,5.5,-19.01609,35.69172
2026/01/13 11:29:00,NPP-375D,Mozambique,Sofala,Maringue,,,,,3.4,-18.08605,34.48735
2026/01/13 11:32:00,NPP-375D,Mozambique,Cabo Delgado,Palma,,,,,3.6,-10.6022,40.58228
2026/01/13 11:32:00,NPP-375D,Mozambique,Cabo Delgado,Palma,,,,,11.5,-10.59072,40.4951
2026/01/13 11:32:00,NPP-375D,Mozambique,Cabo Delgado,Palma,,,,,11.5,-10.59136,40.4917
2026/01/14 11:12:00,NPP-375D,Mozambique,Nampula,Meconta,,,,,1.1,-15.47477,39.25135
2026/01/15 10:51:00,NPP-375D,Mozambique,Sofala,Cheringoma,,,,,5.6,-18.82911,35.68325
2026/01/15 10:53:00,NPP-375D,Mozambique,Cabo Delgado,Palma,,,,,3.1,-11.17871,40.46902
2026/01/15 10:53:00,NPP-375D,Mozambique,Nassa,Majune,,,,,5.4,-13.43918,36.60925
2026/01/15 10:53:00,NPP-375D,Mozambique,Cabo Delgado,Palma,,,,,3.4,-10.85415,40.44959
2026/01/16 10:34:00,NPP-375D,Mozambique,Cabo Delgado,Mueda,,,,,4.7,-11.14346,39.45314
2026/01/16 10:34:00,NPP-375D,Mozambique,Nampula,Meconta,,,,,4.7,-15.08035,39.79456
2026/01/16 10:34:00,NPP-375D,Mozambique,Nampula,Monapo,,,,,5.8,-14.82109,40.29658
2026/01/16 10:36:00,NPP-375D,Mozambique,Cabo Delgado,Palma,,,,,22.3,-10.66811,40.51053
2026/01/17 10:17:00,NPP-375D,Mozambique,Cabo Delgado,Palma,,,,,2.7,-10.73893,40.46235
2026/01/17 11:55:00,NPP-375D,Mozambique,Nampula,Moma,,,,,6.3,-16.75561,39.31668
2026/01/17 23:05:00,NPP-375,Mozambique,Nassa,Lago,,,,,0.3,-12.59516,35.06689
2026/01/18 11:36:00,NPP-375D,Mozambique,Zambezia,Mocuba,,,,,1.8,-16.50996,37.15594
2026/01/18 11:36:00,NPP-375D,Mozambique,Zambezia,Alto Molocue,,,,,9.2,-15.72839,37.47239
2026/01/18 22:44:00,NPP-375,Mozambique,Cabo Delgado,Nangade,,,,,1.0,-10.96594,39.90792
2026/01/18 22:46:00,NPP-375,Mozambique,Nassa,Lichinga,,,,,1.7,-13.35826,35.46188
2026/01/18 22:46:00,NPP-375,Mozambique,Tete,Moatize,,,,,0.8,-16.19799,33.84293
2026/01/18 22:46:00,NPP-375,Mozambique,Tete,Moatize,,,,,2.0,-16.19433,33.84122
2026/01/18 22:46:00,NPP-375,Mozambique,Tete,Changara,,,,,0.5,-15.88799,33.02363
2026/01/18 22:46:00,NPP-375,Mozambique,Nassa,Lichinga,,,,,0.6,-13.35339,35.46025
2026/01/18 22:46:00,NPP-375,Mozambique,Tete,Moatize,,,,,0.8,-16.20215,33.83961
2026/01/18 22:46:00,NPP-375,Mozambique,Tete,Moatize,,,,,0.8,-16.2019,33.84215
2026/01/18 22:46:00,NPP-375,Mozambique,Tete,Moatize,,,,,2.0,-16.19704,33.8378
2026/01/18 22:46:00,NPP-375,Mozambique,Tete,Moatize,,,,,1.7,-16.11967,33.76498
2026/01/18 22:46:00,NPP-375,Mozambique,Nassa,Lichinga,,,,,2.3,-13.35454,35.46256
2026/01/18 22:46:00,NPP-375,Mozambique,Tete,Moatize,,,,,1.7,-16.11872,33.75973
2026/01/18 22:46:00,NPP-375,Mozambique,Tete,Moatize,,,,,2.0,-16.19824,33.84041
2026/01/18 22:46:00,NPP-375,Mozambique,Tete,Moatize,,,,,3.6,-16.12361,33.76419
2026/01/19 11:17:00,NPP-375D,Mozambique,Tete,Moatize,,,,,6.7,-16.1188,33.76167
2026/01/19 11:17:00,NPP-375D,Mozambique,Cabo Delgado,Pemba,,,,,2.0,-13.03877,40.27135
2026/01/19 11:17:00,NPP-375D,Mozambique,Nampula,Meconta,,,,,2.9,-15.45799,39.34423
2026/01/19 11:17:00,NPP-375D,Mozambique,Nampula,Meconta,,,,,3.7,-14.93317,39.79616
2026/01/19 11:17:00,NPP-375D,Mozambique,Nampula,Meconta,,,,,5.7,-15.08804,39.82754
2026/01/19 11:17:00,NPP-375D,Mozambique,Zambezia,Alto Molocue,,,,,1.5,-15.28493,37.56658
2026/01/19 11:17:00,NPP-375D,Mozambique,Nampula,Mongincual,,,,,3.9,-15.71194,40.25648
2026/01/19 11:17:00,NPP-375D,Mozambique,Nampula,Mogovolas,,,,,9.5,-15.42191,39.17262
2026/01/19 11:17:00,NPP-375D,Mozambique,Zambezia,Alto Molocue,,,,,4.1,-15.55174,37.50924
2026/01/19 11:17:00,NPP-375D,Mozambique,Nampula,Mecuburi,,,,,1.8,-14.50072,38.92164
2026/01/19 11:17:00,NPP-375D,Mozambique,Nampula,Nampula,,,,,5.5,-14.99299,38.81707
2026/01/19 11:17:00,NPP-375D,Mozambique,Nampula,Mecuburi,,,,,3.0,-14.63544,38.83376
2026/01/19 11:17:00,NPP-375D,Mozambique,Nampula,Nampula,,,,,1.9,-15.28711,39.16914
2026/01/19 11:17:00,NPP-375D,Mozambique,Nassa,Nipepe,,,,,3.0,-14.1276,37.86927
2026/01/19 11:19:00,NPP-375D,Mozambique,Zambezia,Morrumbala,,,,,2.0,-17.19894,35.55634
2026/01/19 11:19:00,NPP-375D,Mozambique,Zambezia,Inhassunge,,,,,28.1,-18.02567,36.69123
2026/01/19 11:19:00,NPP-375D,Mozambique,Nassa,Lago,,,,,4.2,-12.40135,34.97969
2026/01/19 11:19:00,NPP-375D,Mozambique,Zambezia,Inhassunge,,,,,28.1,-18.02623,36.68757
2026/01/19 11:19:00,NPP-375D,Mozambique,Nampula,Moma,,,,,6.7,-16.57293,39.61343
2026/01/19 11:19:00,NPP-375D,Mozambique,Zambezia,Morrumbala,,,,,4.6,-17.64012,35.61108
2026/01/19 11:19:00,NPP-375D,Mozambique,Sofala,Marromeu,,,,,2.2,-18.43579,35.84125
2026/01/19 22:29:00,NPP-375,Mozambique,Zambezia,Inhassunge,,,,,22.2,-18.01128,36.6897
2026/01/20 10:57:00,NPP-375D,Mozambique,Nampula,Moma,,,,,10.1,-16.49503,39.69724
2026/01/20 10:57:00,NPP-375D,Mozambique,Nampula,Moma,,,,,5.4,-16.49449,39.70089
2026/01/20 11:00:00,NPP-375D,Mozambique,Cabo Delgado,Palma,,,,,3.0,-10.87289,40.48885
2026/01/20 11:00:00,NPP-375D,Mozambique,Cabo Delgado,Palma,,,,,10.2,-10.94,40.41404
2026/01/20 11:00:00,NPP-375D,Mozambique,Cabo Delgado,Palma,,,,,4.8,-10.75999,40.40276
2026/01/20 11:00:00,NPP-375D,Mozambique,Cabo Delgado,Palma,,,,,2.9,-10.94008,40.36949
2026/01/20 11:00:00,NPP-375D,Mozambique,Cabo Delgado,Palma,,,,,4.8,-10.76336,40.40331
2026/01/20 11:00:00,NPP-375D,Mozambique,Cabo Delgado,Palma,,,,,20.4,-10.84369,40.45008
2026/01/20 11:00:00,NPP-375D,Mozambique,Cabo Delgado,Palma,,,,,2.1,-10.81499,40.45663
2026/01/21 10:40:00,NPP-375D,Mozambique,Cabo Delgado,Chiúre,,,,,6.3,-13.65627,39.51717
2026/01/21 10:40:00,NPP-375D,Mozambique,Cabo Delgado,Chiúre,,,,,4.7,-13.65621,39.51652
2026/01/21 10:40:00,NPP-375D,Mozambique,Cabo Delgado,Chiúre,,,,,4.7,-13.62939,39.50202
2026/01/21 10:42:00,NPP-375D,Mozambique,Cabo Delgado,Palma,,,,,7.0,-10.67535,40.19954
2026/01/21 10:42:00,NPP-375D,Mozambique,Cabo Delgado,Palma,,,,,6.9,-10.67625,40.54004
2026/01/22 11:59:00,NPP-375D,Mozambique,Inhambane,Inhassoro,,,,,4.4,-21.38695,35.08511
2026/01/22 11:59:00,NPP-375D,Mozambique,Inhambane,Inhassoro,,,,,1.8,-21.42921,35.08834
2026/01/22 11:59:00,NPP-375D,Mozambique,Inhambane,Vilanculos,,,,,4.0,-22.10995,35.23632
2026/01/22 11:59:00,NPP-375D,Mozambique,Inhambane,Inhassoro,,,,,4.3,-21.38626,35.08835
2026/01/22 11:59:00,NPP-375D,Mozambique,Inhambane,Vilanculos,,,,,1.3,-22.06347,35.22859
2026/01/22 11:59:00,NPP-375D,Mozambique,Inhambane,Vilanculos,,,,,2.3,-22.13535,35.24253
2026/01/22 11:59:00,NPP-375D,Mozambique,Inhambane,Inhassoro,,,,,2.2,-21.43032,35.08819
2026/01/22 11:59:00,NPP-375D,Mozambique,Inhambane,Vilanculos,,,,,3.5,-22.21479,35.28038
2026/01/22 11:59:00,NPP-375D,Mozambique,Inhambane,Inhassoro,,,,,2.1,-21.7758,35.25009
2026/01/22 11:59:00,NPP-375D,Mozambique,Inhambane,Inhassoro,,,,,13.5,-21.40263,35.1125
2026/01/22 11:59:00,NPP-375D,Mozambique,Inhambane,Vilanculos,,,,,2.7,-22.09886,35.21336
2026/01/22 11:59:00,NPP-375D,Mozambique,Inhambane,Vilanculos,,,,,2.0,-22.11089,35.25687
2026/01/22 11:59:00,NPP-375D,Mozambique,Inhambane,Inhassoro,,,,,3.5,-21.39307,35.10686
2026/01/22 11:59:00,NPP-375D,Mozambique,Inhambane,Inhassoro,,,,,3.0,-21.41834,35.089
2026/01/22 11:59:00,NPP-375D,Mozambique,Inhambane,Inhassoro,,,,,4.9,-21.41389,35.08466
2026/01/22 11:59:00,NPP-375D,Mozambique,Inhambane,Inhassoro,,,,,4.9,-21.41456,35.08148
2026/01/22 11:59:00,NPP-375D,Mozambique,Inhambane,Inhassoro,,,,,4.9,-21.40879,35.0834
2026/01/22 11:59:00,NPP-375D,Mozambique,Inhambane,Vilanculos,,,,,2.0,-22.5513,35.40614
2026/01/22 11:59:00,NPP-375D,Mozambique,Inhambane,Inhassoro,,,,,3.2,-21.40056,35.12227
2026/01/22 23:09:00,NPP-375,Mozambique,Tete,Changara,,,,,0.4,-15.88752,33.02398
2026/01/22 23:11:00,NPP-375,Mozambique,Tete,Moatize,,,,,1.1,-16.20129,33.84197
2026/01/22 23:11:00,NPP-375,Mozambique,Tete,Moatize,,,,,1.1,-16.19731,33.83873
2026/01/22 23:11:00,NPP-375,Mozambique,Tete,Moatize,,,,,1.2,-16.12349,33.76559
2026/01/22 23:11:00,NPP-375,Mozambique,Tete,Changara,,,,,0.5,-16.63796,33.07082
2026/01/22 23:11:00,NPP-375,Mozambique,Tete,Moatize,,,,,1.9,-16.12293,33.76184
2026/01/22 23:11:00,NPP-375,Mozambique,Tete,Moatize,,,,,2.1,-16.19446,33.84305
2026/01/22 23:11:00,NPP-375,Mozambique,Tete,Moatize,,,,,1.7,-16.11896,33.75863
2026/01/22 23:11:00,NPP-375,Mozambique,Tete,Moatize,,,,,1.3,-16.1343,33.72149
2026/01/22 23:11:00,NPP-375,Mozambique,Tete,Moatize,,,,,1.1,-16.19788,33.84251
2026/01/22 23:11:00,NPP-375,Mozambique,Tete,Moatize,,,,,1.7,-16.11952,33.76238
2026/01/22 23:11:00,NPP-375,Mozambique,Inhambane,Inhassoro,,,,,2.0,-21.64832,35.47657
2026/01/22 23:11:00,NPP-375,Mozambique,Tete,Moatize,,,,,1.3,-16.13374,33.71774
2026/01/22 23:11:00,NPP-375,Mozambique,Tete,Moatize,,,,,1.1,-16.20072,33.83819
2026/01/22 23:11:00,NPP-375,Mozambique,Tete,Moatize,,,,,1.2,-16.12745,33.76879
2026/01/23 11:42:00,NPP-375D,Mozambique,Inhambane,Inhassoro,,,,,10.2,-21.80249,35.24226
2026/01/23 11:42:00,NPP-375D,Mozambique,Inhambane,Inhassoro,,,,,2.8,-21.61083,35.23401
2026/01/23 11:42:00,NPP-375D,Mozambique,Inhambane,Inhassoro,,,,,5.9,-21.41384,35.08588
2026/01/23 11:42:00,NPP-375D,Mozambique,Inhambane,Inhassoro,,,,,6.5,-21.78022,35.21127
2026/01/23 11:42:00,NPP-375D,Mozambique,Inhambane,Inhassoro,,,,,4.8,-21.4018,35.1225
2026/01/23 11:42:00,NPP-375D,Mozambique,Inhambane,Inhassoro,,,,,2.2,-21.38167,35.12373
2026/01/23 11:42:00,NPP-375D,Mozambique,Inhambane,Vilanculos,,,,,3.9,-22.24048,35.44885
2026/01/23 11:42:00,NPP-375D,Mozambique,Manica,Gondola,,,,,2.9,-19.31957,33.33235
2026/01/23 11:42:00,NPP-375D,Mozambique,Inhambane,Vilanculos,,,,,3.6,-21.84541,35.25403
2026/01/23 11:42:00,NPP-375D,Mozambique,Inhambane,Inhassoro,,,,,6.0,-21.39869,35.12474
2026/01/23 11:42:00,NPP-375D,Mozambique,Inhambane,Vilanculos,,,,,11.3,-22.63514,35.46517
2026/01/23 11:42:00,NPP-375D,Mozambique,Inhambane,Vilanculos,,,,,11.7,-21.907,35.28801
2026/01/23 11:42:00,NPP-375D,Mozambique,Inhambane,Vilanculos,,,,,2.8,-22.56311,35.40222
2026/01/23 11:42:00,NPP-375D,Mozambique,Inhambane,Inhassoro,,,,,3.2,-21.6113,35.2369
2026/01/23 11:42:00,NPP-375D,Mozambique,Inhambane,Inhassoro,,,,,4.3,-21.40249,35.09639
2026/01/23 11:42:00,NPP-375D,Mozambique,Inhambane,Vilanculos,,,,,3.5,-22.11147,35.31466
2026/01/23 11:42:00,NPP-375D,Mozambique,Sofala,Marromeu,,,,,3.0,-18.8084,36.18289
2026/01/23 11:42:00,NPP-375D,Mozambique,Inhambane,Inhassoro,,,,,7.3,-21.44676,35.14505
2026/01/23 11:42:00,NPP-375D,Mozambique,Inhambane,Massinga,,,,,3.1,-22.89009,35.48401
2026/01/23 11:42:00,NPP-375D,Mozambique,Inhambane,Inhassoro,,,,,3.0,-21.48406,35.13695
2026/01/23 11:42:00,NPP-375D,Mozambique,Inhambane,Inhassoro,,,,,7.9,-21.4506,35.14583
2026/01/23 11:42:00,NPP-375D,Mozambique,Sofala,Maringue,,,,,3.6,-17.83587,34.70121
2026/01/23 11:42:00,NPP-375D,Mozambique,Inhambane,Inhassoro,,,,,6.0,-21.41285,35.08286
2026/01/23 11:42:00,NPP-375D,Mozambique,Inhambane,Inhassoro,,,,,3.1,-21.42174,35.12938
2026/01/23 11:42:00,NPP-375D,Mozambique,Inhambane,Inhassoro,,,,,6.2,-21.79173,35.21364
2026/01/23 11:44:00,NPP-375D,Mozambique,Tete,Moatize,,,,,9.4,-16.16896,33.77416
2026/01/23 11:44:00,NPP-375D,Mozambique,Tete,Moatize,,,,,7.9,-16.16983,33.76919
2026/01/23 11:44:00,NPP-375D,Mozambique,Zambezia,Morrumbala,,,,,2.6,-16.55347,35.40325
2026/01/24 11:21:00,NPP-375D,Mozambique,Inhambane,Vilanculos,,,,,3.2,-21.81515,35.24046
2026/01/24 11:21:00,NPP-375D,Mozambique,Inhambane,Massinga,,,,,4.4,-22.7857,35.45721
2026/01/24 11:21:00,NPP-375D,Mozambique,Inhambane,Vilanculos,,,,,2.2,-22.58768,35.48748
2026/01/24 11:21:00,NPP-375D,Mozambique,Inhambane,Vilanculos,,,,,6.8,-22.65073,35.41005
2026/01/24 11:23:00,NPP-375D,Mozambique,Tete,Moatize,,,,,4.1,-16.20585,33.66956
2026/01/24 11:23:00,NPP-375D,Mozambique,Zambezia,Morrumbala,,,,,2.4,-16.54839,35.36049
2026/01/24 11:23:00,NPP-375D,Mozambique,Zambezia,Milange,,,,,1.9,-16.46541,35.548
2026/01/24 11:23:00,NPP-375D,Mozambique,Tete,Moatize,,,,,7.2,-16.21809,33.67892
2026/01/24 22:33:00,NPP-375,Mozambique,Zambezia,Chinde,,,,,1.2,-18.4175,36.39632
2026/01/25 11:04:00,NPP-375D,Mozambique,Inhambane,Massinga,,,,,78.6,-22.95357,35.51999
2026/01/25 11:04:00,NPP-375D,Mozambique,Inhambane,Vilanculos,,,,,19.8,-22.17939,35.27736
2026/01/25 11:04:00,NPP-375D,Mozambique,Inhambane,Vilanculos,,,,,5.1,-21.83135,35.20036
2026/01/25 11:04:00,NPP-375D,Mozambique,Zambezia,Chinde,,,,,6.8,-18.41793,36.39865
2026/01/25 11:04:00,NPP-375D,Mozambique,Inhambane,Vilanculos,,,,,3.2,-22.49082,35.45466
2026/01/25 11:04:00,NPP-375D,Mozambique,Inhambane,Vilanculos,,,,,12.5,-21.90036,35.17881
2026/01/25 11:04:00,NPP-375D,Mozambique,Inhambane,Massinga,,,,,79.0,-22.94852,35.25549
2026/01/25 11:04:00,NPP-375D,Mozambique,Inhambane,Inhassoro,,,,,6.0,-21.72335,35.17178
2026/01/25 11:04:00,NPP-375D,Mozambique,Inhambane,Vilanculos,,,,,4.3,-22.40258,35.46174
2026/01/25 11:04:00,NPP-375D,Mozambique,Sofala,Gorongosa,,,,,3.1,-18.4081,34.36879
2026/01/25 11:04:00,NPP-375D,Mozambique,Inhambane,Massinga,,,,,2.9,-23.08007,35.42755
2026/01/25 11:04:00,NPP-375D,Mozambique,Sofala,Cheringoma,,,,,6.1,-18.89682,35.79096
2026/01/25 11:04:00,NPP-375D,Mozambique,Inhambane,Massinga,,,,,24.6,-22.95242,35.25372
2026/01/25 11:04:00,NPP-375D,Mozambique,Inhambane,Inhassoro,,,,,32.6,-21.79425,35.18734
2026/01/25 11:04:00,NPP-375D,Mozambique,Inhambane,Vilanculos,,,,,4.8,-22.29979,35.31524
2026/01/25 11:04:00,NPP-375D,Mozambique,Inhambane,Vilanculos,,,,,2.7,-21.93024,35.19978
2026/01/25 11:04:00,NPP-375D,Mozambique,Sofala,Dondo,,,,,3.0,-19.48916,35.01569
2026/01/25 11:04:00,NPP-375D,Mozambique,Inhambane,Inhassoro,,,,,14.0,-21.75506,35.2095
2026/01/25 11:04:00,NPP-375D,Mozambique,Inhambane,Vilanculos,,,,,6.4,-21.89915,35.17641
2026/01/25 11:04:00,NPP-375D,Mozambique,Inhambane,Zavala,,,,,2.9,-24.7057,34.52561
2026/01/25 11:04:00,NPP-375D,Mozambique,Inhambane,Inhassoro,,,,,5.8,-21.77633,35.1871
2026/01/25 11:04:00,NPP-375D,Mozambique,Inhambane,Inhassoro,,,,,4.1,-21.79148,35.2091
2026/01/25 11:04:00,NPP-375D,Mozambique,Inhambane,Inhassoro,,,,,26.7,-21.79622,35.18992
2026/01/25 11:04:00,NPP-375D,Mozambique,Inhambane,Vilanculos,,,,,6.7,-22.2296,35.24766
2026/01/25 11:04:00,NPP-375D,Mozambique,Inhambane,Massinga,,,,,127.8,-22.9484,35.25315
2026/01/25 11:04:00,NPP-375D,Mozambique,Inhambane,Inhassoro,,,,,14.3,-21.7313,35.17292
2026/01/25 11:04:00,NPP-375D,Mozambique,Inhambane,Vilanculos,,,,,2.8,-22.49289,35.45642
2026/01/25 11:04:00,NPP-375D,Mozambique,Inhambane,Massinga,,,,,6.2,-22.95254,35.25607
2026/01/25 11:04:00,NPP-375D,Mozambique,Inhambane,Massinga,,,,,5.0,-22.95321,35.25042
2026/01/25 11:04:00,NPP-375D,Mozambique,Inhambane,Vilanculos,,,,,4.0,-22.29849,35.31289
2026/01/25 11:04:00,NPP-375D,Mozambique,Inhambane,Vilanculos,,,,,3.6,-22.40132,35.46388
2026/01/25 11:04:00,NPP-375D,Mozambique,Inhambane,Inhassoro,,,,,3.5,-21.74129,35.15763
2026/01/25 11:04:00,NPP-375D,Mozambique,Inhambane,Vilanculos,,,,,9.8,-22.57865,35.38058
2026/01/25 11:04:00,NPP-375D,Mozambique,Inhambane,Inharrime,,,,,14.8,-24.41195,35.26211
2026/01/25 11:06:00,NPP-375D,Mozambique,Zambezia,Morrumbala,,,,,3.1,-16.46707,35.38602
2026/01/25 11:06:00,NPP-375D,Mozambique,Cabo Delgado,Mueda,,,,,2.7,-11.20222,39.49334
2026/01/25 22:14:00,NPP-375,Mozambique,Tete,Moatize,,,,,2.1,-16.12013,33.76059
2026/01/25 22:14:00,NPP-375,Mozambique,Zambezia,Alto Molocue,,,,,0.7,-15.6553,37.65109
2026/01/25 22:14:00,NPP-375,Mozambique,Zambezia,Alto Molocue,,,,,0.7,-15.65394,37.65029
2026/01/25 22:14:00,NPP-375,Mozambique,Tete,Moatize,,,,,2.4,-16.19893,33.84072
2026/01/25 22:14:00,NPP-375,Mozambique,Tete,Moatize,,,,,2.5,-16.12077,33.76197
2026/01/26 10:45:00,NPP-375D,Mozambique,Inhambane,Massinga,,,,,2.4,-22.98462,35.43797
2026/01/26 10:45:00,NPP-375D,Mozambique,Inhambane,Vilanculos,,,,,3.2,-22.27861,35.26053
2026/01/26 10:45:00,NPP-375D,Mozambique,Inhambane,Massinga,,,,,12.4,-22.91508,35.16734
2026/01/26 10:45:00,NPP-375D,Mozambique,Inhambane,Massinga,,,,,3.7,-23.10262,35.35917
2026/01/26 10:45:00,NPP-375D,Mozambique,Inhambane,Vilanculos,,,,,6.6,-22.21579,35.29039
2026/01/26 10:45:00,NPP-375D,Mozambique,Inhambane,Vilanculos,,,,,2.8,-22.61049,35.47042
2026/01/26 10:45:00,NPP-375D,Mozambique,Inhambane,Vilanculos,,,,,3.0,-22.27687,35.27854
2026/01/26 10:45:00,NPP-375D,Mozambique,Inhambane,Vilanculos,,,,,1.5,-22.78711,35.17631
2026/01/26 10:45:00,NPP-375D,Mozambique,Inhambane,Massinga,,,,,4.1,-22.87653,35.46086
2026/01/26 10:45:00,NPP-375D,Mozambique,Inhambane,Vilanculos,,,,,3.4,-22.61671,35.40262
2026/01/26 10:45:00,NPP-375D,Mozambique,Inhambane,Massinga,,,,,1.7,-23.09427,35.27145
2026/01/26 10:45:00,NPP-375D,Mozambique,Inhambane,Massinga,,,,,12.4,-22.91472,35.1711
2026/01/26 10:45:00,NPP-375D,Mozambique,Inhambane,Massinga,,,,,4.1,-22.87619,35.46446
2026/01/26 10:45:00,NPP-375D,Mozambique,Inhambane,Vilanculos,,,,,1.7,-22.27804,35.48754
2026/01/26 10:45:00,NPP-375D,Mozambique,Inhambane,Vilanculos,,,,,1.4,-22.12991,35.25815
2026/01/26 10:45:00,NPP-375D,Mozambique,Inhambane,Vilanculos,,,,,2.3,-22.45401,35.51992
2026/01/26 10:45:00,NPP-375D,Mozambique,Inhambane,Vilanculos,,,,,1.7,-22.28175,35.48828
2026/01/26 10:47:00,NPP-375D,Mozambique,Inhambane,Vilanculos,,,,,5.1,-21.82363,35.25826
2026/01/26 10:47:00,NPP-375D,Mozambique,Inhambane,Vilanculos,,,,,2.8,-21.8844,35.21783
2026/01/26 10:47:00,NPP-375D,Mozambique,Inhambane,Vilanculos,,,,,2.5,-21.88208,35.21708
2026/01/26 10:47:00,NPP-375D,Mozambique,Inhambane,Vilanculos,,,,,2.3,-21.88745,35.27228
2026/01/26 10:47:00,NPP-375D,Mozambique,Inhambane,Vilanculos,,,,,1.5,-21.90768,35.20201
2026/01/26 10:47:00,NPP-375D,Mozambique,Sofala,Dondo,,,,,2.4,-19.5491,35.17245
2026/01/26 10:47:00,NPP-375D,Mozambique,Inhambane,Inhassoro,,,,,1.2,-21.49382,35.11513
2026/01/26 10:47:00,NPP-375D,Mozambique,Sofala,Dondo,,,,,2.4,-19.53545,35.15061
2026/01/26 12:25:00,NPP-375,Mozambique,Inhambane,Massinga,,,,,8.3,-23.03114,35.22715
2026/01/26 12:25:00,NPP-375,Mozambique,Inhambane,Massinga,,,,,4.2,-23.03192,35.23143
2026/01/26 12:25:00,NPP-375,Mozambique,Inhambane,Massinga,,,,,4.1,-23.04302,35.21836
2026/01/26 12:25:00,NPP-375,Mozambique,Inhambane,Vilanculos,,,,,5.5,-22.66003,35.3409
2026/01/27 10:25:00,NPP-375D,Mozambique,Sofala,Dondo,,,,,9.0,-19.52337,34.9985
2026/01/27 10:25:00,NPP-375D,Mozambique,Sofala,Dondo,,,,,9.0,-19.5209,34.99622
2026/01/27 12:06:00,NPP-375,Mozambique,Inhambane,Massinga,,,,,17.4,-22.80646,35.49048
2026/01/27 12:06:00,NPP-375,Mozambique,Inhambane,Massinga,,,,,6.2,-23.03488,35.22135
2026/01/27 12:06:00,NPP-375,Mozambique,Inhambane,Zavala,,,,,2.0,-24.659,34.69675
2026/01/27 12:06:00,NPP-375,Mozambique,Inhambane,Vilanculos,,,,,3.9,-22.56892,35.47368
2026/01/27 12:06:00,NPP-375,Mozambique,Inhambane,Funhalouro,,,,,4.5,-23.23887,34.4887
2026/01/27 12:06:00,NPP-375,Mozambique,Inhambane,Massinga,,,,,6.2,-23.04035,35.22281
2026/01/27 12:06:00,NPP-375,Mozambique,Inhambane,Massinga,,,,,3.0,-23.11291,35.28022
2026/01/27 12:06:00,NPP-375,Mozambique,Inhambane,Massinga,,,,,4.8,-23.03043,35.41244
2026/01/27 12:06:00,NPP-375,Mozambique,Inhambane,Massinga,,,,,17.4,-22.80552,35.49459
2026/01/27 12:06:00,NPP-375,Mozambique,Inhambane,Funhalouro,,,,,5.9,-23.2381,34.49216
2026/01/27 12:06:00,NPP-375,Mozambique,Inhambane,Massinga,,,,,6.7,-23.0359,35.49137
2026/01/27 12:06:00,NPP-375,Mozambique,Inhambane,Massinga,,,,,6.2,-23.03967,35.21975
2026/01/27 12:06:00,NPP-375,Mozambique,Inhambane,Massinga,,,,,11.2,-23.03878,35.22365
2026/01/27 12:06:00,NPP-375,Mozambique,Inhambane,Zavala,,,,,2.0,-24.65825,34.70015
2026/01/27 12:08:00,NPP-375,Mozambique,Manica,Mossurize,,,,,2.5,-20.23713,32.99778
2026/01/27 12:08:00,NPP-375,Mozambique,Sofala,Buzi,,,,,5.1,-19.77626,34.25327
2026/01/27 12:08:00,NPP-375,Mozambique,Sofala,Muanza,,,,,13.2,-19.08995,35.32378
2026/01/27 12:08:00,NPP-375,Mozambique,Sofala,Muanza,,,,,22.5,-19.08775,35.32803
2026/01/27 12:08:00,NPP-375,Mozambique,Sofala,Buzi,,,,,5.1,-19.77218,34.25489
2026/01/27 12:08:00,NPP-375,Mozambique,Sofala,Muanza,,,,,23.0,-19.08888,35.3285
2026/01/27 12:08:00,NPP-375,Mozambique,Sofala,Buzi,,,,,3.0,-19.6727,34.29447
2026/01/27 12:08:00,NPP-375,Mozambique,Sofala,Muanza,,,,,14.8,-19.08879,35.32329
2026/01/27 23:18:00,NPP-375,Mozambique,Tete,Moatize,,,,,1.1,-16.19927,33.84468
2026/01/27 23:18:00,NPP-375,Mozambique,Tete,Moatize,,,,,2.4,-16.19865,33.84037
2026/01/27 23:18:00,NPP-375,Mozambique,Tete,Moatize,,,,,2.3,-16.13322,33.71909
2026/01/27 23:18:00,NPP-375,Mozambique,Tete,Moatize,,,,,2.2,-16.12904,33.76764
2026/01/27 23:18:00,NPP-375,Mozambique,Sofala,Cheringoma,,,,,0.7,-18.22278,35.07695
2026/01/27 23:18:00,NPP-375,Mozambique,Tete,Moatize,,,,,1.5,-16.19502,33.84091
2026/01/27 23:18:00,NPP-375,Mozambique,Tete,Changara,,,,,0.7,-15.88869,33.02307
2026/01/27 23:18:00,NPP-375,Mozambique,Zambezia,Chinde,,,,,0.7,-18.09086,36.51585
2026/01/27 23:18:00,NPP-375,Mozambique,Tete,Moatize,,,,,0.7,-16.19564,33.84521
2026/01/27 23:18:00,NPP-375,Mozambique,Zambezia,Chinde,,,,,0.5,-18.09157,36.51678
2026/01/27 23:18:00,NPP-375,Mozambique,Tete,Moatize,,,,,1.0,-16.11699,33.7608
2026/01/27 23:18:00,NPP-375,Mozambique,Sofala,Cheringoma,,,,,0.6,-18.22382,35.07552
2026/01/27 23:18:00,NPP-375,Mozambique,Tete,Moatize,,,,,3.1,-16.12061,33.76025
2026/01/28 11:46:00,NPP-375D,Mozambique,Maputo,Matutuíne,,,,,3.7,-26.86526,32.67509
2026/01/28 11:46:00,NPP-375D,Mozambique,Maputo,Manhiça,,,,,2.9,-25.36951,32.97573
2026/01/28 11:46:00,NPP-375D,Mozambique,Maputo,Matutuíne,,,,,4.2,-26.6102,32.79311
2026/01/28 11:49:00,NPP-375D,Mozambique,Gaza,Massingir,,,,,1.4,-23.84703,32.04211
2026/01/28 11:49:00,NPP-375D,Mozambique,Inhambane,Massinga,,,,,2.7,-22.67811,35.42339
2026/01/28 11:49:00,NPP-375D,Mozambique,Inhambane,Vilanculos,,,,,2.0,-22.52325,35.41217
2026/01/28 11:49:00,NPP-375D,Mozambique,Inhambane,Massinga,,,,,2.2,-23.05086,35.47534
2026/01/28 11:49:00,NPP-375D,Mozambique,Inhambane,Inharrime,,,,,9.1,-24.37809,34.90583
2026/01/28 11:49:00,NPP-375D,Mozambique,Inhambane,Inharrime,,,,,6.2,-24.41563,35.26014
2026/01/28 11:49:00,NPP-375D,Mozambique,Inhambane,Vilanculos,,,,,11.3,-22.59008,35.38231
2026/01/28 11:49:00,NPP-375D,Mozambique,Inhambane,Panda,,,,,5.0,-23.99218,34.98063
2026/01/28 11:49:00,NPP-375D,Mozambique,Inhambane,Inhassoro,,,,,1.9,-21.70484,34.92055
2026/01/28 11:49:00,NPP-375D,Mozambique,Manica,Manica,,,,,5.3,-19.03161,32.85553
2026/01/28 11:49:00,NPP-375D,Mozambique,Inhambane,Mabote,,,,,2.9,-22.14616,34.20137
2026/01/28 11:49:00,NPP-375D,Mozambique,Inhambane,Vilanculos,,,,,5.6,-22.16815,35.29247
2026/01/28 11:49:00,NPP-375D,Mozambique,Inhambane,Inhassoro,,,,,6.2,-21.68724,35.14519
2026/01/28 11:49:00,NPP-375D,Mozambique,Manica,Sussundenga,,,,,3.3,-19.67284,33.2935
2026/01/28 11:49:00,NPP-375D,Mozambique,Inhambane,Inhassoro,,,,,1.6,-21.62275,35.09789
2026/01/28 11:49:00,NPP-375D,Mozambique,Manica,Sussundenga,,,,,3.9,-19.42562,32.83599
2026/01/28 11:49:00,NPP-375D,Mozambique,Sofala,Buzi,,,,,3.7,-19.75801,34.24471
2026/01/28 11:49:00,NPP-375D,Mozambique,Inhambane,Inharrime,,,,,9.1,-24.38204,34.90667
2026/01/28 11:49:00,NPP-375D,Mozambique,Inhambane,Vilanculos,,,,,3.3,-22.27039,35.30475
2026/01/28 11:49:00,NPP-375D,Mozambique,Inhambane,Vilanculos,,,,,4.0,-22.4329,35.43135
2026/01/28 11:49:00,NPP-375D,Mozambique,Inhambane,Vilanculos,,,,,5.0,-22.4141,35.02852
2026/01/28 11:49:00,NPP-375D,Mozambique,Inhambane,Vilanculos,,,,,8.1,-22.58987,35.38366
2026/01/28 11:49:00,NPP-375D,Mozambique,Inhambane,Massinga,,,,,3.3,-22.67392,35.42247
2026/01/28 11:51:00,NPP-375D,Mozambique,Sofala,Maringue,,,,,2.2,-18.21982,34.69386
2026/01/28 22:58:00,NPP-375,Mozambique,Tete,Moatize,,,,,1.2,-16.12294,33.76508
2026/01/28 22:58:00,NPP-375,Mozambique,Tete,Moatize,,,,,2.4,-16.1223,33.76128
2026/01/28 22:58:00,NPP-375,Mozambique,Tete,Moatize,,,,,1.2,-16.12698,33.76826
2026/01/28 22:58:00,NPP-375,Mozambique,Tete,Changara,,,,,0.7,-15.88869,33.0245
2026/01/28 22:58:00,NPP-375,Mozambique,Tete,Moatize,,,,,1.4,-16.202,33.84033
2026/01/28 22:58:00,NPP-375,Mozambique,Tete,Moatize,,,,,1.4,-16.1986,33.84094
2026/01/28 22:58:00,NPP-375,Mozambique,Tete,Moatize,,,,,1.8,-16.12309,33.76508
2026/01/28 22:58:00,NPP-375,Mozambique,Tete,Changara,,,,,0.9,-15.88837,33.02325
2026/01/28 22:58:00,NPP-375,Mozambique,Tete,Moatize,,,,,1.5,-16.11844,33.7581
2026/01/28 22:58:00,NPP-375,Mozambique,Tete,Moatize,,,,,1.5,-16.11907,33.76189
2026/01/28 22:58:00,NPP-375,Mozambique,Tete,Moatize,,,,,1.5,-16.12247,33.76128
2026/01/28 23:01:00,NPP-375,Mozambique,Gaza,Massingir,,,,,1.5,-23.85101,32.02938
2026/01/28 23:01:00,NPP-375,Mozambique,Sofala,Dondo,,,,,0.6,-19.54127,35.15289
2026/01/28 23:01:00,NPP-375,Mozambique,Gaza,Massingir,,,,,1.5,-23.85166,32.03329
2026/01/28 23:01:00,NPP-375,Mozambique,Gaza,Massingir,,,,,1.0,-23.84958,32.04181
2026/01/28 23:01:00,NPP-375,Mozambique,Sofala,Dondo,,,,,0.6,-19.54461,35.15232
2026/01/29 11:27:00,NPP-375D,Mozambique,Inhambane,Vilanculos,,,,,12.0,-22.26482,35.30984
2026/01/29 11:27:00,NPP-375D,Mozambique,Inhambane,Massinga,,,,,3.6,-22.98126,35.37133
2026/01/29 11:27:00,NPP-375D,Mozambique,Inhambane,Vilanculos,,,,,8.5,-22.18308,35.31833
2026/01/29 11:27:00,NPP-375D,Mozambique,Inhambane,Vilanculos,,,,,2.3,-22.60059,35.35207
2026/01/29 11:27:00,NPP-375D,Mozambique,Inhambane,Massinga,,,,,8.4,-23.10746,35.3909
2026/01/29 11:27:00,NPP-375D,Mozambique,Inhambane,Massinga,,,,,7.0,-22.75281,35.33702
2026/01/29 11:27:00,NPP-375D,Mozambique,Inhambane,Jangamo,,,,,2.1,-24.33816,35.07253
2026/01/29 11:27:00,NPP-375D,Mozambique,Inhambane,Vilanculos,,,,,7.0,-22.75343,35.33319
2026/01/29 11:27:00,NPP-375D,Mozambique,Inhambane,Vilanculos,,,,,1.4,-22.12813,35.24475
2026/01/29 11:27:00,NPP-375D,Mozambique,Inhambane,Vilanculos,,,,,4.5,-22.18054,35.22679
2026/01/29 11:27:00,NPP-375D,Mozambique,Gaza,Massingir,,,,,3.4,-23.84865,32.03229
2026/01/29 11:27:00,NPP-375D,Mozambique,Inhambane,Vilanculos,,,,,2.2,-22.50269,35.39341
2026/01/29 11:27:00,NPP-375D,Mozambique,Inhambane,Massinga,,,,,1.1,-22.64684,35.49611
2026/01/29 11:27:00,NPP-375D,Mozambique,Inhambane,Vilanculos,,,,,10.8,-22.57984,35.41571
2026/01/29 11:27:00,NPP-375D,Mozambique,Inhambane,Vilanculos,,,,,12.0,-22.26145,35.30921
2026/01/29 11:27:00,NPP-375D,Mozambique,Inhambane,Vilanculos,,,,,4.6,-22.30525,35.16722
2026/01/29 11:27:00,NPP-375D,Mozambique,Inhambane,Vilanculos,,,,,6.4,-21.88485,35.2587
2026/01/29 11:27:00,NPP-375D,Mozambique,Inhambane,Vilanculos,,,,,4.5,-22.18329,35.23125
2026/01/29 11:27:00,NPP-375D,Mozambique,Inhambane,Vilanculos,,,,,9.0,-22.58384,35.41249
2026/01/29 11:27:00,NPP-375D,Mozambique,Inhambane,Vilanculos,,,,,3.1,-22.30189,35.16659
2026/01/29 11:27:00,NPP-375D,Mozambique,Maputo,Matutuíne,,,,,3.3,-26.20125,32.66598
2026/01/29 11:27:00,NPP-375D,Mozambique,Inhambane,Vilanculos,,,,,23.2,-22.55269,35.4067
2026/01/29 11:27:00,NPP-375D,Mozambique,Gaza,Massingir,,,,,3.8,-23.83774,32.06014
2026/01/29 11:27:00,NPP-375D,Mozambique,Inhambane,Vilanculos,,,,,10.8,-22.58047,35.41185
2026/01/29 11:27:00,NPP-375D,Mozambique,Inhambane,Vilanculos,,,,,43.4,-22.6178,35.3315
2026/01/29 11:27:00,NPP-375D,Mozambique,Maputo,Manhiça,,,,,2.5,-25.29957,32.97463
2026/01/29 11:27:00,NPP-375D,Mozambique,Inhambane,Vilanculos,,,,,2.0,-22.62858,35.43681
2026/01/29 11:27:00,NPP-375D,Mozambique,Inhambane,Vilanculos,,,,,6.6,-22.11375,35.22627
2026/01/29 11:29:00,NPP-375D,Mozambique,Manica,Mossurize,,,,,5.9,-20.56152,32.66803
2026/01/29 11:29:00,NPP-375D,Mozambique,Sofala,Dondo,,,,,1.5,-19.74847,34.92167
2026/01/29 11:29:00,NPP-375D,Mozambique,Sofala,Maringue,,,,,4.6,-18.09151,34.49304
2026/01/29 11:29:00,NPP-375D,Mozambique,Sofala,Gorongosa,,,,,2.9,-18.57125,33.80259
2026/01/29 11:29:00,NPP-375D,Mozambique,Sofala,Gorongosa,,,,,2.2,-18.76693,33.93502
2026/01/29 11:29:00,NPP-375D,Mozambique,Tete,Moatize,,,,,6.0,-16.11941,33.76054
2026/01/29 11:29:00,NPP-375D,Mozambique,Sofala,Gorongosa,,,,,1.3,-18.47618,33.91454
2026/01/29 11:29:00,NPP-375D,Mozambique,Manica,Mossurize,,,,,2.6,-20.43541,32.81478
2026/01/29 11:29:00,NPP-375D,Mozambique,Inhambane,Inhassoro,,,,,4.3,-21.52281,35.09778
2026/01/29 11:29:00,NPP-375D,Mozambique,Sofala,Cheringoma,,,,,12.9,-18.84849,35.59875
2026/01/29 11:29:00,NPP-375D,Mozambique,Inhambane,Inhassoro,,,,,6.7,-21.64593,35.09271
2026/01/29 11:29:00,NPP-375D,Mozambique,Sofala,Gorongosa,,,,,3.1,-18.56907,34.58548
2026/01/29 11:29:00,NPP-375D,Mozambique,Inhambane,Inhassoro,,,,,9.0,-21.64642,35.09302
2026/01/29 11:29:00,NPP-375D,Mozambique,Inhambane,Inhassoro,,,,,3.7,-21.73493,35.16843
2026/01/29 11:29:00,NPP-375D,Mozambique,Sofala,Gorongosa,,,,,3.9,-18.48546,34.51972
2026/01/29 11:29:00,NPP-375D,Mozambique,Sofala,Buzi,,,,,3.3,-19.64887,33.81037
2026/01/29 11:29:00,NPP-375D,Mozambique,Tete,Mutarara,,,,,1.4,-17.48306,35.14103
2026/01/29 11:29:00,NPP-375D,Mozambique,Inhambane,Inhassoro,,,,,12.4,-21.72849,35.18697
2026/01/29 11:29:00,NPP-375D,Mozambique,Inhambane,Inhassoro,,,,,6.4,-21.80233,35.16505
2026/01/29 11:29:00,NPP-375D,Mozambique,Zambezia,Morrumbala,,,,,3.5,-16.61704,35.45824
2026/01/29 11:29:00,NPP-375D,Mozambique,Sofala,Cheringoma,,,,,8.6,-18.85548,35.60004
2026/01/29 11:29:00,NPP-375D,Mozambique,Sofala,Dondo,,,,,1.5,-19.74507,34.92105
2026/01/29 11:29:00,NPP-375D,Mozambique,Sofala,Chibabava,,,,,3.2,-20.39191,33.94461
2026/01/29 11:29:00,NPP-375D,Mozambique,Sofala,Gorongosa,,,,,2.4,-18.83427,33.93204
2026/01/29 11:29:00,NPP-375D,Mozambique,Sofala,Maringue,,,,,6.6,-17.92593,34.63209
2026/01/29 11:29:00,NPP-375D,Mozambique,Sofala,Buzi,,,,,2.5,-19.8262,34.2139
2026/01/29 11:29:00,NPP-375D,Mozambique,Sofala,Muanza,,,,,2.8,-19.31148,34.72894
2026/01/29 11:29:00,NPP-375D,Mozambique,Sofala,Muanza,,,,,4.2,-19.3081,34.72833
2026/01/29 11:29:00,NPP-375D,Mozambique,Sofala,Gorongosa,,,,,1.0,-18.478,33.91513
2026/01/29 11:29:00,NPP-375D,Mozambique,Sofala,Gorongosa,,,,,3.0,-18.54897,33.98818
2026/01/29 22:39:00,NPP-375,Mozambique,Tete,Moatize,,,,,3.5,-16.12503,33.76237
2026/01/29 22:39:00,NPP-375,Mozambique,Tete,Moatize,,,,,1.6,-16.12151,33.76768
2026/01/29 22:39:00,NPP-375,Mozambique,Tete,Moatize,,,,,2.7,-16.11987,33.75889
2026/01/29 22:39:00,NPP-375,Mozambique,Tete,Moatize,,,,,1.6,-16.12069,33.76326
2026/01/29 22:39:00,NPP-375,Mozambique,Manica,Sussundenga,,,,,0.8,-19.57354,32.87932
2026/01/29 22:39:00,NPP-375,Mozambique,Manica,Sussundenga,,,,,0.4,-19.56918,32.88
2026/01/29 22:39:00,NPP-375,Mozambique,Tete,Moatize,,,,,2.5,-16.20355,33.84159
2026/01/29 22:39:00,NPP-375,Mozambique,Tete,Moatize,,,,,1.9,-16.19843,33.83824
2026/01/29 22:39:00,NPP-375,Mozambique,Sofala,Dondo,,,,,1.7,-19.55874,34.67162
2026/01/29 22:39:00,NPP-375,Mozambique,Tete,Moatize,,,,,1.9,-16.19493,33.84345
2026/01/29 22:39:00,NPP-375,Mozambique,Sofala,Dondo,,,,,1.4,-19.55943,34.67498
2026/01/29 22:39:00,NPP-375,Mozambique,Tete,Moatize,,,,,1.9,-16.19924,33.84252
2026/01/29 22:41:00,NPP-375,Mozambique,Gaza,Massingir,,,,,1.6,-23.84769,32.04544
2026/01/29 22:41:00,NPP-375,Mozambique,Gaza,Massingir,,,,,1.7,-23.84829,32.0448
2026/01/29 22:41:00,NPP-375,Mozambique,Inhambane,Vilanculos,,,,,0.8,-22.24669,35.06715
2026/01/29 22:41:00,NPP-375,Mozambique,Gaza,Massingir,,,,,0.8,-23.84162,32.0332
2026/01/29 22:41:00,NPP-375,Mozambique,Gaza,Massingir,,,,,1.7,-23.84156,32.05529
2026/01/29 22:41:00,NPP-375,Mozambique,Gaza,Massingir,,,,,1.3,-23.83737,32.05628
2026/01/29 22:41:00,NPP-375,Mozambique,Gaza,Massingir,,,,,0.9,-23.84094,32.03386
2026/01/30 11:10:00,NPP-375D,Mozambique,Manica,Sussundenga,,,,,5.2,-19.67696,33.31828
2026/01/30 11:10:00,NPP-375D,Mozambique,Sofala,Dondo,,,,,2.6,-19.58214,35.08
2026/01/30 11:10:00,NPP-375D,Mozambique,Gaza,Massingir,,,,,13.5,-23.84213,32.03424
2026/01/30 11:10:00,NPP-375D,Mozambique,Inhambane,Inhassoro,,,,,6.4,-21.61221,35.00838
2026/01/30 11:10:00,NPP-375D,Mozambique,Manica,Gondola,,,,,3.7,-19.21889,33.39176
2026/01/30 11:10:00,NPP-375D,Mozambique,Manica,Sussundenga,,,,,8.1,-19.45033,33.16857
2026/01/30 11:10:00,NPP-375D,Mozambique,Inhambane,Inhassoro,,,,,7.8,-21.42526,35.13644
2026/01/30 11:10:00,NPP-375D,Mozambique,Inhambane,Vilanculos,,,,,10.4,-22.26658,35.16214
2026/01/30 11:10:00,NPP-375D,Mozambique,Manica,Sussundenga,,,,,5.0,-19.67721,33.32125
2026/01/30 11:10:00,NPP-375D,Mozambique,Maputo,Manhiça,,,,,7.4,-25.37298,33.04561
2026/01/30 11:10:00,NPP-375D,Mozambique,Sofala,Buzi,,,,,6.2,-19.69169,34.3153
2026/01/30 11:10:00,NPP-375D,Mozambique,Maputo,Manhiça,,,,,5.2,-25.3695,33.04846
2026/01/30 11:10:00,NPP-375D,Mozambique,Sofala,Chibabava,,,,,3.8,-20.53294,33.92659
2026/01/30 11:12:00,NPP-375D,Mozambique,Sofala,Marromeu,,,,,5.9,-18.67424,36.06183
2026/01/30 11:12:00,NPP-375D,Mozambique,Zambezia,Chinde,,,,,4.1,-18.2791,36.48613
2026/01/30 11:12:00,NPP-375D,Mozambique,Zambezia,Mopeia,,,,,9.0,-18.16968,36.66297
2026/01/30 11:12:00,NPP-375D,Mozambique,Zambezia,Chinde,,,,,5.2,-18.1069,36.58806
2026/01/30 11:12:00,NPP-375D,Mozambique,Sofala,Marromeu,,,,,3.6,-18.69256,36.08052
2026/01/30 11:12:00,NPP-375D,Mozambique,Zambezia,Chinde,,,,,4.0,-18.20142,36.61098
2026/01/30 11:12:00,NPP-375D,Mozambique,Sofala,Maringue,,,,,4.7,-18.09917,34.41745
2026/01/30 11:12:00,NPP-375D,Mozambique,Tete,Moatize,,,,,12.3,-16.20058,33.83924
2026/01/30 22:22:00,NPP-375,Mozambique,Tete,Moatize,,,,,4.5,-16.20091,33.84275
2026/01/30 22:22:00,NPP-375,Mozambique,Tete,Moatize,,,,,3.3,-16.11954,33.76474
2026/01/30 22:22:00,NPP-375,Mozambique,Sofala,Dondo,,,,,1.2,-19.73137,34.81504
2026/01/30 22:22:00,NPP-375,Mozambique,Tete,Moatize,,,,,2.2,-16.12635,33.76784
2026/01/30 22:22:00,NPP-375,Mozambique,Sofala,Dondo,,,,,1.3,-19.73041,34.81417
2026/01/30 22:24:00,NPP-375,Mozambique,Gaza,Massingir,,,,,1.1,-23.84088,32.03395
2026/01/30 22:24:00,NPP-375,Mozambique,Gaza,Massingir,,,,,1.1,-23.84644,32.03236
2026/01/31 00:05:00,NPP-375D,Mozambique,Gaza,Massingir,,,,,2.3,-23.84387,32.03114
2026/01/31 10:49:00,NPP-375D,Mozambique,Gaza,Massingir,,,,,8.0,-23.8438,32.03576
2026/01/31 10:49:00,NPP-375D,Mozambique,Maputo,Marracuene,,,,,2.9,-25.62456,32.76796
2026/01/31 10:49:00,NPP-375D,Mozambique,Inhambane,Homoine,,,,,3.1,-23.82476,34.90794
2026/01/31 10:51:00,NPP-375D,Mozambique,Zambezia,Mopeia,,,,,6.6,-18.04443,36.09571
2026/01/31 10:51:00,NPP-375D,Mozambique,Zambezia,Morrumbala,,,,,5.1,-17.09771,35.63717
2026/01/31 10:51:00,NPP-375D,Mozambique,Inhambane,Inhassoro,,,,,2.9,-21.77607,35.15847
2026/01/31 10:51:00,NPP-375D,Mozambique,Tete,Mutarara,,,,,5.0,-16.73349,34.48325
2026/01/31 10:51:00,NPP-375D,Mozambique,Inhambane,Inhassoro,,,,,4.3,-21.79801,35.18451
2026/01/31 10:51:00,NPP-375D,Mozambique,Manica,Barue,,,,,4.3,-18.29925,33.24892
2026/01/31 10:51:00,NPP-375D,Mozambique,Zambezia,Mopeia,,,,,4.2,-18.03332,35.85133
2026/01/31 10:51:00,NPP-375D,Mozambique,Inhambane,Massinga,,,,,7.0,-22.62793,35.48776
2026/01/31 10:51:00,NPP-375D,Mozambique,Manica,Sussundenga,,,,,5.8,-19.6705,33.40105
2026/01/31 10:51:00,NPP-375D,Mozambique,Zambezia,Mocuba,,,,,3.2,-16.648,37.0238
2026/01/31 10:51:00,NPP-375D,Mozambique,Inhambane,Inhassoro,,,,,5.5,-21.80164,35.19667
2026/01/31 10:51:00,NPP-375D,Mozambique,Inhambane,Vilanculos,,,,,2.5,-22.60074,35.39101
2026/01/31 10:51:00,NPP-375D,Mozambique,Manica,Sussundenga,,,,,3.9,-19.67091,33.39721
2026/01/31 10:51:00,NPP-375D,Mozambique,Zambezia,Morrumbala,,,,,10.8,-17.56437,35.60705
2026/01/31 10:51:00,NPP-375D,Mozambique,Zambezia,Morrumbala,,,,,4.6,-17.55988,35.60657
2026/01/31 10:51:00,NPP-375D,Mozambique,Zambezia,Mopeia,,,,,2.3,-17.79903,36.02747
2026/01/31 10:51:00,NPP-375D,Mozambique,Manica,Sussundenga,,,,,9.3,-19.66818,33.40011
2026/01/31 10:51:00,NPP-375D,Mozambique,Sofala,Cheringoma,,,,,4.4,-18.62907,35.46567
2026/01/31 10:51:00,NPP-375D,Mozambique,Zambezia,Morrumbala,,,,,4.2,-16.6107,35.43866
2026/01/31 10:51:00,NPP-375D,Mozambique,Zambezia,Morrumbala,,,,,2.9,-17.38781,35.49021
2026/01/31 10:51:00,NPP-375D,Mozambique,Manica,Mossurize,,,,,5.0,-20.49964,32.84395
2026/01/31 10:51:00,NPP-375D,Mozambique,Tete,Moatize,,,,,16.3,-16.19932,33.84276
2026/01/31 10:51:00,NPP-375D,Mozambique,Zambezia,Morrumbala,,,,,4.6,-17.0953,35.63446
2026/01/31 10:51:00,NPP-375D,Mozambique,Manica,Barue,,,,,3.8,-18.17669,33.0559
2026/01/31 12:31:00,NPP-375,Mozambique,Manica,Mossurize,,,,,7.6,-20.5202,32.83537
2026/01/31 12:31:00,NPP-375,Mozambique,Gaza,Massingir,,,,,5.4,-23.84526,32.03633
2026/01/31 23:41:00,NPP-375,Mozambique,Tete,Moatize,,,,,1.5,-16.19814,33.84235
2026/01/31 23:41:00,NPP-375,Mozambique,Tete,Moatize,,,,,1.8,-16.1335,33.71814
2026/01/31 23:41:00,NPP-375,Mozambique,Tete,Changara,,,,,0.5,-15.88755,33.0232
2026/01/31 23:41:00,NPP-375,Mozambique,Tete,Moatize,,,,,0.9,-16.20901,33.84114
2026/01/31 23:41:00,NPP-375,Mozambique,Tete,Moatize,,,,,1.6,-16.12823,33.76801
2026/02/01 10:32:00,NPP-375D,Mozambique,Inhambane,Inhassoro,,,,,4.6,-21.41232,35.13102
2026/02/01 10:32:00,NPP-375D,Mozambique,Inhambane,Vilanculos,,,,,5.1,-22.60085,35.36969
2026/02/01 10:32:00,NPP-375D,Mozambique,Inhambane,Vilanculos,,,,,44.7,-22.33525,35.43068
2026/02/01 10:32:00,NPP-375D,Mozambique,Inhambane,Inhassoro,,,,,8.1,-21.40779,35.12877
2026/02/01 10:32:00,NPP-375D,Mozambique,Inhambane,Vilanculos,,,,,40.4,-22.3348,35.43622
2026/02/01 10:32:00,NPP-375D,Mozambique,Inhambane,Vilanculos,,,,,61.8,-22.33521,35.43214
2026/02/01 10:34:00,NPP-375D,Mozambique,Zambezia,Namarroi,,,,,3.8,-15.9487,36.82898
2026/02/01 10:34:00,NPP-375D,Mozambique,Sofala,Marromeu,,,,,5.9,-18.81916,35.97912
2026/02/01 10:34:00,NPP-375D,Mozambique,Sofala,Marromeu,,,,,5.4,-18.81866,35.97841
2026/02/01 10:34:00,NPP-375D,Mozambique,Zambezia,Chinde,,,,,5.6,-18.08648,36.51896
2026/02/01 10:34:00,NPP-375D,Mozambique,Zambezia,Mopeia,,,,,4.2,-17.78548,35.48043
2026/02/01 10:34:00,NPP-375D,Mozambique,Sofala,Muanza,,,,,5.8,-19.23172,35.44691
2026/02/01 12:12:00,NPP-375,Mozambique,Inhambane,Massinga,,,,,4.8,-22.7554,35.33675
2026/02/01 12:12:00,NPP-375,Mozambique,Maputo,Manhiça,,,,,11.3,-25.4615,32.87926
2026/02/01 12:12:00,NPP-375,Mozambique,Inhambane,Morrumbene,,,,,3.7,-23.48383,34.98668
2026/02/01 12:12:00,NPP-375,Mozambique,Inhambane,Vilanculos,,,,,3.4,-22.65989,35.20185
2026/02/01 12:12:00,NPP-375,Mozambique,Inhambane,Massinga,,,,,17.5,-23.11478,35.28159
2026/02/01 12:12:00,NPP-375,Mozambique,Inhambane,Vilanculos,,,,,4.0,-22.28078,35.49993
2026/02/01 12:12:00,NPP-375,Mozambique,Inhambane,Massinga,,,,,2.7,-23.35331,35.35444
2026/02/01 12:12:00,NPP-375,Mozambique,Inhambane,Massinga,,,,,4.6,-22.75611,35.3379
2026/02/01 12:14:00,NPP-375,Mozambique,Manica,Mossurize,,,,,6.1,-20.51268,32.85562
2026/02/01 12:14:00,NPP-375,Mozambique,Manica,Gondola,,,,,4.1,-19.33194,33.50991
2026/02/01 12:14:00,NPP-375,Mozambique,Manica,Mossurize,,,,,6.1,-20.51809,32.85736
2026/02/01 12:14:00,NPP-375,Mozambique,Sofala,Gorongosa,,,,,2.1,-18.79605,34.00177
2026/02/01 12:14:00,NPP-375,Mozambique,Sofala,Gorongosa,,,,,3.4,-18.75794,34.14603
2026/02/01 12:14:00,NPP-375,Mozambique,Sofala,Gorongosa,,,,,4.3,-18.79622,34.00315
2026/02/01 12:14:00,NPP-375,Mozambique,Tete,Moatize,,,,,7.0,-16.18001,33.67019
2026/02/01 23:24:00,NPP-375,Mozambique,Tete,Moatize,,,,,1.4,-16.19861,33.84239
2026/02/01 23:24:00,NPP-375,Mozambique,Tete,Moatize,,,,,3.2,-16.11999,33.7603
2026/02/01 23:24:00,NPP-375,Mozambique,Tete,Moatize,,,,,1.2,-16.21051,33.84073
2026/02/01 23:24:00,NPP-375,Mozambique,Tete,Moatize,,,,,4.3,-16.11894,33.75895
2026/02/01 23:24:00,NPP-375,Mozambique,Tete,Moatize,,,,,3.5,-16.12929,33.76936
2026/02/01 23:24:00,NPP-375,Mozambique,Tete,Moatize,,,,,3.2,-16.12818,33.76802
2026/02/01 23:24:00,NPP-375,Mozambique,Tete,Moatize,,,,,1.4,-16.19464,33.84294
2026/02/01 23:24:00,NPP-375,Mozambique,Tete,Moatize,,,,,4.0,-16.13385,33.72006
2026/02/01 23:26:00,NPP-375,Mozambique,Maputo,Matutuíne,,,,,0.8,-26.79424,32.67247
2026/02/01 23:26:00,NPP-375,Mozambique,Maputo,Matutuíne,,,,,0.5,-26.79474,32.67678
2026/02/01 23:26:00,NPP-375,Mozambique,Maputo,Matutuíne,,,,,1.1,-26.79302,32.67511
2026/02/02 11:51:00,NPP-375D,Mozambique,Maputo,Matutuíne,,,,,4.2,-26.79522,32.84853
2026/02/02 11:51:00,NPP-375D,Mozambique,Maputo,Matutuíne,,,,,5.1,-26.80394,32.66605
2026/02/02 11:51:00,NPP-375D,Mozambique,Maputo,Matutuíne,,,,,4.0,-26.80308,32.67083
2026/02/02 11:53:00,NPP-375D,Mozambique,Inhambane,Massinga,,,,,7.0,-23.14648,35.28651
2026/02/02 11:53:00,NPP-375D,Mozambique,Inhambane,Massinga,,,,,2.3,-23.09958,35.46563
2026/02/02 11:53:00,NPP-375D,Mozambique,Inhambane,Massinga,,,,,7.0,-23.1475,35.28156
2026/02/02 11:53:00,NPP-375D,Mozambique,Manica,Mossurize,,,,,7.3,-20.51413,32.86792
2026/02/02 11:53:00,NPP-375D,Mozambique,Inhambane,Zavala,,,,,3.3,-24.6855,34.80433
2026/02/02 11:53:00,NPP-375D,Mozambique,Manica,Mossurize,,,,,8.4,-20.17449,33.12328
2026/02/02 11:53:00,NPP-375D,Mozambique,Inhambane,Inhassoro,,,,,17.7,-21.69214,35.22517
2026/02/02 11:53:00,NPP-375D,Mozambique,Inhambane,Mabote,,,,,8.1,-21.92798,33.99576
2026/02/02 11:53:00,NPP-375D,Mozambique,Inhambane,Massinga,,,,,1.4,-23.0652,35.38401
2026/02/02 11:53:00,NPP-375D,Mozambique,Inhambane,Massinga,,,,,16.6,-23.14754,35.28294
2026/02/02 11:53:00,NPP-375D,Mozambique,Inhambane,Vilanculos,,,,,5.8,-22.06295,35.17353
2026/02/02 11:53:00,NPP-375D,Mozambique,Manica,Mossurize,,,,,8.1,-20.51986,32.86013
2026/02/02 11:53:00,NPP-375D,Mozambique,Inhambane,Jangamo,,,,,9.0,-24.19211,35.42934
2026/02/02 11:53:00,NPP-375D,Mozambique,Maputo,Manhiça,,,,,3.3,-25.32992,33.13421
2026/02/02 11:53:00,NPP-375D,Mozambique,Inhambane,Vilanculos,,,,,2.8,-22.51613,35.2882
2026/02/02 11:53:00,NPP-375D,Mozambique,Maputo,Manhiça,,,,,7.8,-25.42654,32.89283
2026/02/02 11:53:00,NPP-375D,Mozambique,Inhambane,Vilanculos,,,,,3.8,-22.30481,35.49282
2026/02/02 11:53:00,NPP-375D,Mozambique,Inhambane,Mabote,,,,,4.8,-21.92882,33.99144
2026/02/02 11:53:00,NPP-375D,Mozambique,Maputo,Manhiça,,,,,3.5,-25.4171,32.90128
2026/02/02 11:55:00,NPP-375D,Mozambique,Tete,Moatize,,,,,18.7,-16.16849,33.77163
2026/02/02 11:55:00,NPP-375D,Mozambique,Sofala,Nhamatanda,,,,,6.0,-19.59824,34.31011
2026/02/02 11:55:00,NPP-375D,Mozambique,Zambezia,Milange,,,,,2.4,-16.32412,35.34705
2026/02/02 11:55:00,NPP-375D,Mozambique,Tete,Changara,,,,,2.4,-16.62882,32.94307
2026/02/02 11:55:00,NPP-375D,Mozambique,Zambezia,Morrumbala,,,,,2.7,-17.1586,35.3371
2026/02/02 11:55:00,NPP-375D,Mozambique,Zambezia,Morrumbala,,,,,5.9,-16.59275,35.40959
2026/02/02 11:55:00,NPP-375D,Mozambique,Zambezia,Morrumbala,,,,,4.6,-16.50957,35.36462
2026/02/02 11:55:00,NPP-375D,Mozambique,Zambezia,Morrumbala,,,,,3.1,-16.50996,35.36464
2026/02/02 11:55:00,NPP-375D,Mozambique,Sofala,Gorongosa,,,,,7.7,-18.8362,34.07583
2026/02/02 11:55:00,NPP-375D,Mozambique,Sofala,Marromeu,,,,,2.9,-17.97965,35.4561
2026/02/02 11:55:00,NPP-375D,Mozambique,Zambezia,Chinde,,,,,4.2,-18.22202,36.66804
2026/02/02 11:55:00,NPP-375D,Mozambique,Sofala,Nhamatanda,,,,,16.6,-19.60183,34.31604
2026/02/02 11:55:00,NPP-375D,Mozambique,Sofala,Buzi,,,,,6.0,-19.74964,34.2837
2026/02/02 11:55:00,NPP-375D,Mozambique,Tete,Zumbu,,,,,13.3,-15.70244,31.08523
2026/02/02 11:55:00,NPP-375D,Mozambique,Zambezia,Morrumbala,,,,,2.6,-16.76311,36.1796
2026/02/02 11:55:00,NPP-375D,Mozambique,Manica,Sussundenga,,,,,15.7,-19.66833,33.33919
2026/02/02 11:55:00,NPP-375D,Mozambique,Zambezia,Morrumbala,,,,,1.5,-17.32657,35.47369
2026/02/02 11:55:00,NPP-375D,Mozambique,Sofala,Buzi,,,,,3.4,-19.75774,34.24282
2026/02/02 11:55:00,NPP-375D,Mozambique,Sofala,Gorongosa,,,,,2.6,-18.81491,33.92104
2026/02/02 11:55:00,NPP-375D,Mozambique,Zambezia,Morrumbala,,,,,3.5,-16.76255,36.17828
2026/02/02 11:55:00,NPP-375D,Mozambique,Sofala,Nhamatanda,,,,,15.7,-19.6028,34.31108
2026/02/02 11:55:00,NPP-375D,Mozambique,Zambezia,Morrumbala,,,,,2.7,-17.56295,35.61939
2026/02/02 11:55:00,NPP-375D,Mozambique,Zambezia,Milange,,,,,3.7,-16.47688,35.82253
2026/02/02 11:55:00,NPP-375D,Mozambique,Sofala,Nhamatanda,,,,,3.6,-19.02892,34.03461
2026/02/02 11:55:00,NPP-375D,Mozambique,Zambezia,Morrumbala,,,,,3.0,-17.43298,35.59102
2026/02/02 11:55:00,NPP-375D,Mozambique,Zambezia,Morrumbala,,,,,3.7,-17.43303,35.59188
2026/02/02 11:55:00,NPP-375D,Mozambique,Sofala,Buzi,,,,,6.5,-19.7195,34.19612
2026/02/02 11:55:00,NPP-375D,Mozambique,Tete,Magoe,,,,,3.1,-15.89396,30.60069
2026/02/02 11:55:00,NPP-375D,Mozambique,Sofala,Buzi,,,,,7.1,-19.74991,34.28172
2026/02/02 11:55:00,NPP-375D,Mozambique,Manica,Tambara,,,,,7.9,-16.79093,34.1671
2026/02/02 11:55:00,NPP-375D,Mozambique,Zambezia,Lugela,,,,,2.7,-16.40092,36.39151
2026/02/02 11:55:00,NPP-375D,Mozambique,Zambezia,Morrumbala,,,,,2.0,-16.59797,35.40968
2026/02/02 23:05:00,NPP-375,Mozambique,Tete,Moatize,,,,,3.4,-16.12962,33.76892
2026/02/02 23:05:00,NPP-375,Mozambique,Tete,Moatize,,,,,1.9,-16.2013,33.84229
2026/02/02 23:05:00,NPP-375,Mozambique,Tete,Moatize,,,,,1.4,-16.13553,33.71987
2026/02/02 23:05:00,NPP-375,Mozambique,Tete,Changara,,,,,1.0,-15.88774,33.02312
2026/02/02 23:05:00,NPP-375,Mozambique,Tete,Moatize,,,,,2.7,-16.1974,33.83925
2026/02/02 23:05:00,NPP-375,Mozambique,Tete,Moatize,,,,,2.1,-16.13496,33.71627
2026/02/02 23:05:00,NPP-375,Mozambique,Tete,Moatize,,,,,1.9,-16.19464,33.84341
2026/02/02 23:05:00,NPP-375,Mozambique,Tete,Moatize,,,,,1.9,-16.12125,33.75926
2026/02/02 23:05:00,NPP-375,Mozambique,Inhambane,Inhassoro,,,,,0.8,-21.74923,35.06044
2026/02/02 23:05:00,NPP-375,Mozambique,Tete,Moatize,,,,,1.9,-16.12182,33.76286
2026/02/02 23:05:00,NPP-375,Mozambique,Tete,Moatize,,,,,1.3,-16.2113,33.84059
2026/02/02 23:05:00,NPP-375,Mozambique,Tete,Moatize,,,,,2.2,-16.20073,33.83868
2026/02/02 23:05:00,NPP-375,Mozambique,Manica,Manica,,,,,0.6,-19.0416,33.19882
2026/02/02 23:05:00,NPP-375,Mozambique,Tete,Moatize,,,,,1.9,-16.11792,33.75983
2026/02/03 11:34:00,NPP-375D,Mozambique,Inhambane,Zavala,,,,,2.7,-24.63046,34.6513
2026/02/03 11:34:00,NPP-375D,Mozambique,Inhambane,Zavala,,,,,6.4,-24.71234,34.49533
2026/02/03 11:34:00,NPP-375D,Mozambique,Gaza,Bilene,,,,,5.2,-25.00561,33.35715
2026/02/03 11:34:00,NPP-375D,Mozambique,Inhambane,Homoine,,,,,2.6,-23.86382,35.00602
2026/02/03 11:34:00,NPP-375D,Mozambique,Gaza,Bilene,,,,,6.3,-25.22623,33.30722
2026/02/03 11:34:00,NPP-375D,Mozambique,Maputo,Matutuíne,,,,,6.1,-26.80814,32.67954
2026/02/03 11:34:00,NPP-375D,Mozambique,Inhambane,Massinga,,,,,7.2,-23.14942,35.24937
2026/02/03 11:36:00,NPP-375D,Mozambique,Sofala,Maringue,,,,,6.6,-18.10875,34.38383
2026/02/03 11:36:00,NPP-375D,Mozambique,Sofala,Gorongosa,,,,,4.2,-18.9353,34.10634
2026/02/03 11:36:00,NPP-375D,Mozambique,Sofala,Nhamatanda,,,,,3.0,-19.19606,34.46509
2026/02/03 11:36:00,NPP-375D,Mozambique,Inhambane,Govuro,,,,,3.0,-21.37482,34.88041
2026/02/03 11:36:00,NPP-375D,Mozambique,Zambezia,Morrumbala,,,,,3.7,-16.73277,36.25559
2026/02/03 11:36:00,NPP-375D,Mozambique,Zambezia,Morrumbala,,,,,4.6,-16.6777,35.89301
2026/02/03 11:36:00,NPP-375D,Mozambique,Sofala,Gorongosa,,,,,3.7,-18.93879,34.10701
2026/02/03 11:36:00,NPP-375D,Mozambique,Sofala,Buzi,,,,,2.2,-19.83821,34.21605
2026/02/03 11:36:00,NPP-375D,Mozambique,Sofala,Muanza,,,,,2.2,-19.40743,35.3854
2026/02/03 11:36:00,NPP-375D,Mozambique,Sofala,Muanza,,,,,9.9,-18.94674,35.04273
2026/02/03 11:36:00,NPP-375D,Mozambique,Sofala,Marromeu,,,,,9.1,-18.34417,35.69867
2026/02/03 11:36:00,NPP-375D,Mozambique,Inhambane,Massinga,,,,,2.0,-23.03206,35.429
2026/02/03 11:36:00,NPP-375D,Mozambique,Manica,Mossurize,,,,,2.8,-20.53977,32.84752
2026/02/03 11:36:00,NPP-375D,Mozambique,Sofala,Muanza,,,,,3.7,-19.17963,35.53543
2026/02/03 11:36:00,NPP-375D,Mozambique,Zambezia,Inhassunge,,,,,3.4,-18.1314,36.71181
2026/02/03 11:36:00,NPP-375D,Mozambique,Sofala,Caia,,,,,3.4,-17.7351,35.28677
2026/02/03 11:36:00,NPP-375D,Mozambique,Tete,Mutarara,,,,,2.4,-17.55311,35.1983
2026/02/03 11:36:00,NPP-375D,Mozambique,Inhambane,Massinga,,,,,19.3,-22.99649,35.46632
2026/02/03 11:36:00,NPP-375D,Mozambique,Sofala,Gorongosa,,,,,4.1,-18.47657,34.10262
2026/02/03 11:36:00,NPP-375D,Mozambique,Manica,Barue,,,,,3.3,-18.19089,33.00467
2026/02/03 11:36:00,NPP-375D,Mozambique,Manica,Mossurize,,,,,4.0,-20.60344,32.7708
2026/02/03 11:36:00,NPP-375D,Mozambique,Inhambane,Vilanculos,,,,,3.6,-22.49422,35.43639
2026/02/03 11:36:00,NPP-375D,Mozambique,Sofala,Gorongosa,,,,,3.9,-18.61818,33.92424
2026/02/03 11:36:00,NPP-375D,Mozambique,Zambezia,Morrumbala,,,,,8.5,-17.47387,35.57779
2026/02/03 11:36:00,NPP-375D,Mozambique,Manica,Gondola,,,,,4.3,-19.24049,33.51373
2026/02/03 11:36:00,NPP-375D,Mozambique,Manica,Barue,,,,,2.9,-18.05143,33.09087
2026/02/03 11:36:00,NPP-375D,Mozambique,Sofala,Gorongosa,,,,,3.6,-18.58062,34.04273
2026/02/03 11:36:00,NPP-375D,Mozambique,Sofala,Marromeu,,,,,4.7,-18.59573,36.06861
2026/02/03 11:36:00,NPP-375D,Mozambique,Manica,Barue,,,,,2.6,-18.18791,33.2185
2026/02/03 11:36:00,NPP-375D,Mozambique,Zambezia,Morrumbala,,,,,2.9,-16.81481,35.95985
2026/02/03 11:36:00,NPP-375D,Mozambique,Zambezia,Morrumbala,,,,,8.1,-17.24091,35.73263
2026/02/03 11:36:00,NPP-375D,Mozambique,Manica,Barue,,,,,5.0,-18.17164,33.31913
2026/02/03 11:36:00,NPP-375D,Mozambique,Manica,Gondola,,,,,3.8,-18.86106,33.92289
2026/02/03 11:36:00,NPP-375D,Mozambique,Zambezia,Mopeia,,,,,4.9,-17.69235,35.56983
2026/02/03 11:36:00,NPP-375D,Mozambique,Zambezia,Mopeia,,,,,3.3,-17.85162,35.52871
2026/02/03 11:36:00,NPP-375D,Mozambique,Zambezia,Morrumbala,,,,,8.0,-17.44129,35.6652
2026/02/03 11:36:00,NPP-375D,Mozambique,Inhambane,Inhassoro,,,,,3.7,-21.51759,35.10327
2026/02/03 11:36:00,NPP-375D,Mozambique,Zambezia,Morrumbala,,,,,4.2,-17.53986,35.49473
2026/02/03 11:36:00,NPP-375D,Mozambique,Inhambane,Vilanculos,,,,,25.1,-22.49219,35.43736
2026/02/03 11:36:00,NPP-375D,Mozambique,Zambezia,Morrumbala,,,,,6.3,-17.47767,35.71167
2026/02/03 11:36:00,NPP-375D,Mozambique,Zambezia,Morrumbala,,,,,3.9,-17.05501,35.98966
2026/02/03 11:36:00,NPP-375D,Mozambique,Sofala,Gorongosa,,,,,3.2,-18.53738,33.91358
2026/02/03 11:36:00,NPP-375D,Mozambique,Sofala,Gorongosa,,,,,3.6,-18.5283,33.90355
2026/02/03 11:36:00,NPP-375D,Mozambique,Manica,Gondola,,,,,6.5,-19.2043,33.65236
2026/02/03 11:36:00,NPP-375D,Mozambique,Inhambane,Mabote,,,,,6.5,-21.89483,34.08379
2026/02/03 11:36:00,NPP-375D,Mozambique,Manica,Mossurize,,,,,2.0,-20.3432,32.9165
2026/02/03 11:36:00,NPP-375D,Mozambique,Zambezia,Mocuba,,,,,2.6,-16.82776,36.4467
2026/02/03 11:36:00,NPP-375D,Mozambique,Manica,Gondola,,,,,2.4,-19.34412,33.60544
2026/02/03 11:36:00,NPP-375D,Mozambique,Zambezia,Chinde,,,,,4.2,-18.28239,36.51958
2026/02/03 11:36:00,NPP-375D,Mozambique,Sofala,Marromeu,,,,,2.9,-18.75821,35.92242
2026/02/03 11:36:00,NPP-375D,Mozambique,Sofala,Cheringoma,,,,,3.0,-18.91107,35.56532
2026/02/03 11:36:00,NPP-375D,Mozambique,Manica,Gondola,,,,,2.7,-18.9989,33.76944
2026/02/03 11:36:00,NPP-375D,Mozambique,Zambezia,Morrumbala,,,,,5.2,-17.2411,35.93378
2026/02/03 11:36:00,NPP-375D,Mozambique,Zambezia,Mocuba,,,,,2.8,-16.7395,36.26441
2026/02/03 11:36:00,NPP-375D,Mozambique,Sofala,Gorongosa,,,,,3.5,-18.48434,34.64012
2026/02/03 11:36:00,NPP-375D,Mozambique,Manica,Mossurize,,,,,3.0,-20.27266,32.96172
2026/02/03 11:36:00,NPP-375D,Mozambique,Sofala,Maringue,,,,,6.0,-18.13485,34.69469
2026/02/03 11:36:00,NPP-375D,Mozambique,Sofala,Muanza,,,,,11.4,-19.26702,35.43583
2026/02/03 11:36:00,NPP-375D,Mozambique,Manica,Mossurize,,,,,2.5,-20.29106,32.9108
2026/02/03 11:36:00,NPP-375D,Mozambique,Manica,Machaze,,,,,4.3,-21.32851,32.65243
2026/02/03 11:36:00,NPP-375D,Mozambique,Manica,Mossurize,,,,,4.0,-20.6001,32.77021
2026/02/03 11:36:00,NPP-375D,Mozambique,Sofala,Nhamatanda,,,,,3.0,-19.1996,34.46575
2026/02/03 11:36:00,NPP-375D,Mozambique,Sofala,Muanza,,,,,6.7,-19.28549,35.22263
2026/02/03 11:36:00,NPP-375D,Mozambique,Manica,Barue,,,,,2.5,-18.05312,33.31858
2026/02/03 11:36:00,NPP-375D,Mozambique,Zambezia,Morrumbala,,,,,7.2,-17.21161,35.87774
2026/02/03 11:36:00,NPP-375D,Mozambique,Inhambane,Vilanculos,,,,,4.3,-21.91489,35.27456
2026/02/03 11:36:00,NPP-375D,Mozambique,Zambezia,Mopeia,,,,,5.1,-17.92675,35.62676
2026/02/03 11:36:00,NPP-375D,Mozambique,Tete,Mutarara,,,,,5.4,-17.17625,35.18282
2026/02/03 11:36:00,NPP-375D,Mozambique,Manica,Barue,,,,,6.6,-18.12616,33.08055
2026/02/03 11:36:00,NPP-375D,Mozambique,Zambezia,Mopeia,,,,,4.4,-17.62017,35.43366
2026/02/03 11:36:00,NPP-375D,Mozambique,Tete,Mutarara,,,,,4.6,-17.56052,35.15629
2026/02/03 11:36:00,NPP-375D,Mozambique,Sofala,Muanza,,,,,3.5,-18.9582,35.42913
2026/02/03 11:36:00,NPP-375D,Mozambique,Zambezia,Morrumbala,,,,,3.8,-17.52242,35.75164
2026/02/03 11:36:00,NPP-375D,Mozambique,Manica,Gondola,,,,,2.3,-19.598,33.74434
2026/02/03 11:36:00,NPP-375D,Mozambique,Sofala,Gorongosa,,,,,3.7,-18.83162,34.03396
2026/02/03 11:36:00,NPP-375D,Mozambique,Sofala,Muanza,,,,,2.2,-19.10799,35.57009
2026/02/03 11:36:00,NPP-375D,Mozambique,Sofala,Nhamatanda,,,,,3.6,-19.64936,34.26515
2026/02/03 11:36:00,NPP-375D,Mozambique,Sofala,Nhamatanda,,,,,5.0,-19.6493,34.26544
2026/02/03 11:36:00,NPP-375D,Mozambique,Zambezia,Mopeia,,,,,2.8,-18.11319,36.69665
2026/02/03 11:36:00,NPP-375D,Mozambique,Zambezia,Mopeia,,,,,1.6,-17.76095,35.53783
2026/02/03 11:36:00,NPP-375D,Mozambique,Zambezia,Morrumbala,,,,,7.6,-17.43145,35.7673
2026/02/03 11:36:00,NPP-375D,Mozambique,Sofala,Muanza,,,,,3.8,-19.2928,35.22404
2026/02/03 11:36:00,NPP-375D,Mozambique,Zambezia,Morrumbala,,,,,3.4,-17.21518,35.87538
2026/02/03 11:36:00,NPP-375D,Mozambique,Zambezia,Morrumbala,,,,,4.8,-17.43206,35.76547
2026/02/03 11:36:00,NPP-375D,Mozambique,Sofala,Muanza,,,,,3.8,-19.29202,35.22855
2026/02/03 11:36:00,NPP-375D,Mozambique,Manica,Mossurize,,,,,1.9,-20.05964,33.00527
2026/02/03 11:36:00,NPP-375D,Mozambique,Sofala,Dondo,,,,,2.0,-19.49385,34.6701
2026/02/03 11:36:00,NPP-375D,Mozambique,Sofala,Gorongosa,,,,,2.6,-18.76409,33.96284
2026/02/03 11:36:00,NPP-375D,Mozambique,Manica,Mossurize,,,,,6.2,-20.34366,32.87028
2026/02/03 11:36:00,NPP-375D,Mozambique,Zambezia,Mopeia,,,,,9.3,-17.69474,35.56794
2026/02/03 11:36:00,NPP-375D,Mozambique,Sofala,Marromeu,,,,,6.6,-18.9055,35.92851
2026/02/03 11:36:00,NPP-375D,Mozambique,Manica,Mossurize,,,,,1.9,-20.53827,32.78254
2026/02/03 11:36:00,NPP-375D,Mozambique,Zambezia,Mocuba,,,,,4.8,-16.72281,36.31044
2026/02/03 11:36:00,NPP-375D,Mozambique,Manica,Barue,,,,,6.0,-17.94992,33.22057
2026/02/03 11:36:00,NPP-375D,Mozambique,Sofala,Dondo,,,,,2.8,-19.56721,35.04448
2026/02/03 11:36:00,NPP-375D,Mozambique,Manica,Barue,,,,,2.9,-18.05081,33.09473
2026/02/03 11:36:00,NPP-375D,Mozambique,Sofala,Muanza,,,,,1.9,-19.00728,35.43377
2026/02/03 11:36:00,NPP-375D,Mozambique,Zambezia,Mopeia,,,,,4.4,-17.54276,35.81813
2026/02/03 11:36:00,NPP-375D,Mozambique,Zambezia,Morrumbala,,,,,5.2,-16.76128,36.07537
2026/02/03 11:36:00,NPP-375D,Mozambique,Sofala,Marromeu,,,,,3.5,-18.18198,35.82167
2026/02/03 11:36:00,NPP-375D,Mozambique,Sofala,Muanza,,,,,3.8,-19.28835,35.22785
2026/02/03 11:36:00,NPP-375D,Mozambique,Manica,Barue,,,,,4.8,-18.12676,33.07686
2026/02/03 11:36:00,NPP-375D,Mozambique,Inhambane,Vilanculos,,,,,3.2,-22.28542,35.26916
2026/02/03 11:36:00,NPP-375D,Mozambique,Zambezia,Chinde,,,,,5.0,-18.2843,36.51689
2026/02/03 11:36:00,NPP-375D,Mozambique,Zambezia,Mopeia,,,,,4.9,-17.69616,35.57054
2026/02/03 11:36:00,NPP-375D,Mozambique,Zambezia,Mopeia,,,,,3.4,-17.54281,35.82101
2026/02/03 11:36:00,NPP-375D,Mozambique,Manica,Macossa,,,,,4.8,-17.71809,34.14928
2026/02/03 11:36:00,NPP-375D,Mozambique,Sofala,Muanza,,,,,4.9,-19.26333,35.43511
2026/02/03 11:36:00,NPP-375D,Mozambique,Zambezia,Mopeia,,,,,5.1,-17.92295,35.62601
2026/02/03 11:36:00,NPP-375D,Mozambique,Manica,Sussundenga,,,,,2.1,-19.69195,33.46813
2026/02/03 11:36:00,NPP-375D,Mozambique,Zambezia,Mocuba,,,,,2.9,-16.74327,36.42932
2026/02/03 11:36:00,NPP-375D,Mozambique,Sofala,Muanza,,,,,2.5,-19.10699,35.57244
2026/02/03 11:36:00,NPP-375D,Mozambique,Sofala,Buzi,,,,,4.2,-19.78107,34.19284
2026/02/03 11:36:00,NPP-375D,Mozambique,Sofala,Gorongosa,,,,,4.9,-18.76757,33.9635
2026/02/03 11:36:00,NPP-375D,Mozambique,Zambezia,Morrumbala,,,,,2.8,-17.20524,35.97527
2026/02/03 11:36:00,NPP-375D,Mozambique,Manica,Macossa,,,,,5.9,-17.72023,34.14932
2026/02/03 11:36:00,NPP-375D,Mozambique,Tete,Mutarara,,,,,2.8,-17.49329,35.2759
2026/02/03 11:36:00,NPP-375D,Mozambique,Inhambane,Vilanculos,,,,,20.0,-22.49067,35.43568
2026/02/03 11:36:00,NPP-375D,Mozambique,Inhambane,Vilanculos,,,,,6.5,-22.21057,35.23689
2026/02/03 11:36:00,NPP-375D,Mozambique,Sofala,Marromeu,,,,,3.5,-18.18466,35.82006
2026/02/03 11:36:00,NPP-375D,Mozambique,Sofala,Dondo,,,,,2.8,-19.56359,35.04379
2026/02/03 11:36:00,NPP-375D,Mozambique,Zambezia,Morrumbala,,,,,2.9,-16.96544,36.19237
2026/02/03 11:38:00,NPP-375D,Mozambique,Zambezia,Morrumbala,,,,,2.6,-16.55985,35.21181
2026/02/03 11:38:00,NPP-375D,Mozambique,Zambezia,Morrumbala,,,,,3.7,-16.56195,35.21528
2026/02/03 11:38:00,NPP-375D,Mozambique,Tete,Mutarara,,,,,3.6,-16.85112,34.72873
2026/02/03 11:38:00,NPP-375D,Mozambique,Zambezia,Morrumbala,,,,,14.1,-16.60335,35.52034
2026/02/03 11:38:00,NPP-375D,Mozambique,Zambezia,Morrumbala,,,,,3.3,-16.38916,35.3457
2026/02/03 11:38:00,NPP-375D,Mozambique,Tete,Chiuta,,,,,2.0,-15.43776,33.34845
2026/02/03 11:38:00,NPP-375D,Mozambique,Tete,Mutarara,,,,,4.5,-16.70647,34.3468
2026/02/03 11:38:00,NPP-375D,Mozambique,Zambezia,Milange,,,,,4.3,-16.57847,36.06899
2026/02/03 11:38:00,NPP-375D,Mozambique,Tete,Mutarara,,,,,4.2,-16.70607,34.34771
2026/02/03 11:38:00,NPP-375D,Mozambique,Tete,Cahora Bassa,,,,,2.8,-15.91544,32.62147
2026/02/03 22:46:00,NPP-375,Mozambique,Nassa,Lichinga,,,,,3.3,-13.3589,35.46405
2026/02/03 22:46:00,NPP-375,Mozambique,Tete,Moatize,,,,,2.1,-16.20019,33.83712
2026/02/03 22:46:00,NPP-375,Mozambique,Tete,Moatize,,,,,2.1,-16.20112,33.84228
2026/02/03 22:46:00,NPP-375,Mozambique,Tete,Moatize,,,,,1.6,-16.20895,33.8407
2026/02/03 22:46:00,NPP-375,Mozambique,Tete,Moatize,,,,,4.7,-16.12124,33.76143
2026/02/03 22:46:00,NPP-375,Mozambique,Tete,Moatize,,,,,2.0,-16.19628,33.83791
2026/02/03 22:46:00,NPP-375,Mozambique,Tete,Moatize,,,,,4.7,-16.1279,33.76757
2026/02/03 22:46:00,NPP-375,Mozambique,Tete,Moatize,,,,,1.9,-16.12302,33.76307
2026/02/03 22:46:00,NPP-375,Mozambique,Tete,Moatize,,,,,2.0,-16.19721,33.84307
2026/02/03 22:46:00,NPP-375,Mozambique,Tete,Moatize,,,,,1.9,-16.11908,33.76387
2026/02/03 22:46:00,NPP-375,Mozambique,Tete,Changara,,,,,0.4,-15.88713,33.02266
2026/02/03 22:46:00,NPP-375,Mozambique,Tete,Moatize,,,,,3.2,-16.11814,33.7586
2026/02/03 22:48:00,NPP-375,Mozambique,Gaza,Mandlakazi,,,,,0.8,-24.48041,33.95796
2026/02/03 22:50:00,NPP-375,Mozambique,Maputo City,Maputo,,,,,4.3,-25.94267,32.49741
2026/02/04 11:17:00,NPP-375D,Mozambique,Nampula,Mogovolas,,,,,5.1,-15.62523,39.08607
2026/02/04 11:17:00,NPP-375D,Mozambique,Zambezia,Mocuba,,,,,1.6,-16.91858,36.4598
2026/02/04 11:17:00,NPP-375D,Mozambique,Zambezia,Mocuba,,,,,5.4,-16.92123,36.50161
2026/02/04 11:17:00,NPP-375D,Mozambique,Nampula,Mogovolas,,,,,3.2,-15.62437,39.08464
2026/02/04 11:17:00,NPP-375D,Mozambique,Zambezia,Morrumbala,,,,,2.4,-16.94575,35.97442
2026/02/04 11:17:00,NPP-375D,Mozambique,Zambezia,Mocuba,,,,,1.9,-16.83832,36.3383
2026/02/04 11:17:00,NPP-375D,Mozambique,Gaza,Mandlakazi,,,,,2.9,-25.01381,34.01936
2026/02/04 11:17:00,NPP-375D,Mozambique,Zambezia,Mocuba,,,,,1.8,-16.85804,37.07494
2026/02/04 11:17:00,NPP-375D,Mozambique,Gaza,Bilene,,,,,6.3,-25.20829,33.30235
2026/02/04 11:17:00,NPP-375D,Mozambique,Maputo,Matutuíne,,,,,7.6,-26.45486,32.90969
2026/02/04 11:17:00,NPP-375D,Mozambique,Gaza,Bilene,,,,,4.4,-25.20765,33.30758
2026/02/04 11:17:00,NPP-375D,Mozambique,Zambezia,Milange,,,,,3.6,-16.5274,36.01445
2026/02/04 11:17:00,NPP-375D,Mozambique,Zambezia,Morrumbala,,,,,10.1,-17.26591,35.75824
2026/02/04 11:17:00,NPP-375D,Mozambique,Zambezia,Morrumbala,,,,,2.8,-17.55722,35.48638
2026/02/04 11:17:00,NPP-375D,Mozambique,Tete,Mutarara,,,,,17.1,-16.52337,34.39736
2026/02/04 11:17:00,NPP-375D,Mozambique,Zambezia,Lugela,,,,,2.0,-16.46901,36.45736
2026/02/04 11:17:00,NPP-375D,Mozambique,Zambezia,Morrumbala,,,,,1.4,-16.79322,36.26327
2026/02/04 11:17:00,NPP-375D,Mozambique,Gaza,Bilene,,,,,6.3,-25.20443,33.30179
2026/02/04 11:17:00,NPP-375D,Mozambique,Manica,Tambara,,,,,3.4,-16.79924,34.48994
2026/02/04 11:17:00,NPP-375D,Mozambique,Zambezia,Alto Molocue,,,,,2.7,-15.65671,37.65237
2026/02/04 11:17:00,NPP-375D,Mozambique,Zambezia,Mocuba,,,,,1.7,-16.59743,37.08321
2026/02/04 11:17:00,NPP-375D,Mozambique,Zambezia,Mocuba,,,,,2.7,-16.61654,37.20878
2026/02/04 11:17:00,NPP-375D,Mozambique,Zambezia,Gurue,,,,,4.1,-15.36329,36.56318
2026/02/04 11:17:00,NPP-375D,Mozambique,Zambezia,Lugela,,,,,2.6,-16.52662,37.07105
2026/02/04 11:17:00,NPP-375D,Mozambique,Gaza,Chibuto,,,,,2.4,-24.36845,33.55378
2026/02/04 11:17:00,NPP-375D,Mozambique,Gaza,Mandlakazi,,,,,11.5,-24.82811,34.00003
2026/02/04 11:17:00,NPP-375D,Mozambique,Zambezia,Morrumbala,,,,,3.5,-16.56404,35.5295
2026/02/04 11:17:00,NPP-375D,Mozambique,Maputo,Matutuíne,,,,,12.2,-26.4502,32.91483
2026/02/04 11:17:00,NPP-375D,Mozambique,Zambezia,Morrumbala,,,,,3.0,-17.15487,36.24363
2026/02/04 11:17:00,NPP-375D,Mozambique,Zambezia,Milange,,,,,2.7,-16.48994,36.30087
2026/02/04 11:17:00,NPP-375D,Mozambique,Maputo,Matutuíne,,,,,7.6,-26.45887,32.91028
2026/02/04 11:17:00,NPP-375D,Mozambique,Zambezia,Mocuba,,,,,1.6,-16.75191,37.12516
2026/02/04 11:17:00,NPP-375D,Mozambique,Zambezia,Lugela,,,,,3.1,-16.2135,36.48839
2026/02/04 11:17:00,NPP-375D,Mozambique,Gaza,Bilene,,,,,5.1,-25.17096,33.28617
2026/02/04 11:17:00,NPP-375D,Mozambique,Zambezia,Lugela,,,,,1.7,-16.22418,36.24491
2026/02/04 11:17:00,NPP-375D,Mozambique,Gaza,Bilene,,,,,2.4,-25.17482,33.28674
2026/02/04 11:17:00,NPP-375D,Mozambique,Zambezia,Lugela,,,,,1.1,-16.17455,36.24347
2026/02/04 11:17:00,NPP-375D,Mozambique,Maputo,Matutuíne,,,,,12.1,-26.45336,32.91366
2026/02/04 11:17:00,NPP-375D,Mozambique,Zambezia,Morrumbala,,,,,24.2,-17.56777,35.48436
2026/02/04 11:17:00,NPP-375D,Mozambique,Maputo,Matutuíne,,,,,12.1,-26.45737,32.91425
2026/02/04 11:17:00,NPP-375D,Mozambique,Tete,Moatize,,,,,3.0,-16.60225,34.07056
2026/02/04 11:17:00,NPP-375D,Mozambique,Maputo,Matutuíne,,,,,7.6,-26.45421,32.91544
2026/02/04 11:19:00,NPP-375D,Mozambique,Zambezia,Chinde,,,,,1.5,-18.31044,36.67727
2026/02/04 11:19:00,NPP-375D,Mozambique,Zambezia,Chinde,,,,,3.5,-18.21306,36.67511
2026/02/04 11:19:00,NPP-375D,Mozambique,Manica,Mossurize,,,,,4.5,-20.08271,33.15048
2026/02/04 11:19:00,NPP-375D,Mozambique,Zambezia,Mopeia,,,,,2.2,-17.68,35.43219
2026/02/04 11:19:00,NPP-375D,Mozambique,Sofala,Marromeu,,,,,3.9,-18.68369,36.07906
2026/02/04 11:19:00,NPP-375D,Mozambique,Sofala,Dondo,,,,,2.0,-19.55283,35.16026
2026/02/04 11:19:00,NPP-375D,Mozambique,Zambezia,Chinde,,,,,2.4,-18.37723,36.64364
2026/02/04 11:19:00,NPP-375D,Mozambique,Zambezia,Chinde,,,,,0.9,-18.30939,36.66208
2026/02/04 11:19:00,NPP-375D,Mozambique,Sofala,Cheringoma,,,,,3.5,-19.0175,35.72187
2026/02/04 11:19:00,NPP-375D,Mozambique,Zambezia,Mopeia,,,,,1.9,-17.67557,35.43895
2026/02/04 11:19:00,NPP-375D,Mozambique,Zambezia,Mopeia,,,,,3.3,-18.16859,36.63784
2026/02/04 11:19:00,NPP-375D,Mozambique,Zambezia,Mopeia,,,,,7.2,-18.05197,36.56131
2026/02/04 11:19:00,NPP-375D,Mozambique,Sofala,Dondo,,,,,2.5,-19.69903,34.91855
2026/02/04 11:19:00,NPP-375D,Mozambique,Zambezia,Chinde,,,,,3.9,-18.48181,36.38114
2026/02/04 11:19:00,NPP-375D,Mozambique,Zambezia,Chinde,,,,,1.8,-18.32945,36.16407
2026/02/04 11:19:00,NPP-375D,Mozambique,Zambezia,Chinde,,,,,2.9,-18.21697,36.67203
2026/02/04 11:19:00,NPP-375D,Mozambique,Sofala,Dondo,,,,,2.2,-19.55133,35.05122
2026/02/04 11:19:00,NPP-375D,Mozambique,Sofala,Muanza,,,,,5.5,-19.23792,35.55348
2026/02/04 11:19:00,NPP-375D,Mozambique,Zambezia,Mopeia,,,,,4.4,-17.73155,35.60509
2026/02/04 22:29:00,NPP-375,Mozambique,Tete,Moatize,,,,,0.8,-16.21005,33.83915
2026/02/04 22:29:00,NPP-375,Mozambique,Gaza,Bilene,,,,,1.6,-25.21188,33.30862
2026/02/04 22:29:00,NPP-375,Mozambique,Tete,Moatize,,,,,1.8,-16.19879,33.83823
2026/02/04 22:29:00,NPP-375,Mozambique,Tete,Moatize,,,,,2.3,-16.12134,33.75801
2026/02/04 22:29:00,NPP-375,Mozambique,Tete,Moatize,,,,,1.9,-16.12885,33.76743
2026/02/04 22:29:00,NPP-375,Mozambique,Gaza,Bilene,,,,,1.4,-25.20959,33.31046
2026/02/04 22:29:00,NPP-375,Mozambique,Maputo,Matutuíne,,,,,2.1,-26.44631,32.91046
2026/02/04 22:29:00,NPP-375,Mozambique,Maputo,Matutuíne,,,,,2.1,-26.44745,32.91565
2026/02/04 22:29:00,NPP-375,Mozambique,Tete,Moatize,,,,,1.8,-16.19949,33.84169
2026/02/04 22:29:00,NPP-375,Mozambique,Tete,Moatize,,,,,2.8,-16.12206,33.76153
2026/02/04 22:29:00,NPP-375,Mozambique,Tete,Moatize,,,,,2.0,-16.20139,33.83804
2026/02/04 22:29:00,NPP-375,Mozambique,Tete,Moatize,,,,,2.0,-16.19612,33.83931
2026/02/04 22:29:00,NPP-375,Mozambique,Maputo,Matutuíne,,,,,2.2,-26.44975,32.91624
2026/02/04 22:29:00,NPP-375,Mozambique,Tete,Moatize,,,,,0.9,-16.20739,33.84024
2026/02/04 22:29:00,NPP-375,Mozambique,Maputo,Matutuíne,,,,,2.6,-26.44865,32.91104
2026/02/04 22:29:00,NPP-375,Mozambique,Gaza,Bilene,,,,,1.0,-25.20501,33.31166
2026/02/05 10:55:00,NPP-375D,Mozambique,Gaza,Bilene,,,,,4.1,-25.18975,33.30499
2026/02/05 10:55:00,NPP-375D,Mozambique,Gaza,Bilene,,,,,6.0,-25.19609,33.30677
2026/02/05 10:55:00,NPP-375D,Mozambique,Gaza,Bilene,,,,,9.3,-25.19494,33.30555
2026/02/05 10:55:00,NPP-375D,Mozambique,Maputo,Matutuíne,,,,,4.4,-26.20904,32.72799
2026/02/05 10:55:00,NPP-375D,Mozambique,Maputo,Matutuíne,,,,,3.2,-26.20836,32.72739
2026/02/05 10:55:00,NPP-375D,Mozambique,Gaza,Bilene,,,,,13.1,-25.1958,33.31016
2026/02/05 10:55:00,NPP-375D,Mozambique,Gaza,Bilene,,,,,26.6,-25.19462,33.30893
2026/02/05 10:55:00,NPP-375D,Mozambique,Gaza,Bilene,,,,,6.0,-25.19639,33.30338
2026/02/05 10:55:00,NPP-375D,Mozambique,Gaza,Bilene,,,,,9.3,-25.19526,33.30218
2026/02/05 10:57:00,NPP-375D,Mozambique,Zambezia,Morrumbala,,,,,14.0,-17.48838,35.83072
2026/02/05 10:57:00,NPP-375D,Mozambique,Zambezia,Mopeia,,,,,3.8,-17.66817,35.67539
2026/02/05 10:57:00,NPP-375D,Mozambique,Sofala,Dondo,,,,,3.6,-19.43671,34.94487
2026/02/05 10:57:00,NPP-375D,Mozambique,Zambezia,Mopeia,,,,,3.8,-17.6677,35.67905
2026/02/05 10:57:00,NPP-375D,Mozambique,Zambezia,Mocuba,,,,,4.0,-16.77364,37.48447
2026/02/05 10:57:00,NPP-375D,Mozambique,Inhambane,Massinga,,,,,3.3,-22.78857,35.40723
2026/02/05 10:57:00,NPP-375D,Mozambique,Sofala,Maringue,,,,,3.0,-18.26828,34.70877
2026/02/05 10:57:00,NPP-375D,Mozambique,Zambezia,Morrumbala,,,,,5.5,-17.25162,35.78386
2026/02/05 10:57:00,NPP-375D,Mozambique,Inhambane,Vilanculos,,,,,9.5,-22.14298,35.30062
2026/02/05 10:57:00,NPP-375D,Mozambique,Zambezia,Morrumbala,,,,,6.5,-17.57218,35.55839
2026/02/05 10:57:00,NPP-375D,Mozambique,Zambezia,Chinde,,,,,4.2,-18.71981,36.32833
2026/02/05 10:57:00,NPP-375D,Mozambique,Inhambane,Massinga,,,,,10.0,-22.78418,35.40668
2026/02/05 10:57:00,NPP-375D,Mozambique,Zambezia,Morrumbala,,,,,3.1,-17.00096,36.15614
2026/02/05 10:57:00,NPP-375D,Mozambique,Sofala,Maringue,,,,,4.3,-18.18587,34.35916
2026/02/05 10:57:00,NPP-375D,Mozambique,Zambezia,Morrumbala,,,,,3.0,-17.54818,35.48706
2026/02/05 10:57:00,NPP-375D,Mozambique,Zambezia,Morrumbala,,,,,3.9,-17.02237,35.84713
2026/02/05 10:57:00,NPP-375D,Mozambique,Inhambane,Vilanculos,,,,,12.0,-22.13879,35.30249
2026/02/05 10:57:00,NPP-375D,Mozambique,Manica,Sussundenga,,,,,10.1,-19.87042,33.21353
2026/02/05 10:57:00,NPP-375D,Mozambique,Zambezia,Mopeia,,,,,3.8,-17.74973,36.54346
2026/02/05 10:57:00,NPP-375D,Mozambique,Inhambane,Vilanculos,,,,,9.5,-22.14248,35.30515
2026/02/05 10:57:00,NPP-375D,Mozambique,Sofala,Dondo,,,,,3.6,-19.44104,34.94543
2026/02/05 10:57:00,NPP-375D,Mozambique,Sofala,Gorongosa,,,,,4.5,-18.37963,34.5919
2026/02/05 10:57:00,NPP-375D,Mozambique,Sofala,Marromeu,,,,,2.7,-18.0354,35.54832
2026/02/05 10:57:00,NPP-375D,Mozambique,Inhambane,Massinga,,,,,3.8,-22.78807,35.41175
2026/02/05 10:57:00,NPP-375D,Mozambique,Zambezia,Morrumbala,,,,,3.9,-17.05369,35.64085
2026/02/05 10:57:00,NPP-375D,Mozambique,Sofala,Maringue,,,,,3.0,-18.26396,34.7082
2026/02/05 10:57:00,NPP-375D,Mozambique,Inhambane,Vilanculos,,,,,22.8,-22.52978,35.41985
2026/02/05 10:57:00,NPP-375D,Mozambique,Zambezia,Morrumbala,,,,,3.4,-17.49747,35.91792
2026/02/05 10:57:00,NPP-375D,Mozambique,Zambezia,Morrumbala,,,,,1.3,-17.57465,35.6666
2026/02/05 10:57:00,NPP-375D,Mozambique,Inhambane,Vilanculos,,,,,7.4,-22.13809,35.30458
2026/02/05 10:57:00,NPP-375D,Mozambique,Inhambane,Massinga,,,,,6.6,-22.75739,35.33499
2026/02/05 10:57:00,NPP-375D,Mozambique,Sofala,Muanza,,,,,1.8,-19.13283,35.48398
2026/02/05 10:57:00,NPP-375D,Mozambique,Sofala,Muanza,,,,,3.2,-19.32434,34.95735
2026/02/05 10:57:00,NPP-375D,Mozambique,Sofala,Gorongosa,,,,,5.0,-18.37948,34.59407
2026/02/05 10:57:00,NPP-375D,Mozambique,Sofala,Muanza,,,,,4.3,-19.39183,35.39122
2026/02/05 10:57:00,NPP-375D,Mozambique,Inhambane,Massinga,,,,,8.4,-22.77081,35.48725
2026/02/05 10:57:00,NPP-375D,Mozambique,Sofala,Muanza,,,,,10.3,-19.31851,34.96959
2026/02/05 10:57:00,NPP-375D,Mozambique,Inhambane,Massinga,,,,,1.1,-23.09935,35.45062
2026/02/05 10:57:00,NPP-375D,Mozambique,Inhambane,Massinga,,,,,12.9,-22.78368,35.41121
2026/02/05 10:57:00,NPP-375D,Mozambique,Sofala,Muanza,,,,,4.3,-19.39134,35.39524
2026/02/05 10:57:00,NPP-375D,Mozambique,Inhambane,Vilanculos,,,,,22.8,-22.53415,35.42044
2026/02/05 10:57:00,NPP-375D,Mozambique,Zambezia,Morrumbala,,,,,6.5,-17.26992,35.75186
2026/02/05 11:00:00,NPP-375D,Mozambique,Zambezia,Morrumbala,,,,,2.9,-16.52388,35.40619
2026/02/05 11:00:00,NPP-375D,Mozambique,Zambezia,Milange,,,,,3.9,-16.48819,35.49181
2026/02/05 11:00:00,NPP-375D,Mozambique,Tete,Moatize,,,,,7.9,-16.19721,33.8387
2026/02/05 11:00:00,NPP-375D,Mozambique,Zambezia,Morrumbala,,,,,2.1,-16.46842,35.39034
2026/02/05 11:00:00,NPP-375D,Mozambique,Zambezia,Morrumbala,,,,,3.2,-16.60563,35.2809
2026/02/05 11:00:00,NPP-375D,Mozambique,Zambezia,Lugela,,,,,6.8,-16.52423,36.49934
2026/02/05 11:00:00,NPP-375D,Mozambique,Tete,Moatize,,,,,15.2,-16.16936,33.77089
2026/02/05 11:00:00,NPP-375D,Mozambique,Zambezia,Morrumbala,,,,,1.2,-16.56128,35.3721
2026/02/05 11:00:00,NPP-375D,Mozambique,Zambezia,Morrumbala,,,,,7.4,-16.61276,35.45027
2026/02/05 11:00:00,NPP-375D,Mozambique,Zambezia,Morrumbala,,,,,1.9,-16.56102,35.37252
2026/02/05 11:00:00,NPP-375D,Mozambique,Tete,Moatize,,,,,8.6,-16.11853,33.76184
2026/02/05 11:00:00,NPP-375D,Mozambique,Tete,Moatize,,,,,8.3,-16.21723,33.67846
2026/02/05 11:00:00,NPP-375D,Mozambique,Tete,Moatize,,,,,7.9,-16.20167,33.83924
2026/02/05 11:00:00,NPP-375D,Mozambique,Zambezia,Milange,,,,,30.4,-16.5032,35.95357
2026/02/05 11:00:00,NPP-375D,Mozambique,Zambezia,Lugela,,,,,5.5,-16.52433,36.49747
2026/02/05 11:00:00,NPP-375D,Mozambique,Zambezia,Milange,,,,,8.9,-16.60976,35.99191
2026/02/05 11:00:00,NPP-375D,Mozambique,Zambezia,Morrumbala,,,,,1.6,-16.61679,35.45083
2026/02/05 11:00:00,NPP-375D,Mozambique,Manica,Tambara,,,,,3.1,-16.79988,34.44351
2026/02/05 11:00:00,NPP-375D,Mozambique,Zambezia,Morrumbala,,,,,2.8,-16.53128,35.34948
2026/02/05 12:36:00,NPP-375,Mozambique,Maputo,Matutuíne,,,,,6.0,-26.67537,32.83467
2026/02/05 12:36:00,NPP-375,Mozambique,Maputo,Matutuíne,,,,,6.0,-26.67345,32.84171
2026/02/05 12:38:00,NPP-375,Mozambique,Gaza,Bilene,,,,,6.7,-25.18865,33.30795
2026/02/05 12:38:00,NPP-375,Mozambique,Maputo,Matutuíne,,,,,6.6,-26.20735,32.72897
2026/02/05 22:07:00,NPP-375,Mozambique,Tete,Moatize,,,,,3.3,-16.12225,33.75934
2026/02/05 22:07:00,NPP-375,Mozambique,Tete,Moatize,,,,,2.9,-16.19685,33.84084
2026/02/05 23:50:00,NPP-375,Mozambique,Tete,Moatize,,,,,1.7,-16.19912,33.84233
2026/02/05 23:50:00,NPP-375,Mozambique,Tete,Moatize,,,,,2.2,-16.13459,33.71574
2026/02/05 23:52:00,NPP-375,Mozambique,Maputo City,Maputo,,,,,1.3,-25.89773,32.43092
2026/02/05 23:52:00,NPP-375,Mozambique,Maputo,Matutuíne,,,,,3.4,-26.20222,32.72933
2026/02/06 10:38:00,NPP-375D,Mozambique,Inhambane,Vilanculos,,,,,3.2,-22.08968,35.26344
2026/02/06 10:38:00,NPP-375D,Mozambique,Inhambane,Vilanculos,,,,,3.4,-22.23409,35.29067
2026/02/06 10:38:00,NPP-375D,Mozambique,Inhambane,Vilanculos,,,,,3.7,-22.09231,35.26493
2026/02/06 10:40:00,NPP-375D,Mozambique,Sofala,Caia,,,,,4.9,-17.45331,35.0317
2026/02/06 10:40:00,NPP-375D,Mozambique,Zambezia,Morrumbala,,,,,2.6,-17.12488,35.70675
2026/02/06 10:40:00,NPP-375D,Mozambique,Zambezia,Morrumbala,,,,,2.8,-17.45453,35.54029
2026/02/06 10:40:00,NPP-375D,Mozambique,Zambezia,Morrumbala,,,,,2.2,-17.48568,35.77079
2026/02/06 10:40:00,NPP-375D,Mozambique,Zambezia,Morrumbala,,,,,2.6,-16.55514,35.36502
2026/02/06 10:40:00,NPP-375D,Mozambique,Zambezia,Morrumbala,,,,,7.6,-16.7248,35.59621
2026/02/06 10:40:00,NPP-375D,Mozambique,Zambezia,Morrumbala,,,,,8.2,-16.71088,35.46627
2026/02/06 10:40:00,NPP-375D,Mozambique,Zambezia,Morrumbala,,,,,8.2,-16.71049,35.46992
2026/02/06 10:40:00,NPP-375D,Mozambique,Zambezia,Morrumbala,,,,,3.3,-16.60076,35.2581
2026/02/06 10:40:00,NPP-375D,Mozambique,Zambezia,Morrumbala,,,,,3.3,-17.14751,36.03107
2026/02/06 10:40:00,NPP-375D,Mozambique,Zambezia,Morrumbala,,,,,3.2,-16.95329,36.01919
2026/02/06 10:40:00,NPP-375D,Mozambique,Zambezia,Morrumbala,,,,,4.8,-17.45523,36.19352
2026/02/06 10:40:00,NPP-375D,Mozambique,Zambezia,Morrumbala,,,,,7.6,-17.18914,35.89443
2026/02/06 10:40:00,NPP-375D,Mozambique,Zambezia,Morrumbala,,,,,2.4,-17.48579,35.77136
2026/02/06 10:40:00,NPP-375D,Mozambique,Zambezia,Morrumbala,,,,,4.7,-16.85273,35.70181
2026/02/06 10:40:00,NPP-375D,Mozambique,Zambezia,Morrumbala,,,,,2.7,-16.59926,35.25781
2026/02/06 10:40:00,NPP-375D,Mozambique,Sofala,Muanza,,,,,4.4,-19.24608,35.20187
2026/02/06 10:40:00,NPP-375D,Mozambique,Zambezia,Mocuba,,,,,3.0,-16.80097,36.34952
2026/02/06 10:40:00,NPP-375D,Mozambique,Zambezia,Mocuba,,,,,4.6,-16.65037,37.3365
2026/02/06 10:40:00,NPP-375D,Mozambique,Zambezia,Milange,,,,,3.1,-16.34673,36.19226
2026/02/06 10:40:00,NPP-375D,Mozambique,Zambezia,Morrumbala,,,,,4.5,-16.58817,35.36462
2026/02/06 10:40:00,NPP-375D,Mozambique,Sofala,Caia,,,,,6.5,-17.45478,35.03157
2026/02/06 10:40:00,NPP-375D,Mozambique,Zambezia,Morrumbala,,,,,3.3,-17.4861,35.71599
2026/02/06 10:40:00,NPP-375D,Mozambique,Zambezia,Morrumbala,,,,,2.6,-16.75854,35.86149
2026/02/06 10:40:00,NPP-375D,Mozambique,Zambezia,Morrumbala,,,,,3.8,-17.26657,35.73735
2026/02/06 10:40:00,NPP-375D,Mozambique,Manica,Mossurize,,,,,3.3,-20.27964,32.90864
2026/02/06 10:40:00,NPP-375D,Mozambique,Zambezia,Morrumbala,,,,,3.2,-16.95292,36.02263
2026/02/06 12:18:00,NPP-375,Mozambique,Maputo,Matutuíne,,,,,2.1,-26.80186,32.81053
2026/02/06 12:18:00,NPP-375,Mozambique,Maputo,Matutuíne,,,,,2.1,-26.80712,32.81205
2026/02/06 12:18:00,NPP-375,Mozambique,Maputo,Matutuíne,,,,,4.0,-26.8553,32.72427
2026/02/06 12:18:00,NPP-375,Mozambique,Maputo,Manhiça,,,,,2.4,-25.39832,33.05645
2026/02/06 12:18:00,NPP-375,Mozambique,Maputo,Matutuíne,,,,,5.0,-26.74215,32.77773
2026/02/06 12:18:00,NPP-375,Mozambique,Maputo,Matutuíne,,,,,3.1,-26.7402,32.77538
2026/02/06 12:21:00,NPP-375,Mozambique,Sofala,Maringue,,,,,10.1,-18.22528,34.72449
2026/02/06 12:21:00,NPP-375,Mozambique,Sofala,Maringue,,,,,8.0,-18.22276,34.72057
2026/02/06 12:21:00,NPP-375,Mozambique,Inhambane,Massinga,,,,,6.4,-22.75679,35.33498
2026/02/06 12:21:00,NPP-375,Mozambique,Sofala,Gorongosa,,,,,4.8,-18.58764,34.12729
2026/02/06 12:21:00,NPP-375,Mozambique,Inhambane,Mabote,,,,,5.7,-22.43222,33.42376
2026/02/06 12:21:00,NPP-375,Mozambique,Inhambane,Vilanculos,,,,,3.4,-22.22371,35.25719
2026/02/06 23:30:00,NPP-375,Mozambique,Tete,Moatize,,,,,2.3,-16.20044,33.84228
2026/02/06 23:30:00,NPP-375,Mozambique,Sofala,Caia,,,,,0.8,-17.45499,35.02929
2026/02/06 23:30:00,NPP-375,Mozambique,Tete,Moatize,,,,,1.6,-16.20922,33.84113
2026/02/06 23:30:00,NPP-375,Mozambique,Tete,Moatize,,,,,2.8,-16.11897,33.76031
2026/02/06 23:30:00,NPP-375,Mozambique,Tete,Moatize,,,,,2.2,-16.12878,33.76757
2026/02/06 23:33:00,NPP-375,Mozambique,Sofala,Nhamatanda,,,,,1.3,-19.05752,34.21957
2026/02/06 23:33:00,NPP-375,Mozambique,Maputo,Manhiça,,,,,1.3,-25.39475,33.05667
2026/02/06 23:35:00,NPP-375,Mozambique,Maputo,Matutuíne,,,,,1.2,-26.25594,32.8982
2026/02/06 23:35:00,NPP-375,Mozambique,Maputo,Matutuíne,,,,,1.0,-26.7448,32.77488
2026/02/06 23:35:00,NPP-375,Mozambique,Maputo City,Maputo,,,,,1.7,-25.90161,32.4328
2026/02/06 23:35:00,NPP-375,Mozambique,Maputo City,Maputo,,,,,1.7,-25.89705,32.43339
2026/02/06 23:35:00,NPP-375,Mozambique,Maputo,Matutuíne,,,,,1.0,-26.74535,32.78036
2026/02/07 10:21:00,NPP-375D,Mozambique,Zambezia,Chinde,,,,,3.6,-18.22514,36.81328
2026/02/07 11:59:00,NPP-375D,Mozambique,Inhambane,Vilanculos,,,,,3.4,-22.16736,35.29477
2026/02/07 11:59:00,NPP-375D,Mozambique,Maputo,Manhiça,,,,,5.0,-25.38676,33.06046
2026/02/07 11:59:00,NPP-375D,Mozambique,Inhambane,Vilanculos,,,,,3.3,-22.2311,35.47713
2026/02/07 11:59:00,NPP-375D,Mozambique,Maputo,Magude,,,,,4.1,-24.92815,32.91055
2026/02/07 11:59:00,NPP-375D,Mozambique,Gaza,Mandlakazi,,,,,9.8,-24.91319,34.01557
2026/02/07 11:59:00,NPP-375D,Mozambique,Gaza,Mandlakazi,,,,,9.8,-24.9142,34.01068
2026/02/07 11:59:00,NPP-375D,Mozambique,Inhambane,Vilanculos,,,,,2.5,-22.16228,35.29354
2026/02/07 12:01:00,NPP-375,Mozambique,Sofala,Maringue,,,,,4.2,-18.34812,34.58033
2026/02/07 12:01:00,NPP-375,Mozambique,Sofala,Nhamatanda,,,,,5.1,-19.39261,34.14558
2026/02/07 12:01:00,NPP-375,Mozambique,Sofala,Gorongosa,,,,,1.6,-18.64974,33.90829
2026/02/07 12:01:00,NPP-375,Mozambique,Sofala,Cheringoma,,,,,13.1,-18.8414,35.34434
2026/02/07 12:01:00,NPP-375,Mozambique,Sofala,Cheringoma,,,,,3.1,-18.55703,34.67013
2026/02/07 12:01:00,NPP-375,Mozambique,Sofala,Cheringoma,,,,,10.6,-18.84219,35.34059
2026/02/07 12:01:00,NPP-375,Mozambique,Sofala,Cheringoma,,,,,3.4,-18.53205,34.73582
2026/02/07 12:01:00,NPP-375,Mozambique,Manica,Macossa,,,,,3.1,-17.77463,34.15852
2026/02/07 12:01:00,NPP-375,Mozambique,Sofala,Gorongosa,,,,,4.9,-18.46156,34.40282
2026/02/07 12:01:00,NPP-375,Mozambique,Sofala,Gorongosa,,,,,10.9,-18.60312,34.03313
2026/02/07 12:01:00,NPP-375,Mozambique,Manica,Gondola,,,,,2.8,-19.34864,33.35991
2026/02/07 12:01:00,NPP-375,Mozambique,Sofala,Cheringoma,,,,,11.4,-18.84124,35.34532
2026/02/07 12:01:00,NPP-375,Mozambique,Zambezia,Chinde,,,,,6.9,-18.76035,36.21104
2026/02/07 12:01:00,NPP-375,Mozambique,Zambezia,Chinde,,,,,8.0,-18.75946,36.21172
2026/02/07 12:01:00,NPP-375,Mozambique,Sofala,Cheringoma,,,,,3.1,-18.55886,34.66915
2026/02/07 12:01:00,NPP-375,Mozambique,Sofala,Cheringoma,,,,,2.7,-18.52908,34.73378
2026/02/07 12:01:00,NPP-375,Mozambique,Sofala,Cheringoma,,,,,11.2,-18.84205,35.34158
2026/02/07 12:01:00,NPP-375,Mozambique,Sofala,Nhamatanda,,,,,4.2,-19.11256,34.32383
2026/02/07 12:01:00,NPP-375,Mozambique,Sofala,Buzi,,,,,2.2,-19.78764,34.25993
2026/02/07 12:01:00,NPP-375,Mozambique,Sofala,Maringue,,,,,3.5,-18.34968,34.57907
2026/02/07 12:01:00,NPP-375,Mozambique,Sofala,Maringue,,,,,4.1,-18.30524,34.55486
2026/02/07 12:01:00,NPP-375,Mozambique,Manica,Sussundenga,,,,,8.3,-19.62959,33.33451
2026/02/07 23:11:00,NPP-375,Mozambique,Manica,Barue,,,,,0.7,-17.98421,33.03135
2026/02/07 23:13:00,NPP-375,Mozambique,Gaza,Bilene,,,,,0.7,-25.22059,33.1242
2026/02/08 11:40:00,NPP-375D,Mozambique,Maputo,Matutuíne,,,,,2.4,-26.85987,32.70482
2026/02/08 11:40:00,NPP-375D,Mozambique,Maputo,Matutuíne,,,,,1.8,-26.69049,32.38298
2026/02/08 11:40:00,NPP-375D,Mozambique,Maputo,Matutuíne,,,,,3.2,-26.85553,32.73216
2026/02/08 11:40:00,NPP-375D,Mozambique,Maputo,Matutuíne,,,,,1.7,-26.85095,32.73932
2026/02/08 11:40:00,NPP-375D,Mozambique,Gaza,Bilene,,,,,5.6,-25.29779,33.1547
2026/02/08 11:40:00,NPP-375D,Mozambique,Maputo,Matutuíne,,,,,3.3,-26.77902,32.79354
2026/02/08 11:40:00,NPP-375D,Mozambique,Maputo,Matutuíne,,,,,3.3,-26.7784,32.79745
2026/02/08 11:40:00,NPP-375D,Mozambique,Maputo,Matutuíne,,,,,8.0,-26.77568,32.79288
2026/02/08 11:40:00,NPP-375D,Mozambique,Maputo,Matutuíne,,,,,8.0,-26.77506,32.79679
2026/02/08 11:40:00,NPP-375D,Mozambique,Gaza,Mandlakazi,,,,,5.1,-24.83409,34.02081
2026/02/08 11:40:00,NPP-375D,Mozambique,Gaza,Bilene,,,,,1.6,-25.29506,33.15005
2026/02/08 11:40:00,NPP-375D,Mozambique,Maputo,Matutuíne,,,,,8.0,-26.77234,32.79222
2026/02/08 11:40:00,NPP-375D,Mozambique,Maputo,Matutuíne,,,,,3.3,-26.78174,32.79811
2026/02/08 11:40:00,NPP-375D,Mozambique,Gaza,Bilene,,,,,6.9,-25.2944,33.15402
2026/02/08 11:40:00,NPP-375D,Mozambique,Maputo,Matutuíne,,,,,8.0,-26.77172,32.79613
2026/02/08 11:42:00,NPP-375D,Mozambique,Sofala,Buzi,,,,,7.3,-19.70579,34.1865
2026/02/08 11:42:00,NPP-375D,Mozambique,Gaza,Chigubo,,,,,6.1,-22.94461,33.29973
2026/02/08 11:42:00,NPP-375D,Mozambique,Sofala,Muanza,,,,,4.0,-19.36375,35.38647
2026/02/08 11:42:00,NPP-375D,Mozambique,Sofala,Nhamatanda,,,,,2.7,-19.13151,34.14752
2026/02/08 11:42:00,NPP-375D,Mozambique,Manica,Sussundenga,,,,,3.7,-19.6409,33.35743
2026/02/08 11:42:00,NPP-375D,Mozambique,Sofala,Gorongosa,,,,,6.3,-18.57927,34.62013
2026/02/08 11:42:00,NPP-375D,Mozambique,Manica,Sussundenga,,,,,2.1,-19.45362,33.33663
2026/02/08 11:42:00,NPP-375D,Mozambique,Sofala,Muanza,,,,,4.0,-19.36307,35.39017
2026/02/08 11:42:00,NPP-375D,Mozambique,Sofala,Gorongosa,,,,,4.3,-18.28476,34.17897
2026/02/08 11:42:00,NPP-375D,Mozambique,Inhambane,Massinga,,,,,37.8,-22.99924,35.20419
2026/02/08 11:42:00,NPP-375D,Mozambique,Manica,Sussundenga,,,,,8.7,-19.73137,33.37718
2026/02/08 11:42:00,NPP-375D,Mozambique,Manica,Sussundenga,,,,,12.8,-19.68992,33.30877
2026/02/08 11:42:00,NPP-375D,Mozambique,Inhambane,Massinga,,,,,17.7,-23.01681,35.47638
2026/02/08 11:42:00,NPP-375D,Mozambique,Sofala,Nhamatanda,,,,,8.6,-19.4834,34.06414
2026/02/08 11:42:00,NPP-375D,Mozambique,Inhambane,Mabote,,,,,7.1,-22.01155,34.14832
2026/02/08 11:42:00,NPP-375D,Mozambique,Manica,Sussundenga,,,,,2.0,-19.6827,33.32955
2026/02/08 11:42:00,NPP-375D,Mozambique,Inhambane,Morrumbene,,,,,2.5,-23.48324,34.97372
2026/02/08 11:42:00,NPP-375D,Mozambique,Sofala,Muanza,,,,,3.6,-18.9843,35.38519
2026/02/08 11:42:00,NPP-375D,Mozambique,Sofala,Nhamatanda,,,,,3.3,-19.47388,34.20462
2026/02/08 11:42:00,NPP-375D,Mozambique,Sofala,Gorongosa,,,,,3.8,-18.41862,34.34724
2026/02/08 11:42:00,NPP-375D,Mozambique,Manica,Sussundenga,,,,,6.3,-19.70284,33.29797
2026/02/08 11:42:00,NPP-375D,Mozambique,Manica,Sussundenga,,,,,3.1,-20.05582,33.1554
2026/02/08 11:42:00,NPP-375D,Mozambique,Manica,Mossurize,,,,,4.9,-20.35036,32.92733
2026/02/08 11:42:00,NPP-375D,Mozambique,Manica,Mossurize,,,,,2.9,-20.13245,33.12587
2026/02/08 11:42:00,NPP-375D,Mozambique,Manica,Sussundenga,,,,,3.2,-19.70457,33.29673
2026/02/08 11:42:00,NPP-375D,Mozambique,Manica,Mossurize,,,,,3.0,-20.53001,32.80467
2026/02/08 11:42:00,NPP-375D,Mozambique,Gaza,Mandlakazi,,,,,2.1,-24.35879,33.98493
2026/02/08 11:42:00,NPP-375D,Mozambique,Sofala,Nhamatanda,,,,,3.3,-19.47302,34.2094
2026/02/08 11:42:00,NPP-375D,Mozambique,Zambezia,Chinde,,,,,3.6,-18.16942,35.98757
2026/02/08 11:42:00,NPP-375D,Mozambique,Manica,Mossurize,,,,,1.7,-20.55098,32.85446
2026/02/08 11:42:00,NPP-375D,Mozambique,Inhambane,Massinga,,,,,19.6,-23.01928,35.47456
2026/02/08 11:42:00,NPP-375D,Mozambique,Manica,Sussundenga,,,,,1.7,-19.47649,32.90025
2026/02/08 11:42:00,NPP-375D,Mozambique,Manica,Mossurize,,,,,2.5,-20.25499,32.97922
2026/02/08 11:42:00,NPP-375D,Mozambique,Zambezia,Mopeia,,,,,3.4,-17.98717,35.59207
2026/02/08 11:42:00,NPP-375D,Mozambique,Manica,Sussundenga,,,,,3.3,-20.05373,33.15884
2026/02/08 11:42:00,NPP-375D,Mozambique,Sofala,Gorongosa,,,,,5.6,-18.57537,34.61937
2026/02/08 11:42:00,NPP-375D,Mozambique,Sofala,Gorongosa,,,,,3.2,-18.47703,33.9243
2026/02/08 11:42:00,NPP-375D,Mozambique,Manica,Sussundenga,,,,,8.5,-19.69064,33.30453
2026/02/08 11:42:00,NPP-375D,Mozambique,Sofala,Nhamatanda,,,,,2.9,-19.14996,34.41781
2026/02/08 11:42:00,NPP-375D,Mozambique,Zambezia,Chinde,,,,,5.7,-18.5667,36.37136
2026/02/08 11:42:00,NPP-375D,Mozambique,Manica,Sussundenga,,,,,4.9,-19.70385,33.30088
2026/02/08 11:44:00,NPP-375D,Mozambique,Zambezia,Morrumbala,,,,,2.5,-17.21874,35.9673
2026/02/08 11:44:00,NPP-375D,Mozambique,Zambezia,Mopeia,,,,,4.4,-17.50617,35.85143
2026/02/08 11:44:00,NPP-375D,Mozambique,Tete,Mutarara,,,,,4.9,-16.83887,34.78968
2026/02/08 11:44:00,NPP-375D,Mozambique,Manica,Barue,,,,,3.1,-18.20197,33.0676
2026/02/08 11:44:00,NPP-375D,Mozambique,Zambezia,Morrumbala,,,,,1.6,-16.57734,35.47649
2026/02/08 11:44:00,NPP-375D,Mozambique,Tete,Moatize,,,,,6.9,-16.16713,33.77171
2026/02/08 11:44:00,NPP-375D,Mozambique,Zambezia,Morrumbala,,,,,3.4,-17.22338,35.68274
2026/02/08 11:44:00,NPP-375D,Mozambique,Zambezia,Morrumbala,,,,,2.2,-17.53828,35.50938
2026/02/08 11:44:00,NPP-375D,Mozambique,Zambezia,Morrumbala,,,,,7.4,-17.22519,35.68306
2026/02/08 11:44:00,NPP-375D,Mozambique,Sofala,Maringue,,,,,3.7,-18.05569,34.49344
2026/02/08 11:44:00,NPP-375D,Mozambique,Tete,Changara,,,,,6.2,-15.88775,33.02268
2026/02/08 11:44:00,NPP-375D,Mozambique,Tete,Mutarara,,,,,2.8,-17.43296,35.19085
2026/02/08 11:44:00,NPP-375D,Mozambique,Zambezia,Morrumbala,,,,,1.2,-16.54461,35.43961
2026/02/08 11:44:00,NPP-375D,Mozambique,Zambezia,Lugela,,,,,6.2,-16.44275,36.40635
2026/02/08 11:44:00,NPP-375D,Mozambique,Zambezia,Morrumbala,,,,,4.8,-17.11397,35.78215
2026/02/08 11:44:00,NPP-375D,Mozambique,Zambezia,Morrumbala,,,,,3.6,-17.64075,35.54284
2026/02/08 11:44:00,NPP-375D,Mozambique,Zambezia,Morrumbala,,,,,2.1,-16.88373,35.3881
2026/02/08 11:44:00,NPP-375D,Mozambique,Sofala,Caia,,,,,2.7,-17.54967,34.99076
2026/02/08 11:44:00,NPP-375D,Mozambique,Zambezia,Morrumbala,,,,,3.7,-17.12441,35.79757
2026/02/08 11:44:00,NPP-375D,Mozambique,Zambezia,Morrumbala,,,,,3.0,-16.95922,35.73473
2026/02/08 11:44:00,NPP-375D,Mozambique,Zambezia,Morrumbala,,,,,4.4,-17.13272,35.72958
2026/02/08 11:44:00,NPP-375D,Mozambique,Tete,Mutarara,,,,,9.6,-16.83915,34.78939
2026/02/08 11:44:00,NPP-375D,Mozambique,Zambezia,Morrumbala,,,,,3.1,-16.54946,35.34257
2026/02/08 11:44:00,NPP-375D,Mozambique,Tete,Cahora Bassa,,,,,3.3,-16.40544,32.07962
2026/02/08 11:44:00,NPP-375D,Mozambique,Tete,Mutarara,,,,,4.9,-16.83955,34.78601
2026/02/08 11:44:00,NPP-375D,Mozambique,Zambezia,Mocuba,,,,,3.6,-16.85107,36.83756
2026/02/08 11:44:00,NPP-375D,Mozambique,Sofala,Chemba,,,,,1.0,-16.92781,34.64427
2026/02/08 11:44:00,NPP-375D,Mozambique,Zambezia,Morrumbala,,,,,6.8,-16.8255,35.79779
2026/02/08 11:44:00,NPP-375D,Mozambique,Zambezia,Lugela,,,,,2.1,-16.44329,36.40578
2026/02/08 11:44:00,NPP-375D,Mozambique,Zambezia,Milange,,,,,5.9,-16.37194,35.88036
2026/02/08 11:44:00,NPP-375D,Mozambique,Zambezia,Morrumbala,,,,,7.0,-16.57585,35.48465
2026/02/08 11:44:00,NPP-375D,Mozambique,Manica,Macossa,,,,,3.7,-17.84018,34.06069
2026/02/08 11:44:00,NPP-375D,Mozambique,Zambezia,Morrumbala,,,,,3.4,-17.22762,35.6836
2026/02/08 11:44:00,NPP-375D,Mozambique,Zambezia,Mopeia,,,,,3.2,-17.77591,35.53763
2026/02/08 11:44:00,NPP-375D,Mozambique,Manica,Barue,,,,,21.3,-18.27091,33.01737
2026/02/08 11:44:00,NPP-375D,Mozambique,Tete,Changara,,,,,5.8,-16.76418,33.03687
2026/02/08 11:44:00,NPP-375D,Mozambique,Zambezia,Mocuba,,,,,3.2,-16.77064,36.44613
2026/02/08 11:44:00,NPP-375D,Mozambique,Sofala,Caia,,,,,11.0,-17.46523,34.87874
2026/02/08 11:44:00,NPP-375D,Mozambique,Tete,Mutarara,,,,,3.2,-16.86513,34.71497
2026/02/08 11:44:00,NPP-375D,Mozambique,Zambezia,Mopeia,,,,,4.4,-17.50539,35.85565
2026/02/08 22:54:00,NPP-375,Mozambique,Sofala,Marromeu,,,,,1.1,-18.93274,35.94975
2026/02/08 22:54:00,NPP-375,Mozambique,Sofala,Marromeu,,,,,0.8,-18.93607,35.94916
2026/02/08 22:56:00,NPP-375,Mozambique,Maputo City,Maputo,,,,,2.2,-25.94339,32.4979
2026/02/09 11:21:00,NPP-375D,Mozambique,Maputo,Matutuíne,,,,,5.2,-26.70914,32.74876
2026/02/09 11:21:00,NPP-375D,Mozambique,Maputo,Matutuíne,,,,,5.2,-26.70541,32.74819
2026/02/09 11:21:00,NPP-375D,Mozambique,Maputo,Matutuíne,,,,,1.8,-26.08708,32.57785
2026/02/09 11:21:00,NPP-375D,Mozambique,Maputo,Matutuíne,,,,,4.5,-26.68684,32.77528
2026/02/09 11:21:00,NPP-375D,Mozambique,Gaza,Bilene,,,,,4.2,-25.27564,33.18469
2026/02/09 11:21:00,NPP-375D,Mozambique,Inhambane,Homoine,,,,,8.6,-24.20971,34.9519
2026/02/09 11:21:00,NPP-375D,Mozambique,Maputo,Matutuíne,,,,,5.4,-26.6794,32.77412
2026/02/09 11:21:00,NPP-375D,Mozambique,Inhambane,Funhalouro,,,,,3.4,-22.60214,34.17345
2026/02/09 11:23:00,NPP-375D,Mozambique,Manica,Macossa,,,,,2.6,-17.97278,34.06485
2026/02/09 11:23:00,NPP-375D,Mozambique,Zambezia,Morrumbala,,,,,6.3,-17.33824,35.91569
2026/02/09 11:23:00,NPP-375D,Mozambique,Manica,Sussundenga,,,,,2.2,-19.59788,33.38519
2026/02/09 11:23:00,NPP-375D,Mozambique,Zambezia,Morrumbala,,,,,11.0,-17.49917,35.89318
2026/02/09 11:23:00,NPP-375D,Mozambique,Zambezia,Morrumbala,,,,,6.3,-17.33484,35.9151
2026/02/09 11:23:00,NPP-375D,Mozambique,Zambezia,Morrumbala,,,,,2.2,-17.36007,35.93148
2026/02/09 11:23:00,NPP-375D,Mozambique,Zambezia,Mopeia,,,,,4.2,-17.56313,35.81929
2026/02/09 11:23:00,NPP-375D,Mozambique,Tete,Moatize,,,,,4.9,-16.11754,33.76036
2026/02/09 11:23:00,NPP-375D,Mozambique,Zambezia,Morrumbala,,,,,8.1,-17.43377,35.86297
2026/02/09 11:23:00,NPP-375D,Mozambique,Zambezia,Mopeia,,,,,3.5,-17.72766,36.05807
2026/02/09 11:23:00,NPP-375D,Mozambique,Sofala,Gorongosa,,,,,4.9,-18.62755,33.95263
2026/02/09 11:23:00,NPP-375D,Mozambique,Zambezia,Morrumbala,,,,,2.1,-17.2563,35.72732
2026/02/09 11:23:00,NPP-375D,Mozambique,Zambezia,Nicoadala,,,,,2.3,-17.97882,36.97783
2026/02/09 11:23:00,NPP-375D,Mozambique,Sofala,Muanza,,,,,6.4,-19.19548,35.15953
2026/02/09 11:23:00,NPP-375D,Mozambique,Sofala,Cheringoma,,,,,1.6,-18.60746,35.37366
2026/02/09 11:23:00,NPP-375D,Mozambique,Zambezia,Morrumbala,,,,,14.1,-17.60944,35.68557
2026/02/09 11:23:00,NPP-375D,Mozambique,Zambezia,Morrumbala,,,,,2.4,-17.47032,35.94246
2026/02/09 11:23:00,NPP-375D,Mozambique,Zambezia,Mopeia,,,,,3.1,-17.54282,36.03337
2026/02/09 11:23:00,NPP-375D,Mozambique,Zambezia,Morrumbala,,,,,4.5,-17.62904,35.69284
2026/02/09 11:23:00,NPP-375D,Mozambique,Sofala,Marromeu,,,,,3.4,-18.18784,35.84465
2026/02/09 11:23:00,NPP-375D,Mozambique,Zambezia,Chinde,,,,,2.6,-18.35005,36.52709
2026/02/09 11:23:00,NPP-375D,Mozambique,Zambezia,Morrumbala,,,,,1.9,-17.39196,35.86336
2026/02/09 11:23:00,NPP-375D,Mozambique,Zambezia,Morrumbala,,,,,2.6,-16.83072,35.90108
2026/02/09 11:23:00,NPP-375D,Mozambique,Zambezia,Chinde,,,,,11.0,-18.36336,36.55345
2026/02/09 11:23:00,NPP-375D,Mozambique,Zambezia,Morrumbala,,,,,2.1,-17.4553,35.66262
2026/02/09 11:23:00,NPP-375D,Mozambique,Sofala,Caia,,,,,4.3,-17.5806,35.1427
2026/02/09 11:23:00,NPP-375D,Mozambique,Zambezia,Morrumbala,,,,,3.1,-16.76423,35.46251
2026/02/09 11:23:00,NPP-375D,Mozambique,Zambezia,Chinde,,,,,3.4,-18.38024,36.53648
2026/02/09 11:23:00,NPP-375D,Mozambique,Zambezia,Morrumbala,,,,,5.1,-16.54247,35.45044
2026/02/09 11:23:00,NPP-375D,Mozambique,Zambezia,Morrumbala,,,,,5.6,-17.36418,35.73084
2026/02/09 11:23:00,NPP-375D,Mozambique,Manica,Manica,,,,,6.6,-18.55151,32.9654
2026/02/09 11:23:00,NPP-375D,Mozambique,Zambezia,Mopeia,,,,,5.2,-17.71262,35.65404
2026/02/09 11:23:00,NPP-375D,Mozambique,Zambezia,Morrumbala,,,,,15.8,-16.69767,35.42442
2026/02/09 11:23:00,NPP-375D,Mozambique,Zambezia,Chinde,,,,,1.9,-18.35714,36.54834
2026/02/09 11:23:00,NPP-375D,Mozambique,Zambezia,Mopeia,,,,,2.9,-18.12689,36.11666
2026/02/09 11:23:00,NPP-375D,Mozambique,Zambezia,Morrumbala,,,,,3.1,-16.55733,35.44985
2026/02/09 11:23:00,NPP-375D,Mozambique,Zambezia,Mopeia,,,,,3.9,-17.99466,35.58919
2026/02/09 11:23:00,NPP-375D,Mozambique,Zambezia,Morrumbala,,,,,8.6,-17.42043,35.66424
2026/02/09 11:23:00,NPP-375D,Mozambique,Zambezia,Mopeia,,,,,4.1,-17.54297,36.03305
2026/02/09 11:23:00,NPP-375D,Mozambique,Zambezia,Morrumbala,,,,,4.4,-16.53251,35.42595
2026/02/09 11:23:00,NPP-375D,Mozambique,Zambezia,Morrumbala,,,,,3.6,-17.36358,35.73458
2026/02/09 11:23:00,NPP-375D,Mozambique,Zambezia,Mopeia,,,,,3.2,-17.5165,36.38784
2026/02/09 11:23:00,NPP-375D,Mozambique,Zambezia,Morrumbala,,,,,2.7,-17.26871,35.80675
2026/02/09 11:23:00,NPP-375D,Mozambique,Zambezia,Morrumbala,,,,,3.0,-17.36259,35.71903
2026/02/09 11:23:00,NPP-375D,Mozambique,Manica,Gondola,,,,,2.4,-19.4381,33.42987
2026/02/09 11:23:00,NPP-375D,Mozambique,Zambezia,Morrumbala,,,,,3.4,-17.24438,35.67145
2026/02/09 11:23:00,NPP-375D,Mozambique,Zambezia,Mopeia,,,,,5.9,-17.71134,35.65366
2026/02/09 11:23:00,NPP-375D,Mozambique,Zambezia,Morrumbala,,,,,3.4,-17.64423,35.55427
2026/02/09 11:23:00,NPP-375D,Mozambique,Manica,Manica,,,,,8.4,-18.55151,32.9656
2026/02/09 11:23:00,NPP-375D,Mozambique,Zambezia,Mopeia,,,,,10.3,-17.64176,35.40908
2026/02/09 11:23:00,NPP-375D,Mozambique,Zambezia,Chinde,,,,,11.0,-18.35993,36.55284
2026/02/09 11:23:00,NPP-375D,Mozambique,Zambezia,Mopeia,,,,,2.6,-17.59822,35.94972
2026/02/09 11:23:00,NPP-375D,Mozambique,Zambezia,Chinde,,,,,2.8,-18.30823,36.65199
2026/02/09 11:23:00,NPP-375D,Mozambique,Zambezia,Morrumbala,,,,,6.9,-17.30817,35.75573
2026/02/09 11:23:00,NPP-375D,Mozambique,Zambezia,Morrumbala,,,,,4.9,-17.3018,35.77384
2026/02/09 11:23:00,NPP-375D,Mozambique,Zambezia,Mopeia,,,,,2.8,-18.00044,36.31428
2026/02/09 11:23:00,NPP-375D,Mozambique,Zambezia,Morrumbala,,,,,2.2,-16.74586,35.60051
2026/02/09 11:23:00,NPP-375D,Mozambique,Zambezia,Morrumbala,,,,,2.5,-16.86469,35.69058
2026/02/09 11:23:00,NPP-375D,Mozambique,Sofala,Caia,,,,,0.8,-17.74177,35.21955
2026/02/09 11:23:00,NPP-375D,Mozambique,Zambezia,Morrumbala,,,,,2.2,-17.6128,35.68616
2026/02/09 11:23:00,NPP-375D,Mozambique,Manica,Manica,,,,,3.6,-18.85336,32.80367
2026/02/09 11:23:00,NPP-375D,Mozambique,Zambezia,Morrumbala,,,,,3.5,-16.77231,35.65522
2026/02/09 11:23:00,NPP-375D,Mozambique,Zambezia,Mopeia,,,,,6.3,-17.82531,35.68929
2026/02/09 11:23:00,NPP-375D,Mozambique,Sofala,Gorongosa,,,,,2.0,-18.35109,34.225
2026/02/09 11:23:00,NPP-375D,Mozambique,Zambezia,Morrumbala,,,,,2.6,-16.74632,35.60095
2026/02/09 11:23:00,NPP-375D,Mozambique,Zambezia,Morrumbala,,,,,1.5,-17.41956,35.7563
2026/02/09 11:23:00,NPP-375D,Mozambique,Zambezia,Morrumbala,,,,,5.3,-17.274,35.8386
2026/02/09 11:23:00,NPP-375D,Mozambique,Zambezia,Chinde,,,,,3.2,-18.30626,36.65222
2026/02/09 11:23:00,NPP-375D,Mozambique,Zambezia,Morrumbala,,,,,5.3,-17.41271,35.64759
2026/02/09 11:23:00,NPP-375D,Mozambique,Zambezia,Mopeia,,,,,2.7,-17.74661,35.54934
2026/02/09 11:23:00,NPP-375D,Mozambique,Zambezia,Mopeia,,,,,1.6,-18.049,35.83953
2026/02/09 11:23:00,NPP-375D,Mozambique,Zambezia,Morrumbala,,,,,1.9,-16.56069,35.45046
2026/02/09 11:23:00,NPP-375D,Mozambique,Sofala,Cheringoma,,,,,4.1,-18.4572,34.70282
2026/02/09 11:23:00,NPP-375D,Mozambique,Zambezia,Morrumbala,,,,,8.0,-17.44935,35.63478
2026/02/09 11:23:00,NPP-375D,Mozambique,Zambezia,Chinde,,,,,5.1,-18.36057,36.54895
2026/02/09 11:23:00,NPP-375D,Mozambique,Sofala,Dondo,,,,,4.4,-19.53518,34.94806
2026/02/09 11:23:00,NPP-375D,Mozambique,Zambezia,Mocuba,,,,,3.1,-16.80762,36.41199
2026/02/09 11:23:00,NPP-375D,Mozambique,Zambezia,Morrumbala,,,,,1.7,-17.37235,35.89868
2026/02/09 11:23:00,NPP-375D,Mozambique,Zambezia,Morrumbala,,,,,2.8,-17.56767,35.6817
2026/02/09 11:23:00,NPP-375D,Mozambique,Zambezia,Morrumbala,,,,,4.7,-17.41522,35.74013
2026/02/09 11:23:00,NPP-375D,Mozambique,Zambezia,Morrumbala,,,,,2.7,-17.40944,35.75453
2026/02/09 11:23:00,NPP-375D,Mozambique,Zambezia,Mopeia,,,,,2.9,-18.03142,36.25269
2026/02/09 22:35:00,NPP-375,Mozambique,Maputo,Matutuíne,,,,,0.4,-26.69324,32.81162
2026/02/09 22:35:00,NPP-375,Mozambique,Inhambane,Inhassoro,,,,,0.8,-21.74726,35.05914
2026/02/10 11:04:00,NPP-375D,Mozambique,Inhambane,Massinga,,,,,17.4,-22.68554,35.46855
2026/02/10 11:04:00,NPP-375D,Mozambique,Manica,Gondola,,,,,4.3,-19.02703,33.47293
2026/02/10 11:04:00,NPP-375D,Mozambique,Sofala,Nhamatanda,,,,,2.7,-18.98267,34.04658
2026/02/10 11:04:00,NPP-375D,Mozambique,Inhambane,Zavala,,,,,4.9,-24.53449,34.56136
2026/02/10 11:04:00,NPP-375D,Mozambique,Manica,Sussundenga,,,,,4.6,-19.72625,33.46087
2026/02/10 11:04:00,NPP-375D,Mozambique,Sofala,Muanza,,,,,6.8,-19.24994,35.25483
2026/02/10 11:04:00,NPP-375D,Mozambique,Manica,Gondola,,,,,3.6,-19.51126,33.47053
2026/02/10 11:04:00,NPP-375D,Mozambique,Sofala,Nhamatanda,,,,,5.3,-18.99223,34.07055
2026/02/10 11:04:00,NPP-375D,Mozambique,Inhambane,Inharrime,,,,,2.2,-24.37862,35.17353
2026/02/10 11:04:00,NPP-375D,Mozambique,Sofala,Muanza,,,,,5.0,-19.25058,35.24987
2026/02/10 11:04:00,NPP-375D,Mozambique,Sofala,Dondo,,,,,2.9,-19.72783,34.87236
2026/02/10 11:04:00,NPP-375D,Mozambique,Inhambane,Zavala,,,,,2.1,-24.71988,34.53919
2026/02/10 11:04:00,NPP-375D,Mozambique,Manica,Mossurize,,,,,4.8,-20.5216,32.82428
2026/02/10 11:04:00,NPP-375D,Mozambique,Gaza,Bilene,,,,,6.6,-25.31771,33.22192
2026/02/10 11:04:00,NPP-375D,Mozambique,Manica,Mossurize,,,,,5.7,-20.28097,32.90252
2026/02/10 11:04:00,NPP-375D,Mozambique,Sofala,Muanza,,,,,4.8,-19.16926,35.08289
2026/02/10 11:04:00,NPP-375D,Mozambique,Sofala,Gorongosa,,,,,4.3,-18.97278,34.12596
2026/02/10 11:06:00,NPP-375D,Mozambique,Nampula,Mongincual,,,,,1.8,-15.72257,40.23016
2026/02/10 22:16:00,NPP-375,Mozambique,Sofala,Chibabava,,,,,0.8,-20.06004,33.77055
2026/02/11 10:45:00,NPP-375D,Mozambique,Inhambane,Massinga,,,,,3.7,-23.03912,35.42859
2026/02/11 10:45:00,NPP-375D,Mozambique,Inhambane,Massinga,,,,,9.8,-23.06007,35.49683
2026/02/11 10:45:00,NPP-375D,Mozambique,Maputo,Manhiça,,,,,3.4,-25.32724,32.82786
2026/02/11 10:45:00,NPP-375D,Mozambique,Inhambane,Massinga,,,,,3.7,-23.03879,35.43227
2026/02/11 10:47:00,NPP-375D,Mozambique,Nampula,Mossuril,,,,,4.3,-14.72289,40.78799
2026/02/11 10:47:00,NPP-375D,Mozambique,Inhambane,Govuro,,,,,3.7,-21.23848,35.02728
2026/02/11 10:47:00,NPP-375D,Mozambique,Sofala,Nhamatanda,,,,,3.2,-19.15995,34.18337
2026/02/11 10:47:00,NPP-375D,Mozambique,Inhambane,Vilanculos,,,,,5.8,-21.84561,35.28587
2026/02/11 10:47:00,NPP-375D,Mozambique,Manica,Mossurize,,,,,7.6,-20.52143,32.85867
2026/02/11 10:47:00,NPP-375D,Mozambique,Inhambane,Vilanculos,,,,,2.3,-22.17933,35.28048
2026/02/11 10:47:00,NPP-375D,Mozambique,Tete,Mutarara,,,,,1.8,-17.40319,35.2723
2026/02/11 10:47:00,NPP-375D,Mozambique,Sofala,Gorongosa,,,,,14.9,-18.62248,33.9679
2026/02/11 10:47:00,NPP-375D,Mozambique,Sofala,Nhamatanda,,,,,2.4,-19.1081,34.47897
2026/02/11 10:47:00,NPP-375D,Mozambique,Sofala,Gorongosa,,,,,14.9,-18.61683,33.96744
2026/02/11 10:47:00,NPP-375D,Mozambique,Manica,Mossurize,,,,,11.4,-20.56493,32.85402
2026/02/11 10:47:00,NPP-375D,Mozambique,Tete,Mutarara,,,,,3.3,-17.6155,35.31759
2026/02/11 10:47:00,NPP-375D,Mozambique,Inhambane,Govuro,,,,,2.5,-21.2376,35.02678
2026/02/11 10:47:00,NPP-375D,Mozambique,Sofala,Gorongosa,,,,,14.9,-18.61642,33.97143
2026/02/11 10:47:00,NPP-375D,Mozambique,Manica,Sussundenga,,,,,3.6,-19.69452,33.38247
2026/02/11 10:47:00,NPP-375D,Mozambique,Sofala,Buzi,,,,,3.3,-19.67114,34.34638
2026/02/11 10:47:00,NPP-375D,Mozambique,Sofala,Gorongosa,,,,,24.6,-18.61959,33.96573
2026/02/11 10:47:00,NPP-375D,Mozambique,Tete,Mutarara,,,,,2.8,-17.61825,35.31693
2026/02/11 10:47:00,NPP-375D,Mozambique,Sofala,Nhamatanda,,,,,3.3,-19.11967,34.20385
2026/02/11 10:47:00,NPP-375D,Mozambique,Sofala,Caia,,,,,4.5,-17.45859,34.87847
2026/02/11 10:47:00,NPP-375D,Mozambique,Sofala,Gorongosa,,,,,24.6,-18.61919,33.96973
2026/02/11 10:47:00,NPP-375D,Mozambique,Inhambane,Vilanculos,,,,,2.7,-22.18147,35.28107
2026/02/11 10:47:00,NPP-375D,Mozambique,Manica,Sussundenga,,,,,4.0,-19.79885,33.26048
2026/02/11 10:47:00,NPP-375D,Mozambique,Sofala,Gorongosa,,,,,14.9,-18.62206,33.97185
2026/02/11 10:47:00,NPP-375D,Mozambique,Manica,Mossurize,,,,,16.8,-20.52746,32.85583
2026/02/11 12:23:00,NPP-375,Mozambique,Gaza,Bilene,,,,,12.2,-25.24478,33.17657
2026/02/11 12:25:00,NPP-375,Mozambique,Manica,Barue,,,,,6.0,-18.34596,33.29265
2026/02/11 12:25:00,NPP-375,Mozambique,Inhambane,Massinga,,,,,6.4,-23.07516,35.38226
2026/02/11 12:25:00,NPP-375,Mozambique,Sofala,Gorongosa,,,,,6.0,-18.59005,33.94841
2026/02/11 12:25:00,NPP-375,Mozambique,Manica,Barue,,,,,5.4,-18.3425,33.29296
2026/02/11 23:37:00,NPP-375,Mozambique,Manica,Sussundenga,,,,,1.3,-19.57038,32.87666
2026/02/12 10:25:00,NPP-375D,Mozambique,Inhambane,Vilanculos,,,,,6.4,-22.29842,35.5168
2026/02/12 10:25:00,NPP-375D,Mozambique,Inhambane,Vilanculos,,,,,5.8,-22.37672,35.3025
2026/02/12 10:25:00,NPP-375D,Mozambique,Inhambane,Vilanculos,,,,,5.4,-22.30108,35.51625
2026/02/12 10:28:00,NPP-375D,Mozambique,Sofala,Maringue,,,,,3.7,-17.6658,34.5356
2026/02/12 10:28:00,NPP-375D,Mozambique,Zambezia,Morrumbala,,,,,4.5,-17.44015,35.73035
2026/02/12 12:06:00,NPP-375,Mozambique,Inhambane,Zavala,,,,,1.3,-24.5424,34.56346
2026/02/12 12:06:00,NPP-375,Mozambique,Inhambane,Massinga,,,,,7.1,-23.04086,35.51554
2026/02/12 12:06:00,NPP-375,Mozambique,Inhambane,Vilanculos,,,,,3.9,-21.91068,35.20815
2026/02/12 12:06:00,NPP-375,Mozambique,Gaza,Xai-Xai,,,,,2.6,-24.91136,33.74868
2026/02/12 12:06:00,NPP-375,Mozambique,Inhambane,Massinga,,,,,2.1,-23.03837,35.51527
2026/02/12 12:06:00,NPP-375,Mozambique,Inhambane,Zavala,,,,,2.4,-24.67044,34.70137
2026/02/12 12:06:00,NPP-375,Mozambique,Inhambane,Massinga,,,,,3.0,-23.04394,35.51662
2026/02/12 12:06:00,NPP-375,Mozambique,Maputo,Manhiça,,,,,4.1,-25.35466,32.93154
2026/02/12 12:06:00,NPP-375,Mozambique,Inhambane,Panda,,,,,3.0,-23.85354,34.57394
2026/02/12 12:06:00,NPP-375,Mozambique,Inhambane,Massinga,,,,,2.6,-22.81127,35.43892
2026/02/12 12:08:00,NPP-375,Mozambique,Manica,Gondola,,,,,1.8,-19.03363,33.49716
2026/02/12 12:08:00,NPP-375,Mozambique,Sofala,Muanza,,,,,4.2,-19.14907,35.40748
2026/02/12 12:08:00,NPP-375,Mozambique,Inhambane,Vilanculos,,,,,4.4,-21.90878,35.20706
2026/02/12 12:08:00,NPP-375,Mozambique,Manica,Sussundenga,,,,,2.5,-19.5163,33.35682
2026/02/12 12:08:00,NPP-375,Mozambique,Sofala,Gorongosa,,,,,11.0,-18.50595,33.91301
2026/02/12 12:08:00,NPP-375,Mozambique,Zambezia,Milange,,,,,4.3,-16.47057,35.52555
2026/02/12 12:08:00,NPP-375,Mozambique,Sofala,Gorongosa,,,,,19.8,-18.50233,33.91293
2026/02/12 12:08:00,NPP-375,Mozambique,Manica,Mossurize,,,,,2.6,-20.1472,32.8946
2026/02/12 12:08:00,NPP-375,Mozambique,Inhambane,Inhassoro,,,,,4.3,-21.80489,35.18466
2026/02/12 12:08:00,NPP-375,Mozambique,Sofala,Cheringoma,,,,,3.8,-18.44515,34.68926
2026/02/12 12:08:00,NPP-375,Mozambique,Sofala,Nhamatanda,,,,,5.4,-19.64264,34.2334
2026/02/12 12:08:00,NPP-375,Mozambique,Sofala,Cheringoma,,,,,2.5,-18.5408,34.72049
2026/02/12 12:08:00,NPP-375,Mozambique,Sofala,Buzi,,,,,1.4,-19.6791,34.29881
2026/02/12 12:08:00,NPP-375,Mozambique,Sofala,Gorongosa,,,,,13.7,-18.50316,33.90897
2026/02/12 12:08:00,NPP-375,Mozambique,Sofala,Gorongosa,,,,,3.0,-18.7604,34.14419
2026/02/12 12:08:00,NPP-375,Mozambique,Manica,Macossa,,,,,4.1,-17.78577,33.38732
2026/02/12 12:08:00,NPP-375,Mozambique,Sofala,Cheringoma,,,,,3.6,-18.47528,34.76877
2026/02/12 12:08:00,NPP-375,Mozambique,Manica,Mossurize,,,,,7.1,-20.56964,32.63234
2026/02/12 12:08:00,NPP-375,Mozambique,Zambezia,Milange,,,,,5.0,-16.51049,35.92402
2026/02/12 12:08:00,NPP-375,Mozambique,Sofala,Nhamatanda,,,,,5.1,-19.12651,34.18447
2026/02/12 12:08:00,NPP-375,Mozambique,Sofala,Cheringoma,,,,,2.7,-18.53885,34.72081
2026/02/12 12:08:00,NPP-375,Mozambique,Zambezia,Morrumbala,,,,,5.6,-16.55697,35.55581
2026/02/12 12:08:00,NPP-375,Mozambique,Sofala,Buzi,,,,,2.5,-19.77337,34.22969
2026/02/12 12:08:00,NPP-375,Mozambique,Zambezia,Morrumbala,,,,,7.2,-17.45245,35.81357
2026/02/12 12:08:00,NPP-375,Mozambique,Manica,Mossurize,,,,,4.0,-20.14653,32.89778
2026/02/12 12:08:00,NPP-375,Mozambique,Sofala,Gorongosa,,,,,5.5,-18.50129,33.90774
2026/02/12 12:08:00,NPP-375,Mozambique,Zambezia,Morrumbala,,,,,8.6,-17.45101,35.8143
2026/02/12 12:08:00,NPP-375,Mozambique,Sofala,Muanza,,,,,8.3,-19.1537,35.40733
2026/02/12 12:08:00,NPP-375,Mozambique,Inhambane,Inhassoro,,,,,4.4,-21.80177,35.18421
2026/02/12 12:08:00,NPP-375,Mozambique,Sofala,Gorongosa,,,,,5.5,-18.50681,33.90907
2026/02/12 12:08:00,NPP-375,Mozambique,Sofala,Cheringoma,,,,,1.8,-18.4498,34.69029
2026/02/12 12:08:00,NPP-375,Mozambique,Manica,Mossurize,,,,,2.0,-20.17853,32.97183
2026/02/12 12:08:00,NPP-375,Mozambique,Sofala,Nhamatanda,,,,,4.8,-19.64108,34.23346
2026/02/12 12:08:00,NPP-375,Mozambique,Zambezia,Mopeia,,,,,3.3,-17.64206,35.40302
2026/02/12 12:08:00,NPP-375,Mozambique,Inhambane,Inhassoro,,,,,3.7,-21.62339,35.19378
2026/02/12 12:08:00,NPP-375,Mozambique,Sofala,Nhamatanda,,,,,1.6,-19.0158,34.04272
2026/02/12 12:08:00,NPP-375,Mozambique,Sofala,Nhamatanda,,,,,4.2,-19.5734,34.20498
2026/02/12 12:08:00,NPP-375,Mozambique,Sofala,Gorongosa,,,,,11.0,-18.50043,33.91167
2026/02/12 12:08:00,NPP-375,Mozambique,Sofala,Nhamatanda,,,,,3.5,-19.48644,34.0537
2026/02/12 12:08:00,NPP-375,Mozambique,Manica,Gondola,,,,,1.7,-18.85617,33.82607
2026/02/12 12:08:00,NPP-375,Mozambique,Manica,Mossurize,,,,,4.0,-20.29019,32.90555
2026/02/12 12:08:00,NPP-375,Mozambique,Tete,Mutarara,,,,,2.1,-17.53815,35.15149
2026/02/12 12:08:00,NPP-375,Mozambique,Sofala,Cheringoma,,,,,1.5,-18.44398,34.689
2026/02/12 12:08:00,NPP-375,Mozambique,Sofala,Maringue,,,,,2.7,-17.92474,34.65287
2026/02/12 12:08:00,NPP-375,Mozambique,Manica,Gondola,,,,,1.8,-19.40984,33.45237
2026/02/12 23:18:00,NPP-375,Mozambique,Tete,Moatize,,,,,1.3,-16.20993,33.84114
2026/02/12 23:18:00,NPP-375,Mozambique,Tete,Changara,,,,,0.5,-15.88955,33.02493
2026/02/12 23:18:00,NPP-375,Mozambique,Tete,Moatize,,,,,3.1,-16.12967,33.77032
2026/02/12 23:18:00,NPP-375,Mozambique,Tete,Moatize,,,,,1.7,-16.19844,33.83848
2026/02/12 23:18:00,NPP-375,Mozambique,Tete,Moatize,,,,,2.6,-16.1333,33.71769
2026/02/12 23:18:00,NPP-375,Mozambique,Tete,Moatize,,,,,2.8,-16.12882,33.76845
2026/02/12 23:18:00,NPP-375,Mozambique,Tete,Moatize,,,,,1.4,-16.1339,33.72192
2026/02/12 23:18:00,NPP-375,Mozambique,Tete,Moatize,,,,,1.6,-16.12038,33.7611
2026/02/12 23:18:00,NPP-375,Mozambique,Tete,Moatize,,,,,1.6,-16.11976,33.75687
2026/02/12 23:20:00,NPP-375,Mozambique,Inhambane,Inhassoro,,,,,0.9,-21.74966,35.0605
2026/02/13 11:46:00,NPP-375D,Mozambique,Maputo,Matutuíne,,,,,4.8,-26.18578,32.46967
2026/02/13 11:46:00,NPP-375D,Mozambique,Maputo,Matutuíne,,,,,11.7,-26.18923,32.47037
2026/02/13 11:46:00,NPP-375D,Mozambique,Maputo,Matutuíne,,,,,4.4,-26.83269,32.75513
2026/02/13 11:46:00,NPP-375D,Mozambique,Maputo,Matutuíne,,,,,2.4,-26.07542,32.56396
2026/02/13 11:49:00,NPP-375D,Mozambique,Manica,Sussundenga,,,,,5.5,-19.67951,33.37056
2026/02/13 11:49:00,NPP-375D,Mozambique,Manica,Sussundenga,,,,,4.2,-19.63677,33.40765
2026/02/13 11:49:00,NPP-375D,Mozambique,Gaza,Xai-Xai,,,,,3.6,-24.99633,33.88372
2026/02/13 11:49:00,NPP-375D,Mozambique,Manica,Mossurize,,,,,6.7,-20.34757,32.9163
2026/02/13 11:49:00,NPP-375D,Mozambique,Sofala,Nhamatanda,,,,,4.5,-19.60742,34.24061
2026/02/13 11:49:00,NPP-375D,Mozambique,Manica,Mossurize,,,,,8.6,-20.26757,32.93253
2026/02/13 11:49:00,NPP-375D,Mozambique,Manica,Sussundenga,,,,,4.2,-19.59451,33.35059
2026/02/13 11:49:00,NPP-375D,Mozambique,Manica,Mossurize,,,,,2.0,-20.37263,32.97312
2026/02/13 11:49:00,NPP-375D,Mozambique,Manica,Sussundenga,,,,,9.3,-19.98423,33.08531
2026/02/13 11:49:00,NPP-375D,Mozambique,Gaza,Xai-Xai,,,,,2.3,-25.13351,33.42606
2026/02/13 11:49:00,NPP-375D,Mozambique,Manica,Mossurize,,,,,4.4,-20.48627,32.8125
2026/02/13 11:49:00,NPP-375D,Mozambique,Manica,Mossurize,,,,,4.4,-20.2699,32.93642
2026/02/13 11:49:00,NPP-375D,Mozambique,Manica,Mossurize,,,,,2.9,-20.39919,32.90969
2026/02/13 11:49:00,NPP-375D,Mozambique,Manica,Sussundenga,,,,,6.3,-19.61987,33.36667
2026/02/13 11:49:00,NPP-375D,Mozambique,Manica,Mossurize,,,,,3.3,-20.42104,32.8746
2026/02/13 11:49:00,NPP-375D,Mozambique,Manica,Mossurize,,,,,6.0,-20.22523,32.9293
2026/02/13 11:49:00,NPP-375D,Mozambique,Sofala,Buzi,,,,,4.6,-19.77582,34.31924
2026/02/13 11:49:00,NPP-375D,Mozambique,Maputo,Manhiça,,,,,3.3,-25.4153,33.03779
2026/02/13 11:49:00,NPP-375D,Mozambique,Manica,Mossurize,,,,,3.1,-20.23676,32.88638
2026/02/13 11:49:00,NPP-375D,Mozambique,Gaza,Bilene,,,,,3.1,-25.25385,33.1694
2026/02/13 11:49:00,NPP-375D,Mozambique,Manica,Mossurize,,,,,2.3,-20.55406,32.84499
2026/02/13 11:49:00,NPP-375D,Mozambique,Manica,Mossurize,,,,,1.7,-20.54045,32.81301
2026/02/13 11:49:00,NPP-375D,Mozambique,Manica,Mossurize,,,,,3.5,-20.30458,32.91719
2026/02/13 11:49:00,NPP-375D,Mozambique,Sofala,Nhamatanda,,,,,3.2,-19.60897,34.24137
2026/02/13 11:49:00,NPP-375D,Mozambique,Manica,Sussundenga,,,,,9.3,-19.98042,33.08451
2026/02/13 11:49:00,NPP-375D,Mozambique,Gaza,Massingir,,,,,17.7,-23.87054,32.04364
2026/02/13 11:49:00,NPP-375D,Mozambique,Sofala,Muanza,,,,,5.0,-19.13135,35.03052
2026/02/13 11:49:00,NPP-375D,Mozambique,Sofala,Buzi,,,,,3.6,-19.70829,34.25745
2026/02/13 11:49:00,NPP-375D,Mozambique,Sofala,Nhamatanda,,,,,2.9,-19.5239,34.27636
2026/02/13 11:49:00,NPP-375D,Mozambique,Manica,Sussundenga,,,,,8.8,-19.82335,33.24196
2026/02/13 11:49:00,NPP-375D,Mozambique,Sofala,Muanza,,,,,2.6,-19.13222,35.0261
2026/02/13 11:49:00,NPP-375D,Mozambique,Manica,Mossurize,,,,,4.0,-20.62613,32.78623
2026/02/13 11:49:00,NPP-375D,Mozambique,Manica,Mossurize,,,,,7.1,-20.39598,32.9064
2026/02/13 11:49:00,NPP-375D,Mozambique,Manica,Mossurize,,,,,3.9,-20.33435,32.90311
2026/02/13 11:49:00,NPP-375D,Mozambique,Manica,Mossurize,,,,,3.5,-20.52298,32.82426
2026/02/13 11:49:00,NPP-375D,Mozambique,Manica,Mossurize,,,,,5.8,-20.36459,32.93013
2026/02/13 11:49:00,NPP-375D,Mozambique,Sofala,Buzi,,,,,4.6,-19.70992,34.26099
2026/02/13 11:49:00,NPP-375D,Mozambique,Manica,Sussundenga,,,,,3.2,-19.95018,33.2086
2026/02/13 11:49:00,NPP-375D,Mozambique,Manica,Gondola,,,,,3.5,-19.49514,33.4802
2026/02/13 11:49:00,NPP-375D,Mozambique,Sofala,Muanza,,,,,4.3,-19.16103,35.39933
2026/02/13 11:49:00,NPP-375D,Mozambique,Sofala,Muanza,,,,,8.1,-19.16015,35.40398
2026/02/13 11:49:00,NPP-375D,Mozambique,Manica,Mossurize,,,,,3.9,-20.39636,32.90384
2026/02/13 11:49:00,NPP-375D,Mozambique,Manica,Mossurize,,,,,3.9,-20.39546,32.90879
2026/02/13 11:49:00,NPP-375D,Mozambique,Gaza,Chicualacuala,,,,,3.1,-22.03764,31.86988
2026/02/13 11:49:00,NPP-375D,Mozambique,Maputo,Manhiça,,,,,3.9,-25.41884,33.03853
2026/02/13 11:49:00,NPP-375D,Mozambique,Gaza,Bilene,,,,,5.9,-25.25227,33.17832
2026/02/13 11:49:00,NPP-375D,Mozambique,Sofala,Muanza,,,,,5.6,-19.16111,35.408
2026/02/13 11:49:00,NPP-375D,Mozambique,Maputo City,Maputo,,,,,4.4,-25.91215,32.61308
2026/02/13 11:49:00,NPP-375D,Mozambique,Manica,Mossurize,,,,,5.6,-20.50985,32.78805
2026/02/13 11:49:00,NPP-375D,Mozambique,Gaza,Chicualacuala,,,,,4.1,-22.04043,31.87477
2026/02/13 11:49:00,NPP-375D,Mozambique,Manica,Mossurize,,,,,4.2,-20.62743,32.78468
2026/02/13 11:49:00,NPP-375D,Mozambique,Sofala,Muanza,,,,,5.6,-19.16202,35.40336
2026/02/13 11:49:00,NPP-375D,Mozambique,Manica,Gondola,,,,,2.3,-19.52115,33.57299
2026/02/13 11:49:00,NPP-375D,Mozambique,Sofala,Buzi,,,,,4.6,-19.7751,34.32312
2026/02/13 11:49:00,NPP-375D,Mozambique,Manica,Mossurize,,,,,4.8,-20.47626,32.82549
2026/02/13 11:49:00,NPP-375D,Mozambique,Sofala,Muanza,,,,,6.3,-19.15569,35.40303
2026/02/13 11:49:00,NPP-375D,Mozambique,Gaza,Xai-Xai,,,,,2.5,-24.99446,33.88136
2026/02/13 11:49:00,NPP-375D,Mozambique,Sofala,Buzi,,,,,2.1,-19.77844,34.25912
2026/02/13 11:51:00,NPP-375D,Mozambique,Sofala,Gorongosa,,,,,3.3,-18.96502,34.1536
2026/02/13 11:51:00,NPP-375D,Mozambique,Zambezia,Morrumbala,,,,,3.9,-17.44739,35.80867
2026/02/13 11:51:00,NPP-375D,Mozambique,Zambezia,Mocuba,,,,,6.2,-16.77725,36.41511
2026/02/13 11:51:00,NPP-375D,Mozambique,Sofala,Nhamatanda,,,,,1.7,-19.20316,34.31664
2026/02/13 11:51:00,NPP-375D,Mozambique,Zambezia,Chinde,,,,,6.9,-18.64135,36.12812
2026/02/13 11:51:00,NPP-375D,Mozambique,Manica,Barue,,,,,4.0,-18.0512,33.32099
2026/02/13 11:51:00,NPP-375D,Mozambique,Sofala,Gorongosa,,,,,2.9,-18.42664,34.5954
2026/02/13 11:51:00,NPP-375D,Mozambique,Zambezia,Morrumbala,,,,,3.1,-17.14582,35.75574
2026/02/13 11:51:00,NPP-375D,Mozambique,Zambezia,Mocuba,,,,,5.8,-16.73291,36.42982
2026/02/13 11:51:00,NPP-375D,Mozambique,Zambezia,Morrumbala,,,,,5.6,-16.51766,35.52229
2026/02/13 11:51:00,NPP-375D,Mozambique,Sofala,Gorongosa,,,,,3.0,-18.47252,34.02332
2026/02/13 11:51:00,NPP-375D,Mozambique,Sofala,Marromeu,,,,,3.1,-18.78802,36.13498
2026/02/13 11:51:00,NPP-375D,Mozambique,Sofala,Gorongosa,,,,,4.1,-18.64279,34.59964
2026/02/13 11:51:00,NPP-375D,Mozambique,Sofala,Marromeu,,,,,4.3,-18.30659,35.67229
2026/02/13 11:51:00,NPP-375D,Mozambique,Sofala,Nhamatanda,,,,,3.8,-19.11821,34.35381
2026/02/13 11:51:00,NPP-375D,Mozambique,Sofala,Gorongosa,,,,,3.8,-18.96406,34.15297
2026/02/13 11:51:00,NPP-375D,Mozambique,Zambezia,Morrumbala,,,,,4.4,-16.56151,35.36835
2026/02/13 11:51:00,NPP-375D,Mozambique,Sofala,Nhamatanda,,,,,5.3,-19.03764,34.34177
2026/02/13 11:51:00,NPP-375D,Mozambique,Manica,Barue,,,,,2.8,-18.20224,33.26978
2026/02/13 11:51:00,NPP-375D,Mozambique,Sofala,Muanza,,,,,4.3,-19.131,35.03127
2026/02/13 11:51:00,NPP-375D,Mozambique,Manica,Tambara,,,,,2.7,-16.77618,34.18998
2026/02/13 11:51:00,NPP-375D,Mozambique,Sofala,Maringue,,,,,4.0,-18.09194,34.59522
2026/02/13 11:51:00,NPP-375D,Mozambique,Sofala,Muanza,,,,,4.2,-18.98618,35.52527
2026/02/13 11:51:00,NPP-375D,Mozambique,Sofala,Muanza,,,,,2.9,-19.13183,35.02684
2026/02/13 11:51:00,NPP-375D,Mozambique,Zambezia,Morrumbala,,,,,10.7,-17.45177,35.80811
2026/02/13 11:51:00,NPP-375D,Mozambique,Sofala,Gorongosa,,,,,4.0,-18.45817,34.09981
2026/02/13 11:51:00,NPP-375D,Mozambique,Sofala,Marromeu,,,,,11.4,-18.30562,35.67726
2026/02/13 11:51:00,NPP-375D,Mozambique,Zambezia,Morrumbala,,,,,4.0,-17.14567,35.75402
2026/02/13 11:51:00,NPP-375D,Mozambique,Sofala,Nhamatanda,,,,,8.1,-19.14756,34.35913
2026/02/13 11:51:00,NPP-375D,Mozambique,Sofala,Nhamatanda,,,,,3.4,-19.03817,34.34159
2026/02/13 11:51:00,NPP-375D,Mozambique,Sofala,Cheringoma,,,,,1.8,-18.47372,34.7069
2026/02/13 11:51:00,NPP-375D,Mozambique,Zambezia,Mopeia,,,,,4.1,-17.53797,35.89734
2026/02/13 11:51:00,NPP-375D,Mozambique,Zambezia,Morrumbala,,,,,3.9,-17.45209,35.80971
2026/02/13 11:51:00,NPP-375D,Mozambique,Sofala,Gorongosa,,,,,4.1,-18.65239,33.98312
2026/02/13 11:51:00,NPP-375D,Mozambique,Manica,Gondola,,,,,3.2,-19.20168,33.6737
2026/02/13 11:51:00,NPP-375D,Mozambique,Sofala,Nhamatanda,,,,,3.1,-19.16046,34.33685
2026/02/13 11:51:00,NPP-375D,Mozambique,Sofala,Cheringoma,,,,,4.3,-18.80947,35.43736
2026/02/13 11:51:00,NPP-375D,Mozambique,Zambezia,Morrumbala,,,,,4.3,-16.56262,35.37113
2026/02/13 11:51:00,NPP-375D,Mozambique,Zambezia,Morrumbala,,,,,4.0,-17.17295,35.71548
2026/02/13 11:51:00,NPP-375D,Mozambique,Zambezia,Morrumbala,,,,,7.1,-17.45041,35.76426
2026/02/13 11:51:00,NPP-375D,Mozambique,Sofala,Nhamatanda,,,,,7.7,-19.10002,34.35843
2026/02/13 11:51:00,NPP-375D,Mozambique,Sofala,Nhamatanda,,,,,1.6,-19.07573,34.34927
2026/02/13 11:51:00,NPP-375D,Mozambique,Zambezia,Mopeia,,,,,4.9,-17.76101,35.86587
2026/02/13 11:51:00,NPP-375D,Mozambique,Sofala,Cheringoma,,,,,6.1,-18.95597,35.82773
2026/02/13 11:51:00,NPP-375D,Mozambique,Sofala,Nhamatanda,,,,,7.4,-19.14679,34.36314
2026/02/13 11:51:00,NPP-375D,Mozambique,Manica,Manica,,,,,3.2,-18.99896,33.19874
2026/02/13 11:51:00,NPP-375D,Mozambique,Tete,Mutarara,,,,,4.1,-16.90168,34.7896
2026/02/13 11:51:00,NPP-375D,Mozambique,Manica,Gondola,,,,,3.9,-18.82654,33.64617
2026/02/13 11:51:00,NPP-375D,Mozambique,Sofala,Gorongosa,,,,,5.0,-18.40733,33.97258
2026/02/13 11:51:00,NPP-375D,Mozambique,Zambezia,Mopeia,,,,,5.1,-17.70744,35.45461
2026/02/13 11:51:00,NPP-375D,Mozambique,Sofala,Cheringoma,,,,,2.5,-18.45543,34.68535
2026/02/13 11:51:00,NPP-375D,Mozambique,Sofala,Nhamatanda,,,,,7.9,-19.14741,34.35983
2026/02/13 11:51:00,NPP-375D,Mozambique,Zambezia,Mopeia,,,,,3.4,-17.53783,35.89947
2026/02/13 11:51:00,NPP-375D,Mozambique,Sofala,Gorongosa,,,,,2.3,-18.52104,34.08565
2026/02/13 11:51:00,NPP-375D,Mozambique,Sofala,Nhamatanda,,,,,3.6,-19.12238,34.35467
2026/02/13 11:51:00,NPP-375D,Mozambique,Sofala,Cheringoma,,,,,3.3,-18.88146,35.36287
2026/02/13 11:51:00,NPP-375D,Mozambique,Sofala,Gorongosa,,,,,3.4,-18.62466,34.18131
2026/02/13 11:51:00,NPP-375D,Mozambique,Sofala,Nhamatanda,,,,,3.1,-19.20719,34.27216
2026/02/13 22:58:00,NPP-375,Mozambique,Tete,Moatize,,,,,1.4,-16.19969,33.84258
2026/02/13 22:58:00,NPP-375,Mozambique,Tete,Moatize,,,,,1.0,-16.20988,33.84075
2026/02/13 22:58:00,NPP-375,Mozambique,Tete,Moatize,,,,,0.8,-16.12805,33.76909
2026/02/13 22:58:00,NPP-375,Mozambique,Tete,Moatize,,,,,1.7,-16.11997,33.7627
2026/02/13 22:58:00,NPP-375,Mozambique,Tete,Moatize,,,,,2.3,-16.12338,33.76209
2026/02/13 22:58:00,NPP-375,Mozambique,Tete,Moatize,,,,,1.9,-16.11934,33.7589
2026/02/13 22:58:00,NPP-375,Mozambique,Tete,Moatize,,,,,1.8,-16.19906,33.83881
2026/02/13 23:01:00,NPP-375,Mozambique,Gaza,Massingir,,,,,1.8,-23.86887,32.04132
2026/02/13 23:01:00,NPP-375,Mozambique,Maputo,Matutuíne,,,,,0.8,-26.39295,32.65384
2026/02/13 23:01:00,NPP-375,Mozambique,Gaza,Massingir,,,,,1.9,-23.86952,32.04523
2026/02/13 23:01:00,NPP-375,Mozambique,Gaza,Massingir,,,,,2.1,-23.87291,32.04455
2026/02/13 23:01:00,NPP-375,Mozambique,Gaza,Mandlakazi,,,,,0.7,-24.57666,34.39678
2026/02/13 23:01:00,NPP-375,Mozambique,Gaza,Massingir,,,,,1.8,-23.87225,32.04064
2026/02/14 11:29:00,NPP-375D,Mozambique,Manica,Macossa,,,,,1.8,-17.59169,34.00925
2026/02/14 11:29:00,NPP-375D,Mozambique,Tete,Mutarara,,,,,1.7,-17.20979,35.09948
2026/02/14 11:29:00,NPP-375D,Mozambique,Zambezia,Morrumbala,,,,,2.1,-16.75263,36.20171
2026/02/14 11:29:00,NPP-375D,Mozambique,Zambezia,Morrumbala,,,,,4.6,-16.52728,35.50786
2026/02/14 11:29:00,NPP-375D,Mozambique,Zambezia,Morrumbala,,,,,0.9,-17.24716,35.71836
2026/02/14 11:29:00,NPP-375D,Mozambique,Zambezia,Morrumbala,,,,,3.0,-17.40708,35.78207
2026/02/14 11:29:00,NPP-375D,Mozambique,Zambezia,Morrumbala,,,,,2.3,-17.30548,35.69864
2026/02/14 11:29:00,NPP-375D,Mozambique,Zambezia,Morrumbala,,,,,6.6,-16.61866,36.04766
2026/02/14 11:29:00,NPP-375D,Mozambique,Sofala,Dondo,,,,,2.9,-19.50173,35.10368
2026/02/14 11:29:00,NPP-375D,Mozambique,Zambezia,Morrumbala,,,,,3.5,-16.95967,35.34649
2026/02/14 11:29:00,NPP-375D,Mozambique,Manica,Macossa,,,,,4.8,-17.9605,34.131
2026/02/14 11:29:00,NPP-375D,Mozambique,Zambezia,Morrumbala,,,,,3.4,-16.53383,35.55585
2026/02/14 11:29:00,NPP-375D,Mozambique,Sofala,Muanza,,,,,1.6,-19.12187,35.11956
2026/02/14 11:29:00,NPP-375D,Mozambique,Zambezia,Mopeia,,,,,7.6,-17.68318,35.55756
2026/02/14 11:29:00,NPP-375D,Mozambique,Sofala,Gorongosa,,,,,4.7,-18.55172,33.85821
2026/02/14 11:29:00,NPP-375D,Mozambique,Zambezia,Morrumbala,,,,,1.0,-17.56492,35.76245
2026/02/14 11:29:00,NPP-375D,Mozambique,Sofala,Marromeu,,,,,3.4,-18.6512,36.0759
2026/02/14 11:29:00,NPP-375D,Mozambique,Sofala,Gorongosa,,,,,2.6,-18.39986,34.13498
2026/02/14 11:29:00,NPP-375D,Mozambique,Sofala,Caia,,,,,3.8,-18.17032,34.90597
2026/02/14 11:29:00,NPP-375D,Mozambique,Manica,Macossa,,,,,4.4,-18.13017,33.55499
2026/02/14 11:29:00,NPP-375D,Mozambique,Sofala,Gorongosa,,,,,6.0,-18.45947,34.48121
2026/02/14 11:29:00,NPP-375D,Mozambique,Zambezia,Mopeia,,,,,1.5,-17.73344,35.68878
2026/02/14 11:29:00,NPP-375D,Mozambique,Tete,Mutarara,,,,,1.2,-17.52936,35.19761
2026/02/14 11:29:00,NPP-375D,Mozambique,Zambezia,Morrumbala,,,,,3.3,-16.56511,35.21929
2026/02/14 11:29:00,NPP-375D,Mozambique,Sofala,Marromeu,,,,,4.7,-17.91441,35.44723
2026/02/14 11:29:00,NPP-375D,Mozambique,Sofala,Cheringoma,,,,,2.6,-18.95445,35.80067
2026/02/14 11:29:00,NPP-375D,Mozambique,Sofala,Gorongosa,,,,,7.5,-18.55005,34.61406
2026/02/14 11:29:00,NPP-375D,Mozambique,Sofala,Maringue,,,,,1.9,-18.35483,34.65408
2026/02/14 11:29:00,NPP-375D,Mozambique,Sofala,Nhamatanda,,,,,11.3,-19.0791,34.14507
2026/02/14 11:29:00,NPP-375D,Mozambique,Manica,Gondola,,,,,5.5,-18.92765,33.77325
2026/02/14 11:29:00,NPP-375D,Mozambique,Manica,Sussundenga,,,,,1.4,-19.59337,33.51238
2026/02/14 11:29:00,NPP-375D,Mozambique,Sofala,Muanza,,,,,2.2,-19.28604,35.18051
2026/02/14 11:29:00,NPP-375D,Mozambique,Zambezia,Morrumbala,,,,,7.0,-17.45543,35.4493
2026/02/14 11:29:00,NPP-375D,Mozambique,Zambezia,Mopeia,,,,,7.4,-17.66203,35.707
2026/02/14 11:29:00,NPP-375D,Mozambique,Zambezia,Morrumbala,,,,,3.2,-16.73508,35.66913
2026/02/14 11:29:00,NPP-375D,Mozambique,Sofala,Maringue,,,,,2.3,-18.20631,34.79316
2026/02/14 11:29:00,NPP-375D,Mozambique,Sofala,Muanza,,,,,3.7,-19.15336,35.51849
2026/02/14 11:29:00,NPP-375D,Mozambique,Zambezia,Morrumbala,,,,,4.0,-16.80478,36.1838
2026/02/14 11:29:00,NPP-375D,Mozambique,Zambezia,Morrumbala,,,,,2.7,-16.86371,35.38019
2026/02/14 11:29:00,NPP-375D,Mozambique,Zambezia,Morrumbala,,,,,2.9,-17.25132,36.1077
2026/02/14 11:29:00,NPP-375D,Mozambique,Manica,Mossurize,,,,,3.4,-20.35089,32.99699
2026/02/14 11:29:00,NPP-375D,Mozambique,Zambezia,Morrumbala,,,,,2.0,-16.71823,35.58498
2026/02/14 11:29:00,NPP-375D,Mozambique,Zambezia,Morrumbala,,,,,1.5,-17.46725,35.55268
2026/02/14 11:29:00,NPP-375D,Mozambique,Sofala,Maringue,,,,,2.6,-17.76732,34.61311
2026/02/14 11:29:00,NPP-375D,Mozambique,Zambezia,Morrumbala,,,,,3.7,-16.75463,36.12457
2026/02/14 11:29:00,NPP-375D,Mozambique,Zambezia,Morrumbala,,,,,8.4,-17.18931,35.83125
2026/02/14 11:29:00,NPP-375D,Mozambique,Sofala,Gorongosa,,,,,2.2,-18.76004,33.91026
2026/02/14 11:29:00,NPP-375D,Mozambique,Zambezia,Morrumbala,,,,,2.4,-17.626,35.74773
2026/02/14 11:29:00,NPP-375D,Mozambique,Sofala,Cheringoma,,,,,6.6,-18.49826,34.67528
2026/02/14 11:29:00,NPP-375D,Mozambique,Sofala,Nhamatanda,,,,,2.1,-19.07181,34.14761
2026/02/14 11:29:00,NPP-375D,Mozambique,Zambezia,Morrumbala,,,,,1.7,-17.1504,35.56978
2026/02/14 11:29:00,NPP-375D,Mozambique,Zambezia,Morrumbala,,,,,4.2,-17.18484,35.6395
2026/02/14 11:29:00,NPP-375D,Mozambique,Sofala,Nhamatanda,,,,,3.8,-19.10249,34.31024
2026/02/14 11:29:00,NPP-375D,Mozambique,Sofala,Nhamatanda,,,,,2.7,-19.14365,34.46374
2026/02/14 11:29:00,NPP-375D,Mozambique,Zambezia,Morrumbala,,,,,16.4,-17.60151,35.52569
2026/02/14 11:29:00,NPP-375D,Mozambique,Sofala,Cheringoma,,,,,2.5,-18.4508,34.72961
2026/02/14 11:29:00,NPP-375D,Mozambique,Zambezia,Milange,,,,,4.1,-16.44521,36.05316
2026/02/14 11:29:00,NPP-375D,Mozambique,Sofala,Dondo,,,,,3.5,-19.50918,35.10105
2026/02/14 11:29:00,NPP-375D,Mozambique,Manica,Guro,,,,,3.1,-16.52641,33.87899
2026/02/14 11:29:00,NPP-375D,Mozambique,Sofala,Gorongosa,,,,,5.3,-18.40665,34.5266
2026/02/14 11:29:00,NPP-375D,Mozambique,Sofala,Nhamatanda,,,,,5.7,-19.10204,34.21784
2026/02/14 11:29:00,NPP-375D,Mozambique,Sofala,Gorongosa,,,,,2.5,-18.50451,34.1999
2026/02/14 11:29:00,NPP-375D,Mozambique,Manica,Macossa,,,,,2.4,-17.7258,33.97575
2026/02/14 11:29:00,NPP-375D,Mozambique,Manica,Sussundenga,,,,,4.6,-19.49485,33.38244
2026/02/14 11:29:00,NPP-375D,Mozambique,Zambezia,Morrumbala,,,,,6.4,-16.56409,35.22772
2026/02/14 11:29:00,NPP-375D,Mozambique,Zambezia,Morrumbala,,,,,2.3,-17.04189,35.5253
2026/02/14 11:29:00,NPP-375D,Mozambique,Sofala,Dondo,,,,,2.9,-19.50577,35.10043
2026/02/14 11:29:00,NPP-375D,Mozambique,Manica,Gondola,,,,,1.0,-19.20313,33.71613
2026/02/14 11:29:00,NPP-375D,Mozambique,Zambezia,Morrumbala,,,,,4.5,-17.48825,35.64102
2026/02/14 11:29:00,NPP-375D,Mozambique,Sofala,Caia,,,,,5.8,-18.13903,34.88834
2026/02/14 11:29:00,NPP-375D,Mozambique,Sofala,Buzi,,,,,22.3,-19.71678,34.19671
2026/02/14 11:29:00,NPP-375D,Mozambique,Sofala,Gorongosa,,,,,3.6,-18.61204,33.933
2026/02/14 11:29:00,NPP-375D,Mozambique,Sofala,Caia,,,,,4.4,-18.13799,34.88826
2026/02/14 11:29:00,NPP-375D,Mozambique,Sofala,Gorongosa,,,,,4.1,-18.3584,34.54531
2026/02/14 11:29:00,NPP-375D,Mozambique,Sofala,Maringue,,,,,4.0,-18.32118,34.58163
2026/02/14 11:29:00,NPP-375D,Mozambique,Zambezia,Mopeia,,,,,4.0,-17.83852,35.51292
2026/02/14 11:29:00,NPP-375D,Mozambique,Tete,Mutarara,,,,,8.0,-16.66094,34.17436
2026/02/14 11:29:00,NPP-375D,Mozambique,Sofala,Dondo,,,,,2.9,-19.50236,35.09981
2026/02/14 11:29:00,NPP-375D,Mozambique,Zambezia,Morrumbala,,,,,3.9,-17.17206,35.91182
2026/02/14 11:29:00,NPP-375D,Mozambique,Zambezia,Morrumbala,,,,,3.0,-17.42735,35.61752
2026/02/14 11:29:00,NPP-375D,Mozambique,Sofala,Dondo,,,,,5.0,-19.49895,35.09919
2026/02/14 11:29:00,NPP-375D,Mozambique,Zambezia,Morrumbala,,,,,4.8,-17.0584,35.92229
2026/02/14 11:29:00,NPP-375D,Mozambique,Sofala,Muanza,,,,,2.4,-19.14303,35.1194
2026/02/14 11:29:00,NPP-375D,Mozambique,Manica,Gondola,,,,,4.1,-19.22388,33.67067
2026/02/14 11:29:00,NPP-375D,Mozambique,Zambezia,Morrumbala,,,,,3.2,-16.57628,35.34712
2026/02/14 11:29:00,NPP-375D,Mozambique,Sofala,Muanza,,,,,1.2,-19.36832,35.15133
2026/02/14 11:29:00,NPP-375D,Mozambique,Sofala,Marromeu,,,,,6.9,-18.65261,36.08926
2026/02/14 11:29:00,NPP-375D,Mozambique,Zambezia,Morrumbala,,,,,7.0,-17.4561,35.44524
2026/02/14 11:29:00,NPP-375D,Mozambique,Zambezia,Milange,,,,,2.0,-16.54244,35.57007
2026/02/14 11:29:00,NPP-375D,Mozambique,Sofala,Gorongosa,,,,,3.0,-18.58311,33.92043
2026/02/14 11:29:00,NPP-375D,Mozambique,Sofala,Nhamatanda,,,,,6.0,-19.13607,34.18602
2026/02/14 11:29:00,NPP-375D,Mozambique,Zambezia,Morrumbala,,,,,4.7,-16.67141,35.64558
2026/02/14 11:29:00,NPP-375D,Mozambique,Sofala,Chibabava,,,,,2.2,-19.94844,33.88001
2026/02/14 11:29:00,NPP-375D,Mozambique,Zambezia,Morrumbala,,,,,3.9,-17.49218,35.48966
2026/02/14 11:29:00,NPP-375D,Mozambique,Zambezia,Mopeia,,,,,2.6,-17.69289,35.4334
2026/02/14 11:29:00,NPP-375D,Mozambique,Zambezia,Morrumbala,,,,,1.5,-16.69647,35.49563
2026/02/14 11:29:00,NPP-375D,Mozambique,Manica,Macossa,,,,,2.8,-17.86381,34.18759
2026/02/14 11:29:00,NPP-375D,Mozambique,Sofala,Gorongosa,,,,,4.6,-18.91297,34.10808
2026/02/14 11:29:00,NPP-375D,Mozambique,Zambezia,Morrumbala,,,,,2.9,-17.48693,35.5435
2026/02/14 11:29:00,NPP-375D,Mozambique,Zambezia,Morrumbala,,,,,1.7,-17.56293,35.76246
2026/02/14 11:29:00,NPP-375D,Mozambique,Sofala,Dondo,,,,,3.4,-19.60779,35.03131
2026/02/14 11:29:00,NPP-375D,Mozambique,Manica,Macossa,,,,,2.4,-17.83394,34.02129
2026/02/14 11:29:00,NPP-375D,Mozambique,Sofala,Gorongosa,,,,,2.1,-18.61932,33.96489
2026/02/14 11:29:00,NPP-375D,Mozambique,Manica,Mossurize,,,,,2.1,-20.53308,32.74179
2026/02/14 11:29:00,NPP-375D,Mozambique,Sofala,Marromeu,,,,,3.7,-18.48522,36.11197
2026/02/14 11:29:00,NPP-375D,Mozambique,Zambezia,Morrumbala,,,,,5.3,-17.02356,35.70206
2026/02/14 11:29:00,NPP-375D,Mozambique,Sofala,Gorongosa,,,,,4.1,-18.52353,34.51978
2026/02/14 11:29:00,NPP-375D,Mozambique,Zambezia,Morrumbala,,,,,3.4,-17.02569,35.70173
2026/02/14 11:29:00,NPP-375D,Mozambique,Sofala,Gorongosa,,,,,2.7,-18.59224,33.88413
2026/02/14 11:29:00,NPP-375D,Mozambique,Zambezia,Morrumbala,,,,,2.6,-17.63957,35.55811
2026/02/14 11:29:00,NPP-375D,Mozambique,Zambezia,Morrumbala,,,,,2.2,-16.81688,35.84877
2026/02/14 11:29:00,NPP-375D,Mozambique,Sofala,Cheringoma,,,,,2.5,-18.81701,35.37203
2026/02/14 11:29:00,NPP-375D,Mozambique,Sofala,Marromeu,,,,,3.0,-18.61694,36.10448
2026/02/14 11:29:00,NPP-375D,Mozambique,Sofala,Gorongosa,,,,,8.2,-18.52284,34.51955
2026/02/14 11:29:00,NPP-375D,Mozambique,Sofala,Gorongosa,,,,,8.2,-18.51946,34.51895
2026/02/14 11:29:00,NPP-375D,Mozambique,Sofala,Maringue,,,,,4.9,-18.22713,34.72969
2026/02/14 11:29:00,NPP-375D,Mozambique,Sofala,Cheringoma,,,,,1.8,-18.85575,35.80814
2026/02/14 11:29:00,NPP-375D,Mozambique,Zambezia,Morrumbala,,,,,3.8,-16.65393,35.27274
2026/02/14 11:29:00,NPP-375D,Mozambique,Sofala,Gorongosa,,,,,7.8,-18.57804,34.59169
2026/02/14 11:29:00,NPP-375D,Mozambique,Zambezia,Morrumbala,,,,,2.6,-16.53496,35.27272
2026/02/14 11:29:00,NPP-375D,Mozambique,Sofala,Buzi,,,,,2.9,-19.78902,34.11837
2026/02/14 11:29:00,NPP-375D,Mozambique,Manica,Mossurize,,,,,4.8,-20.14951,32.96623
2026/02/14 11:29:00,NPP-375D,Mozambique,Manica,Guro,,,,,1.9,-16.74562,33.32476
2026/02/14 11:29:00,NPP-375D,Mozambique,Zambezia,Morrumbala,,,,,6.5,-17.33549,35.76052
2026/02/14 11:29:00,NPP-375D,Mozambique,Sofala,Maringue,,,,,3.1,-17.83391,34.69976
2026/02/14 11:29:00,NPP-375D,Mozambique,Sofala,Gorongosa,,,,,7.5,-18.39197,33.86832
2026/02/14 11:29:00,NPP-375D,Mozambique,Sofala,Cheringoma,,,,,2.9,-18.84009,35.31903
2026/02/14 11:29:00,NPP-375D,Mozambique,Sofala,Buzi,,,,,3.8,-20.25352,34.0711
2026/02/14 11:29:00,NPP-375D,Mozambique,Zambezia,Morrumbala,,,,,2.7,-17.45433,35.65255
2026/02/14 11:29:00,NPP-375D,Mozambique,Zambezia,Mopeia,,,,,6.6,-17.63211,35.98255
2026/02/14 11:29:00,NPP-375D,Mozambique,Sofala,Chemba,,,,,1.1,-17.20117,34.50584
2026/02/14 11:29:00,NPP-375D,Mozambique,Zambezia,Mopeia,,,,,2.0,-17.79535,35.78988
2026/02/14 11:29:00,NPP-375D,Mozambique,Zambezia,Chinde,,,,,4.9,-18.31947,36.2017
2026/02/14 11:29:00,NPP-375D,Mozambique,Sofala,Muanza,,,,,3.8,-19.44564,35.25378
2026/02/14 11:29:00,NPP-375D,Mozambique,Sofala,Buzi,,,,,9.4,-19.73831,34.14716
2026/02/14 11:29:00,NPP-375D,Mozambique,Sofala,Maringue,,,,,8.3,-18.19772,34.71659
2026/02/14 11:29:00,NPP-375D,Mozambique,Sofala,Muanza,,,,,7.3,-19.41459,35.228
2026/02/14 11:29:00,NPP-375D,Mozambique,Sofala,Buzi,,,,,1.0,-19.69009,34.25692
2026/02/14 11:29:00,NPP-375D,Mozambique,Sofala,Marromeu,,,,,6.3,-18.36325,35.98573
2026/02/14 11:29:00,NPP-375D,Mozambique,Sofala,Nhamatanda,,,,,3.6,-19.45934,34.17395
2026/02/14 11:29:00,NPP-375D,Mozambique,Sofala,Gorongosa,,,,,1.4,-18.4032,34.13563
2026/02/14 11:29:00,NPP-375D,Mozambique,Manica,Guro,,,,,4.2,-17.38315,33.50864
2026/02/14 11:29:00,NPP-375D,Mozambique,Zambezia,Mopeia,,,,,3.3,-17.70719,35.62851
2026/02/14 11:29:00,NPP-375D,Mozambique,Sofala,Muanza,,,,,4.2,-19.00749,35.43546
2026/02/14 11:29:00,NPP-375D,Mozambique,Zambezia,Morrumbala,,,,,6.4,-16.53077,35.27617
2026/02/14 11:29:00,NPP-375D,Mozambique,Sofala,Gorongosa,,,,,4.0,-18.5365,34.61166
2026/02/14 11:29:00,NPP-375D,Mozambique,Sofala,Buzi,,,,,2.0,-19.70775,34.21038
2026/02/14 11:29:00,NPP-375D,Mozambique,Manica,Sussundenga,,,,,10.3,-19.68413,33.32088
2026/02/14 11:29:00,NPP-375D,Mozambique,Sofala,Gorongosa,,,,,3.2,-18.62643,34.26735
2026/02/14 11:29:00,NPP-375D,Mozambique,Zambezia,Morrumbala,,,,,3.3,-17.51313,35.70999
2026/02/14 11:29:00,NPP-375D,Mozambique,Manica,Barue,,,,,4.2,-18.23602,33.28176
2026/02/14 11:29:00,NPP-375D,Mozambique,Zambezia,Morrumbala,,,,,2.9,-16.89235,35.38072
2026/02/14 11:29:00,NPP-375D,Mozambique,Zambezia,Morrumbala,,,,,2.5,-16.54167,35.32014
2026/02/14 11:29:00,NPP-375D,Mozambique,Zambezia,Morrumbala,,,,,3.8,-16.60211,35.30121
2026/02/14 11:29:00,NPP-375D,Mozambique,Zambezia,Morrumbala,,,,,2.5,-17.26853,35.67891
2026/02/14 11:29:00,NPP-375D,Mozambique,Sofala,Gorongosa,,,,,2.8,-18.50787,34.20048
2026/02/14 11:29:00,NPP-375D,Mozambique,Sofala,Cheringoma,,,,,1.5,-18.77352,35.34365
2026/02/14 11:29:00,NPP-375D,Mozambique,Sofala,Chemba,,,,,14.4,-17.29441,34.89604
2026/02/14 11:29:00,NPP-375D,Mozambique,Zambezia,Morrumbala,,,,,2.3,-17.02089,36.27699
2026/02/14 11:29:00,NPP-375D,Mozambique,Zambezia,Morrumbala,,,,,2.9,-16.86006,35.90086
2026/02/14 11:29:00,NPP-375D,Mozambique,Sofala,Muanza,,,,,11.2,-19.38425,35.11822
2026/02/14 11:29:00,NPP-375D,Mozambique,Sofala,Marromeu,,,,,2.7,-18.46537,35.93492
2026/02/14 11:29:00,NPP-375D,Mozambique,Manica,Gondola,,,,,1.5,-19.4047,33.6005
2026/02/14 11:29:00,NPP-375D,Mozambique,Sofala,Buzi,,,,,3.8,-20.25685,34.07169
2026/02/14 11:29:00,NPP-375D,Mozambique,Sofala,Muanza,,,,,4.0,-19.44907,35.25441
2026/02/14 11:29:00,NPP-375D,Mozambique,Sofala,Muanza,,,,,3.7,-19.15403,35.5145
2026/02/14 11:29:00,NPP-375D,Mozambique,Zambezia,Morrumbala,,,,,1.4,-16.56577,35.54047
2026/02/14 11:29:00,NPP-375D,Mozambique,Sofala,Gorongosa,,,,,6.5,-18.46008,34.47744
2026/02/14 11:29:00,NPP-375D,Mozambique,Zambezia,Morrumbala,,,,,7.4,-17.13848,36.08846
2026/02/14 11:29:00,NPP-375D,Mozambique,Sofala,Caia,,,,,4.4,-18.14141,34.88887
2026/02/14 11:29:00,NPP-375D,Mozambique,Zambezia,Mopeia,,,,,3.8,-17.90793,35.85301
2026/02/14 11:29:00,NPP-375D,Mozambique,Sofala,Gorongosa,,,,,2.3,-18.72103,33.92945
2026/02/14 11:29:00,NPP-375D,Mozambique,Sofala,Maringue,,,,,4.2,-18.27707,34.59328
2026/02/14 11:29:00,NPP-375D,Mozambique,Manica,Mossurize,,,,,9.5,-20.51597,32.83454
2026/02/14 11:29:00,NPP-375D,Mozambique,Manica,Mossurize,,,,,6.0,-20.12783,32.95127
2026/02/14 11:29:00,NPP-375D,Mozambique,Zambezia,Morrumbala,,,,,5.8,-16.56375,35.22739
2026/02/14 11:29:00,NPP-375D,Mozambique,Sofala,Buzi,,,,,6.3,-19.90733,34.29513
2026/02/14 11:29:00,NPP-375D,Mozambique,Sofala,Gorongosa,,,,,4.1,-18.55114,33.86189
2026/02/14 11:29:00,NPP-375D,Mozambique,Zambezia,Morrumbala,,,,,5.2,-16.79937,35.48305
2026/02/14 11:29:00,NPP-375D,Mozambique,Manica,Barue,,,,,2.3,-18.23935,33.28232
2026/02/14 11:29:00,NPP-375D,Mozambique,Sofala,Muanza,,,,,11.2,-19.38766,35.11884
2026/02/14 11:29:00,NPP-375D,Mozambique,Sofala,Caia,,,,,1.9,-17.66496,35.11922
2026/02/14 11:29:00,NPP-375D,Mozambique,Sofala,Cheringoma,,,,,2.8,-18.53745,34.71358
2026/02/14 11:29:00,NPP-375D,Mozambique,Manica,Gondola,,,,,1.1,-19.03591,33.85979
2026/02/14 11:29:00,NPP-375D,Mozambique,Sofala,Muanza,,,,,3.1,-19.12419,35.50079
2026/02/14 11:29:00,NPP-375D,Mozambique,Zambezia,Morrumbala,,,,,2.8,-17.45131,35.6049
2026/02/14 11:29:00,NPP-375D,Mozambique,Zambezia,Chinde,,,,,3.6,-18.57003,36.33474
2026/02/14 11:29:00,NPP-375D,Mozambique,Zambezia,Mopeia,,,,,4.5,-17.67378,35.50505
2026/02/14 11:29:00,NPP-375D,Mozambique,Sofala,Gorongosa,,,,,1.6,-18.51322,33.94994
2026/02/14 11:29:00,NPP-375D,Mozambique,Zambezia,Morrumbala,,,,,5.9,-16.56307,35.23144
2026/02/14 11:29:00,NPP-375D,Mozambique,Zambezia,Morrumbala,,,,,3.1,-16.57775,35.51264
2026/02/14 11:29:00,NPP-375D,Mozambique,Manica,Gondola,,,,,2.5,-18.90938,33.86831
2026/02/14 11:29:00,NPP-375D,Mozambique,Zambezia,Morrumbala,,,,,2.5,-17.55268,35.67008
2026/02/14 11:29:00,NPP-375D,Mozambique,Zambezia,Morrumbala,,,,,2.8,-17.48669,35.5429
2026/02/14 11:29:00,NPP-375D,Mozambique,Zambezia,Mopeia,,,,,1.4,-17.70923,35.46556
2026/02/14 11:29:00,NPP-375D,Mozambique,Manica,Mossurize,,,,,3.3,-20.14118,32.95345
2026/02/14 11:29:00,NPP-375D,Mozambique,Sofala,Cheringoma,,,,,2.9,-18.83943,35.32298
2026/02/14 11:29:00,NPP-375D,Mozambique,Zambezia,Morrumbala,,,,,1.5,-16.52425,35.24986
2026/02/14 11:29:00,NPP-375D,Mozambique,Sofala,Dondo,,,,,3.5,-19.50855,35.10493
2026/02/14 11:29:00,NPP-375D,Mozambique,Zambezia,Morrumbala,,,,,6.3,-16.57645,35.54236
2026/02/14 11:29:00,NPP-375D,Mozambique,Sofala,Dondo,,,,,2.1,-19.63068,35.0196
2026/02/14 11:29:00,NPP-375D,Mozambique,Zambezia,Morrumbala,,,,,1.8,-17.03694,35.6656
2026/02/14 11:29:00,NPP-375D,Mozambique,Sofala,Muanza,,,,,3.3,-19.26509,34.79596
2026/02/14 11:29:00,NPP-375D,Mozambique,Zambezia,Morrumbala,,,,,1.7,-17.52695,35.58429
2026/02/14 11:29:00,NPP-375D,Mozambique,Sofala,Muanza,,,,,2.1,-19.37174,35.15195
2026/02/14 11:29:00,NPP-375D,Mozambique,Sofala,Cheringoma,,,,,2.9,-18.81519,35.37171
2026/02/14 11:29:00,NPP-375D,Mozambique,Zambezia,Mopeia,,,,,2.3,-17.70022,35.69118
2026/02/14 11:29:00,NPP-375D,Mozambique,Zambezia,Morrumbala,,,,,2.1,-17.05419,35.64216
2026/02/14 11:29:00,NPP-375D,Mozambique,Sofala,Gorongosa,,,,,9.9,-18.54667,34.61346
2026/02/14 11:29:00,NPP-375D,Mozambique,Sofala,Gorongosa,,,,,2.4,-18.91443,34.10812
2026/02/14 11:29:00,NPP-375D,Mozambique,Manica,Mossurize,,,,,4.8,-20.14896,32.96993
2026/02/14 11:29:00,NPP-375D,Mozambique,Sofala,Muanza,,,,,7.8,-18.81298,34.99564
2026/02/14 11:29:00,NPP-375D,Mozambique,Zambezia,Morrumbala,,,,,2.3,-16.75047,35.47004
2026/02/14 11:29:00,NPP-375D,Mozambique,Zambezia,Morrumbala,,,,,2.7,-17.24701,36.28864
2026/02/14 11:29:00,NPP-375D,Mozambique,Sofala,Muanza,,,,,3.6,-19.3215,34.94399
2026/02/14 11:29:00,NPP-375D,Mozambique,Zambezia,Morrumbala,,,,,16.6,-17.60197,35.52599
2026/02/14 11:29:00,NPP-375D,Mozambique,Zambezia,Chinde,,,,,5.9,-18.33517,36.67747
2026/02/14 11:29:00,NPP-375D,Mozambique,Manica,Mossurize,,,,,1.7,-20.57823,32.71471
2026/02/14 11:29:00,NPP-375D,Mozambique,Sofala,Marromeu,,,,,0.9,-18.21866,35.78738
2026/02/14 11:29:00,NPP-375D,Mozambique,Sofala,Gorongosa,,,,,1.7,-18.5417,34.558
2026/02/14 11:29:00,NPP-375D,Mozambique,Sofala,Gorongosa,,,,,2.6,-18.32413,33.84148
2026/02/14 11:29:00,NPP-375D,Mozambique,Manica,Macossa,,,,,2.4,-17.88956,34.19975
2026/02/14 11:29:00,NPP-375D,Mozambique,Zambezia,Morrumbala,,,,,1.4,-16.55786,35.32693
2026/02/14 11:29:00,NPP-375D,Mozambique,Zambezia,Morrumbala,,,,,5.7,-16.58137,35.38187
2026/02/14 11:29:00,NPP-375D,Mozambique,Sofala,Muanza,,,,,3.7,-19.16619,35.06356
2026/02/14 11:29:00,NPP-375D,Mozambique,Manica,Mossurize,,,,,2.3,-20.60668,32.70794
2026/02/14 11:29:00,NPP-375D,Mozambique,Zambezia,Milange,,,,,4.7,-16.47803,35.59418
2026/02/14 11:29:00,NPP-375D,Mozambique,Zambezia,Morrumbala,,,,,2.7,-16.64505,35.30472
2026/02/14 11:29:00,NPP-375D,Mozambique,Sofala,Gorongosa,,,,,1.9,-18.60399,33.87479
2026/02/14 11:29:00,NPP-375D,Mozambique,Zambezia,Mopeia,,,,,3.7,-17.63058,35.98409
2026/02/14 11:29:00,NPP-375D,Mozambique,Manica,Manica,,,,,1.4,-18.65079,33.39792
2026/02/14 11:29:00,NPP-375D,Mozambique,Sofala,Dondo,,,,,5.0,-19.49554,35.09857
2026/02/14 11:29:00,NPP-375D,Mozambique,Zambezia,Morrumbala,,,,,5.2,-16.49636,35.28683
2026/02/14 11:29:00,NPP-375D,Mozambique,Manica,Gondola,,,,,2.4,-19.06118,33.80749
2026/02/14 11:29:00,NPP-375D,Mozambique,Zambezia,Chinde,,,,,2.5,-18.27874,36.5517
2026/02/14 11:29:00,NPP-375D,Mozambique,Sofala,Maringue,,,,,1.4,-18.32457,34.58223
2026/02/14 11:29:00,NPP-375D,Mozambique,Tete,Mutarara,,,,,1.9,-16.36041,34.56105
2026/02/14 11:29:00,NPP-375D,Mozambique,Zambezia,Morrumbala,,,,,3.6,-17.42454,35.46083
2026/02/14 11:29:00,NPP-375D,Mozambique,Zambezia,Nicoadala,,,,,12.6,-17.94146,36.76326
2026/02/14 11:29:00,NPP-375D,Mozambique,Sofala,Caia,,,,,4.3,-17.88847,35.23581
2026/02/14 11:29:00,NPP-375D,Mozambique,Zambezia,Morrumbala,,,,,2.0,-17.45698,35.78191
2026/02/14 11:29:00,NPP-375D,Mozambique,Sofala,Muanza,,,,,3.2,-19.32147,34.94392
2026/02/14 11:29:00,NPP-375D,Mozambique,Zambezia,Morrumbala,,,,,6.6,-16.61685,35.40943
2026/02/14 11:29:00,NPP-375D,Mozambique,Zambezia,Morrumbala,,,,,2.0,-17.24476,35.71928
2026/02/14 11:29:00,NPP-375D,Mozambique,Sofala,Muanza,,,,,3.4,-19.10639,35.02092
2026/02/14 11:29:00,NPP-375D,Mozambique,Sofala,Caia,,,,,2.9,-17.83073,34.84536
2026/02/14 11:29:00,NPP-375D,Mozambique,Sofala,Gorongosa,,,,,3.3,-18.51932,33.95477
2026/02/14 11:29:00,NPP-375D,Mozambique,Zambezia,Morrumbala,,,,,2.9,-16.53144,35.27211
2026/02/14 11:29:00,NPP-375D,Mozambique,Tete,Mutarara,,,,,4.5,-17.12651,34.92305
2026/02/14 11:29:00,NPP-375D,Mozambique,Zambezia,Morrumbala,,,,,3.5,-16.73438,35.69501
2026/02/14 11:29:00,NPP-375D,Mozambique,Sofala,Dondo,,,,,2.9,-19.50514,35.10431
2026/02/14 11:29:00,NPP-375D,Mozambique,Sofala,Dondo,,,,,4.1,-19.47534,34.96388
2026/02/14 11:29:00,NPP-375D,Mozambique,Zambezia,Morrumbala,,,,,30.9,-16.5995,35.33866
2026/02/14 11:29:00,NPP-375D,Mozambique,Zambezia,Mopeia,,,,,2.6,-17.71057,35.45745
2026/02/14 11:29:00,NPP-375D,Mozambique,Sofala,Cheringoma,,,,,2.4,-18.85483,35.81195
2026/02/14 11:29:00,NPP-375D,Mozambique,Zambezia,Morrumbala,,,,,3.4,-17.25081,35.50662
2026/02/14 11:29:00,NPP-375D,Mozambique,Manica,Barue,,,,,4.7,-18.07812,33.10216
2026/02/14 11:29:00,NPP-375D,Mozambique,Manica,Macossa,,,,,1.7,-18.50577,33.79003
2026/02/14 11:29:00,NPP-375D,Mozambique,Sofala,Cheringoma,,,,,2.9,-18.84288,35.32361
2026/02/14 11:29:00,NPP-375D,Mozambique,Zambezia,Morrumbala,,,,,3.0,-17.46474,35.48034
2026/02/14 11:29:00,NPP-375D,Mozambique,Zambezia,Mopeia,,,,,3.7,-17.63417,35.98476
2026/02/14 11:29:00,NPP-375D,Mozambique,Zambezia,Morrumbala,,,,,6.3,-16.57714,35.53823
2026/02/14 11:29:00,NPP-375D,Mozambique,Zambezia,Morrumbala,,,,,2.6,-16.86346,35.37977
2026/02/14 11:29:00,NPP-375D,Mozambique,Zambezia,Morrumbala,,,,,2.8,-17.50221,35.55854
2026/02/14 11:29:00,NPP-375D,Mozambique,Sofala,Maringue,,,,,3.3,-18.17271,34.82683
2026/02/14 11:29:00,NPP-375D,Mozambique,Sofala,Gorongosa,,,,,9.0,-18.59635,33.94545
2026/02/14 11:29:00,NPP-375D,Mozambique,Sofala,Buzi,,,,,2.1,-19.69701,34.30023
2026/02/14 11:29:00,NPP-375D,Mozambique,Sofala,Buzi,,,,,2.2,-19.7781,34.11223
2026/02/14 11:32:00,NPP-375D,Mozambique,Tete,Moatize,,,,,2.5,-16.19998,33.84529
2026/02/14 11:32:00,NPP-375D,Mozambique,Tete,Moatize,,,,,2.5,-16.20057,33.84159
2026/02/14 11:32:00,NPP-375D,Mozambique,Tete,Moatize,,,,,6.4,-16.21964,33.67794
2026/02/14 11:32:00,NPP-375D,Mozambique,Tete,Moatize,,,,,2.5,-16.1972,33.84101
2026/02/14 11:32:00,NPP-375D,Mozambique,Tete,Mutarara,,,,,1.6,-16.31887,34.3447
2026/02/14 11:32:00,NPP-375D,Mozambique,Tete,Moatize,,,,,6.9,-16.11947,33.75872
2026/02/14 22:39:00,NPP-375,Mozambique,Manica,Gondola,,,,,0.6,-19.08332,33.35186
2026/02/14 22:39:00,NPP-375,Mozambique,Manica,Gondola,,,,,0.6,-19.07909,33.35281
2026/02/15 11:12:00,NPP-375D,Mozambique,Zambezia,Pebane,,,,,2.3,-17.01441,38.55614
2026/02/16 23:43:00,NPP-375,Mozambique,Tete,Moatize,,,,,0.8,-16.19746,33.84254
2026/02/16 23:43:00,NPP-375,Mozambique,Tete,Moatize,,,,,0.8,-16.20288,33.84195
2026/02/16 23:45:00,NPP-375,Mozambique,Gaza,Massingir,,,,,0.5,-23.83084,32.05404
2026/02/17 10:32:00,NPP-375D,Mozambique,Inhambane,Vilanculos,,,,,3.6,-22.10371,35.19752
2026/02/17 23:26:00,NPP-375,Mozambique,Maputo,Boane,,,,,2.9,-25.89599,32.39135
2026/02/18 11:53:00,NPP-375D,Mozambique,Maputo,Manhiça,,,,,14.6,-25.46471,32.8754
2026/02/18 11:53:00,NPP-375D,Mozambique,Maputo,Moamba,,,,,2.0,-25.6509,32.51954
2026/02/18 11:53:00,NPP-375D,Mozambique,Maputo,Manhiça,,,,,22.8,-25.46094,32.87456
2026/02/18 11:53:00,NPP-375D,Mozambique,Maputo,Manhiça,,,,,22.8,-25.45717,32.87373
2026/02/18 11:53:00,NPP-375D,Mozambique,Maputo,Matutuíne,,,,,2.7,-26.82386,32.29145
2026/02/18 11:53:00,NPP-375D,Mozambique,Maputo,Manhiça,,,,,6.7,-25.46,32.87959
2026/02/18 11:53:00,NPP-375D,Mozambique,Maputo,Manhiça,,,,,6.7,-25.45624,32.87874
2026/02/18 11:53:00,NPP-375D,Mozambique,Maputo,Moamba,,,,,3.6,-25.58505,32.17655
2026/02/18 11:53:00,NPP-375D,Mozambique,Maputo,Manhiça,,,,,3.0,-25.1888,32.81645
2026/02/18 11:55:00,NPP-375D,Mozambique,Sofala,Nhamatanda,,,,,7.6,-19.1176,34.17876
2026/02/18 11:55:00,NPP-375D,Mozambique,Sofala,Nhamatanda,,,,,5.6,-19.15305,34.1915
2026/02/18 23:05:00,NPP-375,Mozambique,Inhambane,Inhassoro,,,,,1.0,-21.74848,35.06005
2026/02/18 23:05:00,NPP-375,Mozambique,Sofala,Dondo,,,,,0.5,-19.74055,34.84047
2026/02/18 23:07:00,NPP-375,Mozambique,Tete,Moatize,,,,,0.9,-16.1285,33.76967
2026/02/18 23:07:00,NPP-375,Mozambique,Tete,Moatize,,,,,0.9,-16.13183,33.7691
2026/02/18 23:07:00,NPP-375,Mozambique,Tete,Moatize,,,,,1.0,-16.2082,33.84111
2026/02/18 23:07:00,NPP-375,Mozambique,Tete,Moatize,,,,,2.1,-16.13382,33.71706
2026/02/18 23:07:00,NPP-375,Mozambique,Tete,Moatize,,,,,1.0,-16.13106,33.72123
2026/02/18 23:07:00,NPP-375,Mozambique,Tete,Moatize,,,,,0.8,-16.13458,33.76494
2026/02/18 23:07:00,NPP-375,Mozambique,Tete,Moatize,,,,,1.8,-16.20155,33.84225
2026/02/18 23:07:00,NPP-375,Mozambique,Gaza,Massingir,,,,,1.4,-23.87018,32.0414
2026/02/18 23:07:00,NPP-375,Mozambique,Tete,Moatize,,,,,1.0,-16.19431,33.83978
2026/02/18 23:07:00,NPP-375,Mozambique,Tete,Moatize,,,,,0.9,-16.12793,33.76607
2026/02/18 23:07:00,NPP-375,Mozambique,Tete,Moatize,,,,,1.3,-16.13439,33.72066
2026/02/18 23:07:00,NPP-375,Mozambique,Tete,Moatize,,,,,0.8,-16.13515,33.76854
2026/02/18 23:07:00,NPP-375,Mozambique,Tete,Moatize,,,,,1.0,-16.19765,33.83921
2026/02/18 23:07:00,NPP-375,Mozambique,Tete,Moatize,,,,,1.1,-16.12013,33.76003
2026/02/18 23:07:00,NPP-375,Mozambique,Tete,Moatize,,,,,1.4,-16.20098,33.83865
2026/02/18 23:07:00,NPP-375,Mozambique,Gaza,Massingir,,,,,1.4,-23.87351,32.04078
2026/02/18 23:07:00,NPP-375,Mozambique,Tete,Moatize,,,,,1.1,-16.1207,33.76363
2026/02/18 23:07:00,NPP-375,Mozambique,Maputo,Matutuíne,,,,,0.8,-26.39354,32.65039
2026/02/18 23:07:00,NPP-375,Mozambique,Tete,Moatize,,,,,0.9,-16.1168,33.7606
2026/02/18 23:07:00,NPP-375,Mozambique,Tete,Moatize,,,,,1.1,-16.12403,33.76307
2026/02/19 11:34:00,NPP-375D,Mozambique,Gaza,Xai-Xai,,,,,32.1,-25.12524,33.47638
2026/02/19 11:34:00,NPP-375D,Mozambique,Inhambane,Panda,,,,,3.1,-24.03302,34.86268
2026/02/19 11:34:00,NPP-375D,Mozambique,Maputo,Manhiça,,,,,2.1,-25.37243,32.77819
2026/02/19 11:34:00,NPP-375D,Mozambique,Gaza,Xai-Xai,,,,,2.6,-25.12191,33.47575
2026/02/19 11:34:00,NPP-375D,Mozambique,Inhambane,Zavala,,,,,1.9,-24.63765,34.56814
2026/02/19 11:34:00,NPP-375D,Mozambique,Maputo,Manhiça,,,,,1.4,-25.43175,32.58725
2026/02/19 11:34:00,NPP-375D,Mozambique,Maputo,Marracuene,,,,,9.8,-25.65748,32.70642
2026/02/19 11:34:00,NPP-375D,Mozambique,Maputo,Manhiça,,,,,5.8,-25.36461,32.78466
2026/02/19 11:34:00,NPP-375D,Mozambique,Maputo,Moamba,,,,,2.4,-25.31043,32.34329
2026/02/19 11:34:00,NPP-375D,Mozambique,Maputo,Moamba,,,,,1.0,-25.65915,32.57966
2026/02/19 11:34:00,NPP-375D,Mozambique,Gaza,Xai-Xai,,,,,32.1,-25.12857,33.477
2026/02/19 11:34:00,NPP-375D,Mozambique,Maputo,Moamba,,,,,1.5,-25.69156,32.21767
2026/02/19 11:34:00,NPP-375D,Mozambique,Gaza,Xai-Xai,,,,,5.9,-25.08801,33.47334
2026/02/19 11:34:00,NPP-375D,Mozambique,Maputo,Manhiça,,,,,2.8,-25.4325,32.6745
2026/02/19 11:34:00,NPP-375D,Mozambique,Maputo,Manhiça,,,,,2.7,-25.35966,32.77193
2026/02/19 11:36:00,NPP-375D,Mozambique,Sofala,Gorongosa,,,,,4.1,-18.49888,34.56396
2026/02/19 11:36:00,NPP-375D,Mozambique,Manica,Mossurize,,,,,0.9,-20.21559,32.92841
2026/02/19 11:36:00,NPP-375D,Mozambique,Inhambane,Panda,,,,,3.2,-23.95374,33.97482
2026/02/19 11:36:00,NPP-375D,Mozambique,Inhambane,Panda,,,,,17.0,-23.87926,34.26456
2026/02/19 11:36:00,NPP-375D,Mozambique,Sofala,Buzi,,,,,9.3,-19.88953,34.16288
2026/02/19 11:36:00,NPP-375D,Mozambique,Manica,Mossurize,,,,,3.9,-20.18761,32.93109
2026/02/19 11:36:00,NPP-375D,Mozambique,Sofala,Nhamatanda,,,,,26.8,-19.17495,34.1333
2026/02/19 11:36:00,NPP-375D,Mozambique,Sofala,Cheringoma,,,,,4.7,-18.737,35.53613
2026/02/19 11:36:00,NPP-375D,Mozambique,Sofala,Nhamatanda,,,,,6.4,-19.1153,34.21048
2026/02/19 11:36:00,NPP-375D,Mozambique,Sofala,Cheringoma,,,,,7.4,-18.74074,35.53685
2026/02/19 11:36:00,NPP-375D,Mozambique,Manica,Mossurize,,,,,1.6,-20.21894,32.92902
2026/02/19 11:36:00,NPP-375D,Mozambique,Sofala,Buzi,,,,,2.2,-19.7306,34.12137
2026/02/19 11:36:00,NPP-375D,Mozambique,Manica,Sussundenga,,,,,4.2,-19.77523,33.34687
2026/02/19 11:36:00,NPP-375D,Mozambique,Sofala,Nhamatanda,,,,,6.9,-19.15496,34.42567
2026/02/19 11:36:00,NPP-375D,Mozambique,Sofala,Nhamatanda,,,,,1.6,-19.07496,34.14925
2026/02/19 11:36:00,NPP-375D,Mozambique,Inhambane,Panda,,,,,4.0,-23.95648,33.97931
2026/02/19 11:36:00,NPP-375D,Mozambique,Sofala,Marromeu,,,,,3.1,-18.36114,35.77102
2026/02/19 11:36:00,NPP-375D,Mozambique,Inhambane,Massinga,,,,,5.5,-22.98499,35.43815
2026/02/19 11:36:00,NPP-375D,Mozambique,Sofala,Nhamatanda,,,,,3.1,-19.14296,34.43201
2026/02/19 11:36:00,NPP-375D,Mozambique,Sofala,Marromeu,,,,,5.1,-18.17416,35.80061
2026/02/19 11:36:00,NPP-375D,Mozambique,Sofala,Nhamatanda,,,,,1.7,-19.0753,34.14838
2026/02/19 11:36:00,NPP-375D,Mozambique,Sofala,Buzi,,,,,2.4,-19.72968,34.12117
2026/02/19 11:36:00,NPP-375D,Mozambique,Sofala,Buzi,,,,,10.4,-19.8902,34.15884
2026/02/19 11:36:00,NPP-375D,Mozambique,Inhambane,Massinga,,,,,22.0,-22.69841,35.46732
2026/02/19 11:36:00,NPP-375D,Mozambique,Sofala,Gorongosa,,,,,3.8,-18.5096,34.56596
2026/02/19 11:36:00,NPP-375D,Mozambique,Sofala,Buzi,,,,,3.1,-19.74281,34.21918
2026/02/19 11:36:00,NPP-375D,Mozambique,Manica,Gondola,,,,,2.1,-19.08155,33.35627
2026/02/19 11:36:00,NPP-375D,Mozambique,Gaza,Chicualacuala,,,,,3.0,-22.63919,31.917
2026/02/19 11:36:00,NPP-375D,Mozambique,Manica,Sussundenga,,,,,8.3,-19.62501,33.36736
2026/02/19 11:36:00,NPP-375D,Mozambique,Sofala,Nhamatanda,,,,,2.6,-19.15989,34.46094
2026/02/19 11:36:00,NPP-375D,Mozambique,Inhambane,Vilanculos,,,,,1.6,-21.98549,35.08773
2026/02/19 11:36:00,NPP-375D,Mozambique,Manica,Sussundenga,,,,,8.0,-19.62439,33.37115
2026/02/19 11:36:00,NPP-375D,Mozambique,Sofala,Gorongosa,,,,,5.7,-18.49815,34.56823
2026/02/19 11:36:00,NPP-375D,Mozambique,Sofala,Dondo,,,,,3.3,-19.50773,35.09259
2026/02/19 11:36:00,NPP-375D,Mozambique,Sofala,Nhamatanda,,,,,1.9,-19.14436,34.1443
2026/02/19 11:36:00,NPP-375D,Mozambique,Sofala,Nhamatanda,,,,,3.3,-19.10961,34.17993
2026/02/19 11:36:00,NPP-375D,Mozambique,Inhambane,Inhassoro,,,,,27.5,-21.73805,35.1586
2026/02/19 11:36:00,NPP-375D,Mozambique,Sofala,Marromeu,,,,,1.9,-18.36349,35.76831
2026/02/19 11:36:00,NPP-375D,Mozambique,Inhambane,Massinga,,,,,5.2,-23.03654,35.43511
2026/02/19 11:36:00,NPP-375D,Mozambique,Manica,Manica,,,,,2.7,-18.66093,32.97538
2026/02/19 11:36:00,NPP-375D,Mozambique,Sofala,Caia,,,,,3.4,-17.79299,35.2381
2026/02/19 11:36:00,NPP-375D,Mozambique,Manica,Mossurize,,,,,8.3,-20.20456,32.91108
2026/02/19 11:36:00,NPP-375D,Mozambique,Manica,Mossurize,,,,,4.0,-20.3015,32.89686
2026/02/19 11:36:00,NPP-375D,Mozambique,Sofala,Gorongosa,,,,,4.4,-18.40601,34.60107
2026/02/19 11:38:00,NPP-375D,Mozambique,Manica,Macossa,,,,,4.5,-17.66652,33.44452
2026/02/19 11:38:00,NPP-375D,Mozambique,Tete,Mutarara,,,,,2.2,-17.17546,35.20308
2026/02/19 22:46:00,NPP-375,Mozambique,Tete,Moatize,,,,,2.6,-16.19947,33.8376
2026/02/19 22:46:00,NPP-375,Mozambique,Tete,Moatize,,,,,2.2,-16.11744,33.75795
2026/02/19 22:46:00,NPP-375,Mozambique,Tete,Moatize,,,,,2.3,-16.20042,33.84279
2026/02/19 22:46:00,NPP-375,Mozambique,Tete,Moatize,,,,,1.8,-16.12725,33.76697
2026/02/19 22:46:00,NPP-375,Mozambique,Tete,Moatize,,,,,3.5,-16.12235,33.76244
2026/02/19 22:50:00,NPP-375,Mozambique,Maputo,Matutuíne,,,,,1.3,-26.39498,32.65059
2026/02/19 22:50:00,NPP-375,Mozambique,Maputo,Matutuíne,,,,,1.0,-26.3954,32.6526
2026/02/20 11:17:00,NPP-375D,Mozambique,Sofala,Maringue,,,,,5.5,-18.31301,34.73668
2026/02/20 11:17:00,NPP-375D,Mozambique,Nampula,Monapo,,,,,7.7,-15.02562,40.42968
2026/02/20 11:17:00,NPP-375D,Mozambique,Zambezia,Mocuba,,,,,1.7,-16.69087,36.58655
2026/02/20 11:17:00,NPP-375D,Mozambique,Inhambane,Homoine,,,,,5.0,-23.74223,34.84108
2026/02/20 11:17:00,NPP-375D,Mozambique,Inhambane,Homoine,,,,,5.0,-23.7387,34.84052
2026/02/20 11:17:00,NPP-375D,Mozambique,Gaza,Chibuto,,,,,3.7,-24.66608,33.70763
2026/02/20 11:17:00,NPP-375D,Mozambique,Zambezia,Mopeia,,,,,2.1,-18.01043,35.62996
2026/02/20 11:17:00,NPP-375D,Mozambique,Nampula,Monapo,,,,,3.3,-15.04417,40.21146
2026/02/20 11:17:00,NPP-375D,Mozambique,Zambezia,Gile,,,,,4.3,-15.88925,38.01354
2026/02/20 11:17:00,NPP-375D,Mozambique,Gaza,Chókwè,,,,,7.5,-24.63156,33.13421
2026/02/20 11:17:00,NPP-375D,Mozambique,Zambezia,Mopeia,,,,,2.9,-17.65972,35.55322
2026/02/20 11:17:00,NPP-375D,Mozambique,Sofala,Maringue,,,,,3.8,-17.77975,34.57119
2026/02/20 11:17:00,NPP-375D,Mozambique,Maputo,Manhiça,,,,,4.3,-25.20933,32.81987
2026/02/20 11:17:00,NPP-375D,Mozambique,Nampula,Monapo,,,,,7.5,-15.0416,40.20819
2026/02/20 11:17:00,NPP-375D,Mozambique,Nampula,Mongincual,,,,,5.5,-15.40881,40.17085
2026/02/20 11:17:00,NPP-375D,Mozambique,Nampula,Mongincual,,,,,3.3,-15.2148,40.15604
2026/02/20 11:17:00,NPP-375D,Mozambique,Nampula,Monapo,,,,,3.3,-15.04023,40.21077
2026/02/20 11:19:00,NPP-375D,Mozambique,Manica,Mossurize,,,,,3.6,-20.64867,32.69893
2026/02/20 11:19:00,NPP-375D,Mozambique,Sofala,Cheringoma,,,,,21.6,-18.72524,35.48068
2026/02/20 11:19:00,NPP-375D,Mozambique,Manica,Sussundenga,,,,,2.2,-19.59963,33.27408
2026/02/20 11:19:00,NPP-375D,Mozambique,Sofala,Marromeu,,,,,3.7,-18.37279,35.8886
2026/02/20 11:19:00,NPP-375D,Mozambique,Manica,Gondola,,,,,2.1,-19.23475,33.71936
2026/02/20 11:19:00,NPP-375D,Mozambique,Sofala,Muanza,,,,,10.5,-19.27118,35.54443
2026/02/20 22:29:00,NPP-375,Mozambique,Maputo,Matutuíne,,,,,1.7,-26.39286,32.65122
2026/02/20 22:29:00,NPP-375,Mozambique,Nampula,Nampula,,,,,1.7,-15.11831,39.22081
2026/02/20 22:29:00,NPP-375,Mozambique,Sofala,Dondo,,,,,0.5,-19.55989,34.67316
2026/02/21 10:55:00,NPP-375D,Mozambique,Maputo,Matutuíne,,,,,5.0,-26.6719,32.78579
2026/02/21 10:55:00,NPP-375D,Mozambique,Maputo,Matutuíne,,,,,3.3,-26.55781,32.48313
2026/02/21 10:55:00,NPP-375D,Mozambique,Maputo,Matutuíne,,,,,2.2,-26.55878,32.48352
2026/02/21 10:55:00,NPP-375D,Mozambique,Maputo,Namaacha,,,,,4.7,-25.71474,32.11137
2026/02/21 10:57:00,NPP-375D,Mozambique,Inhambane,Vilanculos,,,,,10.0,-22.07829,34.94728
2026/02/21 10:57:00,NPP-375D,Mozambique,Inhambane,Vilanculos,,,,,15.4,-22.07688,34.94416
2026/02/21 10:57:00,NPP-375D,Mozambique,Inhambane,Vilanculos,,,,,8.0,-22.07742,34.93941
2026/02/21 10:57:00,NPP-375D,Mozambique,Inhambane,Massinga,,,,,6.3,-22.97271,35.34598
2026/02/21 10:57:00,NPP-375D,Mozambique,Inhambane,Vilanculos,,,,,6.4,-22.17067,34.97823
2026/02/21 10:57:00,NPP-375D,Mozambique,Inhambane,Inhassoro,,,,,20.5,-21.6075,35.47505
2026/02/21 10:57:00,NPP-375D,Mozambique,Sofala,Nhamatanda,,,,,3.8,-19.21127,34.47911
2026/02/21 10:57:00,NPP-375D,Mozambique,Inhambane,Inhassoro,,,,,32.3,-21.60621,35.47153
2026/02/21 10:57:00,NPP-375D,Mozambique,Inhambane,Inhassoro,,,,,20.5,-21.608,35.47058
2026/02/21 10:57:00,NPP-375D,Mozambique,Inhambane,Massinga,,,,,2.9,-22.95174,35.08402
2026/02/21 11:00:00,NPP-375D,Mozambique,Cabo Delgado,Palma,,,,,2.7,-10.83794,40.42511
2026/02/21 11:00:00,NPP-375D,Mozambique,Zambezia,Morrumbala,,,,,5.0,-16.83373,36.21358
2026/02/21 11:00:00,NPP-375D,Mozambique,Cabo Delgado,Chiúre,,,,,3.9,-13.36549,40.35405
2026/02/21 12:38:00,NPP-375,Mozambique,Maputo,Matutuíne,,,,,9.8,-26.55859,32.48068
2026/02/21 12:38:00,NPP-375,Mozambique,Maputo,Matutuíne,,,,,4.6,-26.67366,32.78744
2026/02/21 12:38:00,NPP-375,Mozambique,Maputo,Marracuene,,,,,4.1,-25.60647,32.7139
2026/02/21 12:38:00,NPP-375,Mozambique,Maputo,Matutuíne,,,,,6.3,-26.55819,32.48397
2026/02/21 22:07:00,NPP-375,Mozambique,Tete,Moatize,,,,,2.3,-16.19699,33.83873
2026/02/21 22:07:00,NPP-375,Mozambique,Tete,Moatize,,,,,2.6,-16.20025,33.83681
2026/02/21 22:07:00,NPP-375,Mozambique,Tete,Moatize,,,,,2.0,-16.11948,33.7594
2026/02/21 22:09:00,NPP-375,Mozambique,Inhambane,Inhassoro,,,,,1.8,-21.61454,35.47306
2026/02/21 22:09:00,NPP-375,Mozambique,Sofala,Dondo,,,,,0.4,-19.55809,34.6706
2026/02/21 23:50:00,NPP-375,Mozambique,Tete,Moatize,,,,,3.1,-16.13121,33.7674
2026/02/21 23:52:00,NPP-375,Mozambique,Gaza,Chicualacuala,,,,,0.1,-22.61185,32.21828
2026/02/22 10:38:00,NPP-375D,Mozambique,Inhambane,Massinga,,,,,5.4,-23.13703,35.47779
2026/02/22 10:38:00,NPP-375D,Mozambique,Inhambane,Homoine,,,,,4.3,-24.12335,34.98239
2026/02/22 10:38:00,NPP-375D,Mozambique,Inhambane,Massinga,,,,,10.7,-22.8709,35.25208
2026/02/22 10:40:00,NPP-375D,Mozambique,Inhambane,Inhassoro,,,,,3.9,-21.61591,35.47512
2026/02/22 10:40:00,NPP-375D,Mozambique,Zambezia,Morrumbala,,,,,3.2,-17.50229,35.82584
2026/02/22 10:40:00,NPP-375D,Mozambique,Manica,Macossa,,,,,8.8,-18.46826,33.77878
2026/02/22 10:40:00,NPP-375D,Mozambique,Sofala,Marromeu,,,,,3.8,-18.83092,35.83408
2026/02/22 10:40:00,NPP-375D,Mozambique,Zambezia,Morrumbala,,,,,2.7,-17.18209,36.16753
2026/02/22 10:40:00,NPP-375D,Mozambique,Zambezia,Morrumbala,,,,,2.8,-17.5024,35.82627
2026/02/22 10:40:00,NPP-375D,Mozambique,Manica,Gondola,,,,,3.5,-19.08168,33.35521
2026/02/22 12:18:00,NPP-375,Mozambique,Gaza,Chibuto,,,,,3.3,-24.60401,33.53771
2026/02/22 12:18:00,NPP-375,Mozambique,Gaza,Chibuto,,,,,6.1,-24.60943,33.53546
2026/02/22 12:18:00,NPP-375,Mozambique,Maputo,Magude,,,,,3.6,-25.19836,32.58086
2026/02/22 12:18:00,NPP-375,Mozambique,Gaza,Chibuto,,,,,3.3,-24.60497,33.5336
2026/02/22 12:21:00,NPP-375,Mozambique,Sofala,Maringue,,,,,4.3,-18.03627,34.75316
2026/02/22 12:21:00,NPP-375,Mozambique,Inhambane,Massinga,,,,,5.9,-22.82462,35.40204
2026/02/22 12:21:00,NPP-375,Mozambique,Inhambane,Vilanculos,,,,,5.8,-21.82627,35.24235
2026/02/22 12:21:00,NPP-375,Mozambique,Inhambane,Vilanculos,,,,,6.1,-21.82681,35.2462
2026/02/22 12:21:00,NPP-375,Mozambique,Sofala,Gorongosa,,,,,4.0,-18.57552,34.53064
2026/02/22 12:21:00,NPP-375,Mozambique,Inhambane,Vilanculos,,,,,3.3,-22.25748,35.46674
2026/02/22 12:21:00,NPP-375,Mozambique,Inhambane,Vilanculos,,,,,9.1,-22.44481,35.40826
2026/02/22 12:21:00,NPP-375,Mozambique,Inhambane,Massinga,,,,,7.0,-22.90883,35.45951
2026/02/22 23:30:00,NPP-375,Mozambique,Zambezia,Mocuba,,,,,0.1,-16.72666,37.28635
2026/02/22 23:30:00,NPP-375,Mozambique,Tete,Moatize,,,,,3.1,-16.20004,33.84129
2026/02/22 23:30:00,NPP-375,Mozambique,Zambezia,Alto Molocue,,,,,0.6,-15.65907,37.65245
2026/02/22 23:30:00,NPP-375,Mozambique,Tete,Moatize,,,,,0.9,-16.20879,33.84015
2026/02/22 23:33:00,NPP-375,Mozambique,Inhambane,Inhassoro,,,,,1.1,-21.6216,35.47113
2026/02/22 23:33:00,NPP-375,Mozambique,Inhambane,Inhassoro,,,,,0.4,-21.74925,35.06009
2026/02/22 23:33:00,NPP-375,Mozambique,Inhambane,Inhassoro,,,,,0.8,-21.61603,35.46843
2026/02/22 23:33:00,NPP-375,Mozambique,Inhambane,Inhassoro,,,,,1.3,-21.62126,35.4678
2026/02/22 23:35:00,NPP-375,Mozambique,Maputo,Matutuíne,,,,,0.7,-26.63679,32.8015
2026/02/22 23:35:00,NPP-375,Mozambique,Maputo,Matutuíne,,,,,0.7,-26.64148,32.80087
2026/02/23 10:21:00,NPP-375D,Mozambique,Nampula,Mossuril,,,,,3.5,-15.13904,40.33689
2026/02/23 10:21:00,NPP-375D,Mozambique,Nampula,Mongincual,,,,,3.4,-15.30894,40.1703
2026/02/23 10:21:00,NPP-375D,Mozambique,Nampula,Mongincual,,,,,2.4,-15.35757,40.23028
2026/02/23 11:59:00,NPP-375D,Mozambique,Maputo,Marracuene,,,,,3.6,-25.72566,32.6775
2026/02/23 11:59:00,NPP-375D,Mozambique,Gaza,Mandlakazi,,,,,4.4,-24.85536,34.09954
2026/02/23 11:59:00,NPP-375D,Mozambique,Maputo,Marracuene,,,,,3.6,-25.72645,32.67346
2026/02/23 11:59:00,NPP-375D,Mozambique,Gaza,Bilene,,,,,2.8,-25.23624,33.2815
2026/02/23 11:59:00,NPP-375D,Mozambique,Gaza,Mandlakazi,,,,,3.4,-24.85208,34.0973
2026/02/23 11:59:00,NPP-375D,Mozambique,Gaza,Massingir,,,,,6.1,-23.82941,32.06638
2026/02/23 11:59:00,NPP-375D,Mozambique,Gaza,Mandlakazi,,,,,2.8,-24.89248,34.06078
2026/02/23 11:59:00,NPP-375D,Mozambique,Gaza,Chókwè,,,,,7.2,-24.75442,33.31202
2026/02/23 11:59:00,NPP-375D,Mozambique,Inhambane,Vilanculos,,,,,10.7,-22.55927,35.4432
2026/02/23 11:59:00,NPP-375D,Mozambique,Gaza,Xai-Xai,,,,,14.2,-25.11239,33.65558
2026/02/23 11:59:00,NPP-375D,Mozambique,Inhambane,Vilanculos,,,,,5.8,-22.53094,35.42605
2026/02/23 11:59:00,NPP-375D,Mozambique,Gaza,Xai-Xai,,,,,1.6,-25.02221,33.42803
2026/02/23 11:59:00,NPP-375D,Mozambique,Inhambane,Vilanculos,,,,,8.2,-22.53024,35.42929
2026/02/23 11:59:00,NPP-375D,Mozambique,Inhambane,Massinga,,,,,3.5,-22.80931,35.44083
2026/02/23 11:59:00,NPP-375D,Mozambique,Gaza,Xai-Xai,,,,,14.2,-25.11331,33.65105
2026/02/23 11:59:00,NPP-375D,Mozambique,Gaza,Xai-Xai,,,,,9.0,-25.11672,33.6566
2026/02/23 11:59:00,NPP-375D,Mozambique,Inhambane,Massinga,,,,,4.0,-22.88119,35.41406
2026/02/23 11:59:00,NPP-375D,Mozambique,Gaza,Mandlakazi,,,,,3.6,-24.89976,34.09341
2026/02/23 12:01:00,NPP-375,Mozambique,Zambezia,Morrumbala,,,,,4.9,-17.43136,35.68044
2026/02/23 12:01:00,NPP-375,Mozambique,Zambezia,Morrumbala,,,,,3.9,-17.3528,35.85149
2026/02/23 12:01:00,NPP-375,Mozambique,Sofala,Dondo,,,,,2.2,-19.80528,34.92569
2026/02/23 12:01:00,NPP-375,Mozambique,Manica,Mossurize,,,,,1.4,-20.3847,32.94943
2026/02/23 12:01:00,NPP-375,Mozambique,Sofala,Gorongosa,,,,,2.1,-18.55014,34.54749
2026/02/23 12:01:00,NPP-375,Mozambique,Zambezia,Morrumbala,,,,,3.2,-17.48909,35.69292
2026/02/23 12:01:00,NPP-375,Mozambique,Manica,Mossurize,,,,,3.1,-20.19419,32.98362
2026/02/23 12:01:00,NPP-375,Mozambique,Zambezia,Mopeia,,,,,2.6,-17.90791,35.52628
2026/02/23 12:01:00,NPP-375,Mozambique,Zambezia,Morrumbala,,,,,4.0,-17.50014,35.89426
2026/02/23 12:01:00,NPP-375,Mozambique,Zambezia,Morrumbala,,,,,2.9,-17.34059,35.46157
2026/02/23 12:01:00,NPP-375,Mozambique,Sofala,Dondo,,,,,1.5,-19.68603,34.87513
2026/02/23 12:01:00,NPP-375,Mozambique,Zambezia,Morrumbala,,,,,3.5,-17.58481,35.40998
2026/02/23 12:01:00,NPP-375,Mozambique,Sofala,Gorongosa,,,,,2.2,-18.55805,34.53537
2026/02/23 12:01:00,NPP-375,Mozambique,Manica,Mossurize,,,,,9.5,-20.06079,32.96597
2026/02/23 12:01:00,NPP-375,Mozambique,Sofala,Gorongosa,,,,,5.2,-18.4706,34.58901
2026/02/23 23:11:00,NPP-375,Mozambique,Zambezia,Alto Molocue,,,,,0.2,-15.65602,37.65164
2026/02/23 23:11:00,NPP-375,Mozambique,Tete,Changara,,,,,0.5,-15.88745,33.02481
2026/02/23 23:11:00,NPP-375,Mozambique,Sofala,Marromeu,,,,,1.5,-18.92703,36.01454
2026/02/23 23:13:00,NPP-375,Mozambique,Maputo City,Maputo,,,,,1.1,-25.9004,32.43405
2026/02/24 11:40:00,NPP-375D,Mozambique,Maputo,Namaacha,,,,,6.6,-25.80321,31.97461
2026/02/24 11:40:00,NPP-375D,Mozambique,Maputo,Matutuíne,,,,,1.8,-26.85262,32.76542
2026/02/24 11:40:00,NPP-375D,Mozambique,Maputo,Manhiça,,,,,2.2,-25.3805,32.77036
2026/02/24 11:40:00,NPP-375D,Mozambique,Maputo,Manhiça,,,,,2.1,-25.47198,32.87661
2026/02/24 11:40:00,NPP-375D,Mozambique,Maputo,Manhiça,,,,,3.5,-25.33467,32.9472
2026/02/24 11:40:00,NPP-375D,Mozambique,Gaza,Bilene,,,,,3.0,-25.30093,33.19739
2026/02/24 11:42:00,NPP-375D,Mozambique,Inhambane,Massinga,,,,,5.6,-22.79154,35.40266
2026/02/24 11:42:00,NPP-375D,Mozambique,Manica,Mossurize,,,,,3.0,-20.1754,32.94584
2026/02/24 11:42:00,NPP-375D,Mozambique,Sofala,Muanza,,,,,4.4,-19.2909,35.02132
2026/02/24 11:42:00,NPP-375D,Mozambique,Sofala,Muanza,,,,,4.9,-19.04484,35.61109
2026/02/24 11:42:00,NPP-375D,Mozambique,Inhambane,Massinga,,,,,4.2,-22.99623,35.5146
2026/02/24 11:42:00,NPP-375D,Mozambique,Inhambane,Panda,,,,,6.4,-24.0469,34.70383
2026/02/24 11:42:00,NPP-375D,Mozambique,Manica,Mossurize,,,,,3.5,-20.175,32.9464
2026/02/24 11:42:00,NPP-375D,Mozambique,Maputo,Magude,,,,,2.8,-25.17988,32.58371
2026/02/24 11:42:00,NPP-375D,Mozambique,Manica,Gondola,,,,,9.3,-19.22931,33.76347
2026/02/24 11:42:00,NPP-375D,Mozambique,Inhambane,Inhassoro,,,,,2.7,-21.63875,35.21037
2026/02/24 11:42:00,NPP-375D,Mozambique,Gaza,Chigubo,,,,,1.9,-22.83288,33.13139
2026/02/24 11:42:00,NPP-375D,Mozambique,Inhambane,Massinga,,,,,15.4,-22.63241,35.49503
2026/02/24 11:42:00,NPP-375D,Mozambique,Inhambane,Vilanculos,,,,,4.2,-22.36218,35.50121
2026/02/24 11:42:00,NPP-375D,Mozambique,Sofala,Dondo,,,,,3.1,-19.52237,35.12188
2026/02/24 11:42:00,NPP-375D,Mozambique,Sofala,Buzi,,,,,5.8,-19.68817,34.26274
2026/02/24 11:42:00,NPP-375D,Mozambique,Inhambane,Zavala,,,,,2.2,-24.76587,34.66469
2026/02/24 11:42:00,NPP-375D,Mozambique,Manica,Sussundenga,,,,,2.8,-19.58869,33.3931
2026/02/24 11:42:00,NPP-375D,Mozambique,Sofala,Muanza,,,,,3.7,-19.11919,35.47696
2026/02/24 11:42:00,NPP-375D,Mozambique,Maputo,Manhiça,,,,,1.7,-25.21332,32.81426
2026/02/24 11:42:00,NPP-375D,Mozambique,Sofala,Dondo,,,,,4.4,-19.61572,35.02887
2026/02/24 11:42:00,NPP-375D,Mozambique,Sofala,Nhamatanda,,,,,7.2,-19.12403,34.45268
2026/02/24 11:42:00,NPP-375D,Mozambique,Sofala,Marromeu,,,,,4.3,-18.92559,36.02401
2026/02/24 11:42:00,NPP-375D,Mozambique,Inhambane,Inhassoro,,,,,3.4,-21.64257,35.21115
2026/02/24 11:42:00,NPP-375D,Mozambique,Sofala,Buzi,,,,,34.9,-19.63892,34.38701
2026/02/24 11:42:00,NPP-375D,Mozambique,Sofala,Marromeu,,,,,4.3,-18.93055,36.02081
2026/02/24 11:42:00,NPP-375D,Mozambique,Sofala,Dondo,,,,,5.9,-19.42132,34.92572
2026/02/24 11:42:00,NPP-375D,Mozambique,Sofala,Marromeu,,,,,2.8,-18.66933,36.09157
2026/02/24 11:42:00,NPP-375D,Mozambique,Sofala,Nhamatanda,,,,,3.3,-19.35633,34.23336
2026/02/24 11:42:00,NPP-375D,Mozambique,Gaza,Xai-Xai,,,,,2.6,-25.13701,33.4291
2026/02/24 11:42:00,NPP-375D,Mozambique,Inhambane,Vilanculos,,,,,7.8,-22.16648,35.29716
2026/02/24 11:42:00,NPP-375D,Mozambique,Gaza,Bilene,,,,,1.6,-25.07867,33.16659
2026/02/24 11:42:00,NPP-375D,Mozambique,Manica,Sussundenga,,,,,5.6,-19.64332,33.37703
2026/02/24 11:42:00,NPP-375D,Mozambique,Sofala,Cheringoma,,,,,2.2,-18.80959,35.6875
2026/02/24 11:42:00,NPP-375D,Mozambique,Inhambane,Massinga,,,,,6.4,-23.00004,35.51538
2026/02/24 11:42:00,NPP-375D,Mozambique,Inhambane,Massinga,,,,,1.9,-23.27213,35.45333
2026/02/24 11:42:00,NPP-375D,Mozambique,Inhambane,Inhassoro,,,,,4.0,-21.63782,35.21543
2026/02/24 11:42:00,NPP-375D,Mozambique,Manica,Mossurize,,,,,1.3,-20.58448,32.83222
2026/02/24 11:42:00,NPP-375D,Mozambique,Gaza,Bilene,,,,,1.6,-25.00791,33.00167
2026/02/24 11:42:00,NPP-375D,Mozambique,Inhambane,Homoine,,,,,8.4,-23.93682,35.00999
2026/02/24 11:42:00,NPP-375D,Mozambique,Manica,Gondola,,,,,6.8,-19.37585,33.65133
2026/02/24 11:42:00,NPP-375D,Mozambique,Sofala,Dondo,,,,,4.8,-19.52631,35.12267
2026/02/24 11:42:00,NPP-375D,Mozambique,Sofala,Cheringoma,,,,,4.2,-18.62654,35.52559
2026/02/24 11:42:00,NPP-375D,Mozambique,Sofala,Dondo,,,,,10.8,-19.61477,35.03409
2026/02/24 11:42:00,NPP-375D,Mozambique,Inhambane,Vilanculos,,,,,4.2,-22.35834,35.50041
2026/02/24 11:42:00,NPP-375D,Mozambique,Manica,Gondola,,,,,3.2,-19.48182,33.44962
2026/02/24 11:42:00,NPP-375D,Mozambique,Inhambane,Massinga,,,,,5.4,-22.7895,35.40018
2026/02/24 11:42:00,NPP-375D,Mozambique,Inhambane,Massinga,,,,,3.6,-23.22132,35.47344
2026/02/24 11:42:00,NPP-375D,Mozambique,Sofala,Dondo,,,,,4.8,-19.49688,35.17189
2026/02/24 11:42:00,NPP-375D,Mozambique,Sofala,Buzi,,,,,71.0,-19.63979,34.38216
2026/02/24 11:42:00,NPP-375D,Mozambique,Gaza,Mandlakazi,,,,,3.2,-24.15114,33.9371
2026/02/24 11:42:00,NPP-375D,Mozambique,Manica,Sussundenga,,,,,3.6,-20.0511,33.12178
2026/02/24 11:42:00,NPP-375D,Mozambique,Manica,Sussundenga,,,,,7.3,-19.62537,33.39541
2026/02/24 11:42:00,NPP-375D,Mozambique,Gaza,Mandlakazi,,,,,2.9,-24.15187,33.93288
2026/02/24 11:42:00,NPP-375D,Mozambique,Inhambane,Panda,,,,,11.3,-24.0877,34.34494
2026/02/24 11:42:00,NPP-375D,Mozambique,Sofala,Dondo,,,,,5.9,-19.42522,34.92649
2026/02/24 11:44:00,NPP-375D,Mozambique,Manica,Tambara,,,,,5.0,-16.75708,34.36949
2026/02/24 11:44:00,NPP-375D,Mozambique,Zambezia,Morrumbala,,,,,3.1,-16.79779,35.49787
2026/02/24 11:44:00,NPP-375D,Mozambique,Zambezia,Morrumbala,,,,,3.2,-16.79678,35.49783
2026/02/24 11:44:00,NPP-375D,Mozambique,Zambezia,Milange,,,,,2.7,-16.59914,35.65341
2026/02/24 11:44:00,NPP-375D,Mozambique,Zambezia,Mopeia,,,,,3.4,-17.911,35.55184
2026/02/24 11:44:00,NPP-375D,Mozambique,Zambezia,Morrumbala,,,,,5.4,-16.58328,35.66719
2026/02/24 11:44:00,NPP-375D,Mozambique,Sofala,Gorongosa,,,,,4.1,-18.54335,33.81128
2026/02/24 11:44:00,NPP-375D,Mozambique,Zambezia,Morrumbala,,,,,3.7,-16.68924,35.70563
2026/02/24 11:44:00,NPP-375D,Mozambique,Zambezia,Milange,,,,,3.6,-16.52783,35.57319
2026/02/24 11:44:00,NPP-375D,Mozambique,Sofala,Marromeu,,,,,4.1,-18.41406,35.97599
2026/02/24 11:44:00,NPP-375D,Mozambique,Zambezia,Morrumbala,,,,,2.2,-16.65831,35.40385
2026/02/24 11:44:00,NPP-375D,Mozambique,Zambezia,Morrumbala,,,,,2.6,-17.15653,35.69102
2026/02/24 11:44:00,NPP-375D,Mozambique,Zambezia,Mocuba,,,,,3.5,-16.74969,36.32825
2026/02/24 11:44:00,NPP-375D,Mozambique,Zambezia,Morrumbala,,,,,4.6,-16.74633,36.24703
2026/02/24 11:44:00,NPP-375D,Mozambique,Sofala,Gorongosa,,,,,5.0,-18.57256,33.79781
2026/02/24 11:44:00,NPP-375D,Mozambique,Zambezia,Morrumbala,,,,,3.5,-16.73458,35.96956
2026/02/24 11:44:00,NPP-375D,Mozambique,Zambezia,Morrumbala,,,,,2.5,-17.49045,35.89516
2026/02/24 11:44:00,NPP-375D,Mozambique,Manica,Barue,,,,,3.3,-17.87626,33.3233
2026/02/24 11:44:00,NPP-375D,Mozambique,Zambezia,Mocuba,,,,,4.7,-16.75313,36.34615
2026/02/24 11:44:00,NPP-375D,Mozambique,Zambezia,Morrumbala,,,,,5.2,-16.65882,36.01334
2026/02/24 11:44:00,NPP-375D,Mozambique,Zambezia,Morrumbala,,,,,2.9,-17.1942,35.36832
2026/02/24 11:44:00,NPP-375D,Mozambique,Zambezia,Morrumbala,,,,,4.5,-16.8866,35.95385
2026/02/24 11:44:00,NPP-375D,Mozambique,Zambezia,Morrumbala,,,,,6.7,-16.81638,36.13506
2026/02/24 11:44:00,NPP-375D,Mozambique,Manica,Barue,,,,,2.8,-18.27867,33.13689
2026/02/24 11:44:00,NPP-375D,Mozambique,Zambezia,Morrumbala,,,,,1.7,-17.46807,35.69301
2026/02/24 11:44:00,NPP-375D,Mozambique,Zambezia,Lugela,,,,,5.3,-16.41917,36.4626
2026/02/24 11:44:00,NPP-375D,Mozambique,Sofala,Gorongosa,,,,,4.1,-18.54253,33.81594
2026/02/24 11:44:00,NPP-375D,Mozambique,Zambezia,Morrumbala,,,,,2.2,-17.38853,35.49098
2026/02/24 11:44:00,NPP-375D,Mozambique,Zambezia,Morrumbala,,,,,3.2,-17.01407,35.70658
2026/02/24 11:44:00,NPP-375D,Mozambique,Zambezia,Morrumbala,,,,,3.3,-17.02345,35.84705
2026/02/24 11:44:00,NPP-375D,Mozambique,Zambezia,Morrumbala,,,,,3.8,-16.62189,35.72258
2026/02/24 11:44:00,NPP-375D,Mozambique,Sofala,Chemba,,,,,3.6,-17.0379,34.68897
2026/02/24 11:44:00,NPP-375D,Mozambique,Sofala,Gorongosa,,,,,1.4,-18.45366,34.01198
2026/02/24 11:44:00,NPP-375D,Mozambique,Zambezia,Morrumbala,,,,,2.4,-17.13885,35.93156
2026/02/24 11:44:00,NPP-375D,Mozambique,Sofala,Gorongosa,,,,,3.1,-18.43943,34.00447
2026/02/24 11:44:00,NPP-375D,Mozambique,Zambezia,Morrumbala,,,,,4.2,-17.27954,35.80233
2026/02/24 11:44:00,NPP-375D,Mozambique,Zambezia,Morrumbala,,,,,5.8,-17.28212,35.80235
2026/02/24 11:44:00,NPP-375D,Mozambique,Sofala,Maringue,,,,,5.8,-18.19685,34.35415
2026/02/24 11:44:00,NPP-375D,Mozambique,Zambezia,Lugela,,,,,2.2,-16.46371,36.57495
2026/02/24 11:44:00,NPP-375D,Mozambique,Manica,Tambara,,,,,3.1,-16.75505,34.45046
2026/02/24 11:44:00,NPP-375D,Mozambique,Zambezia,Morrumbala,,,,,2.6,-17.36828,35.95953
2026/02/24 11:44:00,NPP-375D,Mozambique,Zambezia,Morrumbala,,,,,6.0,-16.58243,35.53004
2026/02/24 11:44:00,NPP-375D,Mozambique,Zambezia,Morrumbala,,,,,5.3,-16.56531,35.4883
2026/02/24 11:44:00,NPP-375D,Mozambique,Zambezia,Morrumbala,,,,,2.4,-17.36963,35.95856
2026/02/24 11:44:00,NPP-375D,Mozambique,Zambezia,Morrumbala,,,,,2.8,-17.17583,36.14566
2026/02/24 11:44:00,NPP-375D,Mozambique,Zambezia,Mopeia,,,,,4.7,-17.83993,35.53693
2026/02/24 11:44:00,NPP-375D,Mozambique,Zambezia,Milange,,,,,1.9,-16.45119,36.11152
2026/02/24 11:44:00,NPP-375D,Mozambique,Zambezia,Morrumbala,,,,,4.5,-16.862,36.13457
2026/02/24 11:44:00,NPP-375D,Mozambique,Zambezia,Morrumbala,,,,,5.0,-17.15456,35.67783
2026/02/24 11:44:00,NPP-375D,Mozambique,Zambezia,Morrumbala,,,,,5.6,-17.48235,35.54552
2026/02/24 11:44:00,NPP-375D,Mozambique,Zambezia,Morrumbala,,,,,5.6,-17.42039,35.97321
2026/02/24 22:52:00,NPP-375,Mozambique,Tete,Moatize,,,,,1.3,-16.19685,33.84335
2026/02/24 22:52:00,NPP-375,Mozambique,Tete,Moatize,,,,,2.0,-16.11896,33.76241
2026/02/24 22:52:00,NPP-375,Mozambique,Tete,Moatize,,,,,2.7,-16.11821,33.75804
2026/02/24 22:52:00,NPP-375,Mozambique,Tete,Moatize,,,,,2.0,-16.12259,33.76172
2026/02/24 22:52:00,NPP-375,Mozambique,Tete,Moatize,,,,,1.3,-16.20046,33.84266
2026/02/24 22:52:00,NPP-375,Mozambique,Tete,Moatize,,,,,1.3,-16.1961,33.83904
2026/02/24 22:52:00,NPP-375,Mozambique,Tete,Moatize,,,,,1.3,-16.19971,33.83835
2026/02/24 22:52:00,NPP-375,Mozambique,Tete,Moatize,,,,,1.8,-16.19249,33.83974
2026/02/24 22:52:00,NPP-375,Mozambique,Tete,Moatize,,,,,3.6,-16.134,33.71914
2026/02/24 22:54:00,NPP-375,Mozambique,Gaza,Chigubo,,,,,1.3,-22.8238,33.10792
2026/02/24 22:54:00,NPP-375,Mozambique,Sofala,Cheringoma,,,,,1.3,-19.02666,35.71493
2026/02/24 22:54:00,NPP-375,Mozambique,Inhambane,Inhassoro,,,,,0.8,-21.74715,35.05973
2026/02/24 22:54:00,NPP-375,Mozambique,Manica,Manica,,,,,0.5,-19.05663,33.25187
2026/02/24 22:56:00,NPP-375,Mozambique,Maputo,Manhiça,,,,,1.2,-25.31777,32.84494
2026/02/25 11:21:00,NPP-375D,Mozambique,Gaza,Bilene,,,,,2.7,-25.19051,33.23766
2026/02/25 11:21:00,NPP-375D,Mozambique,Inhambane,Vilanculos,,,,,1.8,-22.15499,34.97757
2026/02/25 11:21:00,NPP-375D,Mozambique,Maputo,Matutuíne,,,,,4.5,-26.79839,32.71211
2026/02/25 11:21:00,NPP-375D,Mozambique,Gaza,Xai-Xai,,,,,3.2,-25.2306,33.43002
2026/02/25 11:21:00,NPP-375D,Mozambique,Maputo,Matutuíne,,,,,5.1,-26.50855,32.48723
2026/02/25 11:21:00,NPP-375D,Mozambique,Maputo,Marracuene,,,,,2.4,-25.65461,32.69125
2026/02/25 11:21:00,NPP-375D,Mozambique,Gaza,Bilene,,,,,2.7,-25.19769,33.23881
2026/02/25 11:21:00,NPP-375D,Mozambique,Maputo,Matutuíne,,,,,5.2,-26.72022,32.85055
2026/02/25 11:21:00,NPP-375D,Mozambique,Maputo,Marracuene,,,,,2.7,-25.65673,32.68871
2026/02/25 11:21:00,NPP-375D,Mozambique,Maputo,Marracuene,,,,,2.9,-25.58385,32.80183
2026/02/25 11:21:00,NPP-375D,Mozambique,Inhambane,Jangamo,,,,,0.8,-24.21166,35.15239
2026/02/25 11:21:00,NPP-375D,Mozambique,Gaza,Bilene,,,,,6.1,-25.18332,33.23652
2026/02/25 11:21:00,NPP-375D,Mozambique,Gaza,Bilene,,,,,2.7,-25.1941,33.23823
2026/02/25 11:21:00,NPP-375D,Mozambique,Inhambane,Zavala,,,,,2.2,-24.60723,34.77981
2026/02/25 11:21:00,NPP-375D,Mozambique,Inhambane,Zavala,,,,,2.2,-24.60383,34.77924
2026/02/25 11:21:00,NPP-375D,Mozambique,Maputo,Marracuene,,,,,4.0,-25.65514,32.76165
2026/02/25 11:21:00,NPP-375D,Mozambique,Inhambane,Vilanculos,,,,,3.8,-22.23721,35.01125
2026/02/25 11:21:00,NPP-375D,Mozambique,Inhambane,Inharrime,,,,,2.9,-24.45475,34.75008
2026/02/25 11:21:00,NPP-375D,Mozambique,Maputo,Moamba,,,,,6.4,-25.57906,32.1755
2026/02/25 11:21:00,NPP-375D,Mozambique,Inhambane,Jangamo,,,,,1.3,-24.27458,35.17902
2026/02/25 11:23:00,NPP-375D,Mozambique,Zambezia,Morrumbala,,,,,2.7,-16.72178,36.06908
2026/02/25 11:23:00,NPP-375D,Mozambique,Zambezia,Morrumbala,,,,,2.5,-17.10735,36.12489
2026/02/25 11:23:00,NPP-375D,Mozambique,Zambezia,Morrumbala,,,,,3.1,-16.72842,35.63658
2026/02/25 11:23:00,NPP-375D,Mozambique,Zambezia,Milange,,,,,1.0,-16.40665,35.39388
2026/02/25 11:23:00,NPP-375D,Mozambique,Zambezia,Morrumbala,,,,,1.9,-16.90804,35.95334
2026/02/25 11:23:00,NPP-375D,Mozambique,Sofala,Caia,,,,,4.0,-17.79804,35.36248
2026/02/25 11:23:00,NPP-375D,Mozambique,Sofala,Nhamatanda,,,,,1.4,-19.1729,34.43932
2026/02/25 11:23:00,NPP-375D,Mozambique,Zambezia,Morrumbala,,,,,3.2,-17.05921,35.64436
2026/02/25 11:23:00,NPP-375D,Mozambique,Manica,Gondola,,,,,3.0,-18.98281,33.83676
2026/02/25 11:23:00,NPP-375D,Mozambique,Sofala,Cheringoma,,,,,3.1,-18.75717,35.60947
2026/02/25 11:23:00,NPP-375D,Mozambique,Zambezia,Morrumbala,,,,,3.4,-17.47237,36.02881
2026/02/25 11:23:00,NPP-375D,Mozambique,Sofala,Cheringoma,,,,,6.0,-18.76293,35.60688
2026/02/25 11:23:00,NPP-375D,Mozambique,Sofala,Maringue,,,,,1.4,-17.48543,34.34199
2026/02/25 11:23:00,NPP-375D,Mozambique,Zambezia,Morrumbala,,,,,3.6,-16.74866,35.64014
2026/02/25 11:23:00,NPP-375D,Mozambique,Zambezia,Mocuba,,,,,5.5,-16.78007,36.33688
2026/02/25 11:23:00,NPP-375D,Mozambique,Sofala,Marromeu,,,,,2.2,-18.32472,35.62858
2026/02/25 11:23:00,NPP-375D,Mozambique,Zambezia,Morrumbala,,,,,2.3,-16.93242,35.67205
2026/02/25 11:23:00,NPP-375D,Mozambique,Tete,Mutarara,,,,,3.6,-16.86439,34.73071
2026/02/25 11:23:00,NPP-375D,Mozambique,Zambezia,Morrumbala,,,,,3.0,-17.23362,35.97113
2026/02/25 11:23:00,NPP-375D,Mozambique,Zambezia,Morrumbala,,,,,3.9,-17.28333,35.74789
2026/02/25 11:23:00,NPP-375D,Mozambique,Sofala,Muanza,,,,,3.3,-19.29182,34.9899
2026/02/25 11:23:00,NPP-375D,Mozambique,Zambezia,Milange,,,,,3.6,-16.27067,36.22453
2026/02/25 11:23:00,NPP-375D,Mozambique,Zambezia,Gurue,,,,,3.8,-15.46326,36.74739
2026/02/25 11:23:00,NPP-375D,Mozambique,Sofala,Cheringoma,,,,,3.2,-18.76962,35.60805
2026/02/25 11:23:00,NPP-375D,Mozambique,Sofala,Marromeu,,,,,2.7,-18.3263,35.62907
2026/02/25 11:23:00,NPP-375D,Mozambique,Manica,Gondola,,,,,5.0,-19.22527,33.75019
2026/02/25 11:23:00,NPP-375D,Mozambique,Zambezia,Morrumbala,,,,,3.6,-17.4306,35.69702
2026/02/25 11:23:00,NPP-375D,Mozambique,Manica,Gondola,,,,,1.2,-19.3685,33.51073
2026/02/25 11:23:00,NPP-375D,Mozambique,Sofala,Nhamatanda,,,,,2.0,-19.44078,34.09081
2026/02/25 11:23:00,NPP-375D,Mozambique,Zambezia,Morrumbala,,,,,3.6,-16.69796,35.64989
2026/02/25 11:23:00,NPP-375D,Mozambique,Zambezia,Morrumbala,,,,,1.7,-16.81505,36.20781
2026/02/25 11:23:00,NPP-375D,Mozambique,Zambezia,Morrumbala,,,,,2.4,-17.19561,35.46589
2026/02/25 11:23:00,NPP-375D,Mozambique,Zambezia,Morrumbala,,,,,4.3,-16.38143,35.29134
2026/02/25 11:23:00,NPP-375D,Mozambique,Zambezia,Morrumbala,,,,,6.1,-16.53194,35.51094
2026/02/25 11:23:00,NPP-375D,Mozambique,Tete,Mutarara,,,,,3.5,-17.13541,34.92965
2026/02/25 11:23:00,NPP-375D,Mozambique,Zambezia,Morrumbala,,,,,3.3,-16.75623,36.15794
2026/02/25 11:23:00,NPP-375D,Mozambique,Sofala,Cheringoma,,,,,3.4,-18.6593,35.23698
2026/02/25 11:23:00,NPP-375D,Mozambique,Sofala,Marromeu,,,,,2.0,-18.49347,35.55978
2026/02/25 11:23:00,NPP-375D,Mozambique,Zambezia,Morrumbala,,,,,2.2,-16.80004,36.0829
2026/02/25 11:23:00,NPP-375D,Mozambique,Zambezia,Mocuba,,,,,3.1,-16.61969,36.56744
2026/02/25 11:23:00,NPP-375D,Mozambique,Zambezia,Morrumbala,,,,,2.4,-16.73735,35.58075
2026/02/25 11:23:00,NPP-375D,Mozambique,Zambezia,Morrumbala,,,,,4.7,-17.16431,35.79261
2026/02/25 11:23:00,NPP-375D,Mozambique,Zambezia,Lugela,,,,,1.7,-16.47701,36.47303
2026/02/25 11:23:00,NPP-375D,Mozambique,Tete,Mutarara,,,,,3.0,-16.90538,34.79701
2026/02/25 11:23:00,NPP-375D,Mozambique,Zambezia,Chinde,,,,,2.7,-18.31275,36.68364
2026/02/25 11:23:00,NPP-375D,Mozambique,Sofala,Cheringoma,,,,,3.1,-18.75775,35.60578
2026/02/25 11:23:00,NPP-375D,Mozambique,Zambezia,Milange,,,,,4.6,-16.47864,35.97253
2026/02/25 11:23:00,NPP-375D,Mozambique,Zambezia,Morrumbala,,,,,3.3,-17.34856,35.86343
2026/02/25 11:23:00,NPP-375D,Mozambique,Zambezia,Mocuba,,,,,5.5,-16.82348,37.03944
2026/02/25 11:23:00,NPP-375D,Mozambique,Sofala,Cheringoma,,,,,6.0,-18.76569,35.61116
2026/02/25 11:23:00,NPP-375D,Mozambique,Zambezia,Morrumbala,,,,,2.1,-17.34903,35.81726
2026/02/25 11:23:00,NPP-375D,Mozambique,Zambezia,Morrumbala,,,,,3.5,-17.6472,35.63168
2026/02/25 11:23:00,NPP-375D,Mozambique,Zambezia,Morrumbala,,,,,7.1,-16.71778,35.45888
2026/02/25 11:23:00,NPP-375D,Mozambique,Sofala,Cheringoma,,,,,2.7,-18.46553,34.69809
2026/02/25 11:23:00,NPP-375D,Mozambique,Zambezia,Morrumbala,,,,,1.6,-16.8818,36.22374
2026/02/25 11:23:00,NPP-375D,Mozambique,Zambezia,Milange,,,,,2.3,-16.43778,35.79367
2026/02/25 11:23:00,NPP-375D,Mozambique,Zambezia,Morrumbala,,,,,3.9,-17.36303,35.70831
2026/02/25 11:23:00,NPP-375D,Mozambique,Zambezia,Morrumbala,,,,,3.0,-16.75965,36.15855
2026/02/25 11:23:00,NPP-375D,Mozambique,Sofala,Muanza,,,,,3.1,-19.04757,35.39136
2026/02/25 11:23:00,NPP-375D,Mozambique,Zambezia,Morrumbala,,,,,3.0,-17.28183,35.90961
2026/02/25 11:23:00,NPP-375D,Mozambique,Zambezia,Morrumbala,,,,,1.0,-16.68212,35.72786
2026/02/25 11:23:00,NPP-375D,Mozambique,Zambezia,Morrumbala,,,,,4.9,-16.52164,35.83581
2026/02/25 11:23:00,NPP-375D,Mozambique,Sofala,Marromeu,,,,,1.7,-18.25429,35.76889
2026/02/25 11:23:00,NPP-375D,Mozambique,Zambezia,Morrumbala,,,,,5.0,-16.54557,35.49056
2026/02/25 11:23:00,NPP-375D,Mozambique,Zambezia,Morrumbala,,,,,3.6,-16.69841,35.65053
2026/02/25 11:23:00,NPP-375D,Mozambique,Zambezia,Mocuba,,,,,2.9,-16.61406,36.55819
2026/02/25 11:23:00,NPP-375D,Mozambique,Zambezia,Morrumbala,,,,,1.4,-16.70351,35.70516
2026/02/25 11:23:00,NPP-375D,Mozambique,Zambezia,Lugela,,,,,0.7,-16.42409,36.35153
2026/02/25 11:23:00,NPP-375D,Mozambique,Zambezia,Morrumbala,,,,,3.5,-16.73562,36.19786
2026/02/25 11:23:00,NPP-375D,Mozambique,Tete,Mutarara,,,,,2.0,-17.51832,35.20495
2026/02/25 11:23:00,NPP-375D,Mozambique,Zambezia,Morrumbala,,,,,4.5,-17.53734,35.5557
2026/02/25 11:23:00,NPP-375D,Mozambique,Inhambane,Mabote,,,,,3.7,-21.85621,34.04553
2026/02/25 11:23:00,NPP-375D,Mozambique,Zambezia,Morrumbala,,,,,1.5,-17.334,35.95386
2026/02/25 11:23:00,NPP-375D,Mozambique,Sofala,Cheringoma,,,,,3.5,-18.77034,35.30556
2026/02/25 11:23:00,NPP-375D,Mozambique,Sofala,Cheringoma,,,,,3.0,-18.55499,34.68724
2026/02/25 11:23:00,NPP-375D,Mozambique,Zambezia,Mocuba,,,,,3.0,-16.80039,36.36448
2026/02/25 11:23:00,NPP-375D,Mozambique,Zambezia,Chinde,,,,,2.5,-18.13178,35.88133
2026/02/25 11:23:00,NPP-375D,Mozambique,Manica,Tambara,,,,,4.3,-16.8292,34.30187
2026/02/25 11:23:00,NPP-375D,Mozambique,Sofala,Gorongosa,,,,,4.1,-18.38679,34.58777
2026/02/25 11:23:00,NPP-375D,Mozambique,Manica,Gondola,,,,,2.4,-19.02242,33.80134
2026/02/25 11:23:00,NPP-375D,Mozambique,Sofala,Cheringoma,,,,,3.2,-18.76904,35.61174
2026/02/25 11:23:00,NPP-375D,Mozambique,Zambezia,Morrumbala,,,,,2.6,-16.95119,35.83675
2026/02/25 11:23:00,NPP-375D,Mozambique,Zambezia,Morrumbala,,,,,2.1,-16.69291,35.39772
2026/02/25 11:23:00,NPP-375D,Mozambique,Zambezia,Morrumbala,,,,,2.2,-17.13448,35.8918
2026/02/25 11:23:00,NPP-375D,Mozambique,Sofala,Buzi,,,,,4.8,-19.71915,34.15622
2026/02/25 11:23:00,NPP-375D,Mozambique,Zambezia,Milange,,,,,2.3,-16.36056,36.20834
2026/02/25 11:23:00,NPP-375D,Mozambique,Zambezia,Mocuba,,,,,3.6,-16.58847,36.29087
2026/02/25 11:23:00,NPP-375D,Mozambique,Zambezia,Morrumbala,,,,,6.5,-17.32539,35.81311
2026/02/25 11:23:00,NPP-375D,Mozambique,Sofala,Nhamatanda,,,,,4.0,-19.11547,34.35101
2026/02/25 11:23:00,NPP-375D,Mozambique,Sofala,Marromeu,,,,,1.6,-18.90178,35.89076
2026/02/25 11:23:00,NPP-375D,Mozambique,Zambezia,Mocuba,,,,,6.3,-16.82278,37.04355
2026/02/25 11:23:00,NPP-375D,Mozambique,Sofala,Gorongosa,,,,,15.8,-18.56816,33.92786
2026/02/25 11:23:00,NPP-375D,Mozambique,Zambezia,Morrumbala,,,,,2.3,-17.25229,35.54379
2026/02/25 11:23:00,NPP-375D,Mozambique,Zambezia,Mocuba,,,,,4.9,-16.63792,36.58714
2026/02/25 11:23:00,NPP-375D,Mozambique,Sofala,Muanza,,,,,3.1,-19.22648,35.11005
2026/02/25 11:23:00,NPP-375D,Mozambique,Sofala,Gorongosa,,,,,5.7,-18.43775,34.16961
2026/02/25 11:23:00,NPP-375D,Mozambique,Zambezia,Morrumbala,,,,,3.9,-17.49636,35.70495
2026/02/25 11:23:00,NPP-375D,Mozambique,Zambezia,Morrumbala,,,,,2.4,-17.02428,35.81884
2026/02/25 11:23:00,NPP-375D,Mozambique,Sofala,Gorongosa,,,,,3.3,-18.42839,34.5611
2026/02/25 11:23:00,NPP-375D,Mozambique,Zambezia,Morrumbala,,,,,1.9,-17.37138,35.65615
2026/02/25 11:23:00,NPP-375D,Mozambique,Zambezia,Morrumbala,,,,,1.7,-16.73968,36.19461
2026/02/25 11:23:00,NPP-375D,Mozambique,Sofala,Gorongosa,,,,,1.8,-18.50453,34.57038
2026/02/25 11:23:00,NPP-375D,Mozambique,Zambezia,Morrumbala,,,,,2.8,-16.83799,35.71684
2026/02/25 11:23:00,NPP-375D,Mozambique,Zambezia,Lugela,,,,,3.2,-16.45099,36.40461
2026/02/25 11:23:00,NPP-375D,Mozambique,Sofala,Nhamatanda,,,,,5.2,-19.03867,34.02827
2026/02/25 11:23:00,NPP-375D,Mozambique,Sofala,Gorongosa,,,,,3.5,-18.51119,34.59393
2026/02/25 11:23:00,NPP-375D,Mozambique,Zambezia,Lugela,,,,,2.3,-16.48783,36.51562
2026/02/25 11:23:00,NPP-375D,Mozambique,Zambezia,Morrumbala,,,,,3.6,-17.493,35.70436
2026/02/25 11:23:00,NPP-375D,Mozambique,Sofala,Nhamatanda,,,,,3.3,-19.22127,34.48126
2026/02/25 11:23:00,NPP-375D,Mozambique,Tete,Mutarara,,,,,3.7,-17.18061,35.20346
2026/02/25 11:23:00,NPP-375D,Mozambique,Zambezia,Morrumbala,,,,,1.8,-17.31366,35.44841
2026/02/25 11:23:00,NPP-375D,Mozambique,Tete,Moatize,,,,,5.1,-16.21079,33.84054
2026/02/25 11:23:00,NPP-375D,Mozambique,Tete,Mutarara,,,,,6.9,-17.06708,34.90696
2026/02/25 11:23:00,NPP-375D,Mozambique,Zambezia,Morrumbala,,,,,1.5,-16.62589,36.03644
2026/02/25 11:23:00,NPP-375D,Mozambique,Sofala,Cheringoma,,,,,6.6,-18.55167,34.68669
2026/02/25 11:23:00,NPP-375D,Mozambique,Sofala,Nhamatanda,,,,,22.7,-19.12113,34.47239
2026/02/25 11:23:00,NPP-375D,Mozambique,Zambezia,Morrumbala,,,,,3.1,-17.15696,35.79518
2026/02/25 11:23:00,NPP-375D,Mozambique,Sofala,Nhamatanda,,,,,2.2,-19.45989,34.14719
2026/02/25 11:23:00,NPP-375D,Mozambique,Zambezia,Morrumbala,,,,,3.3,-17.38717,35.83933
2026/02/25 11:23:00,NPP-375D,Mozambique,Manica,Manica,,,,,5.0,-18.85458,32.75621
2026/02/25 11:23:00,NPP-375D,Mozambique,Zambezia,Mocuba,,,,,3.2,-16.81995,37.0388
2026/02/25 11:23:00,NPP-375D,Mozambique,Nampula,Moma,,,,,4.9,-15.95198,39.09534
2026/02/25 11:23:00,NPP-375D,Mozambique,Sofala,Nhamatanda,,,,,2.5,-19.43832,34.01425
2026/02/25 11:23:00,NPP-375D,Mozambique,Zambezia,Morrumbala,,,,,1.5,-16.88165,35.61718
2026/02/25 11:23:00,NPP-375D,Mozambique,Sofala,Gorongosa,,,,,1.4,-18.44466,33.9639
2026/02/25 11:23:00,NPP-375D,Mozambique,Zambezia,Milange,,,,,2.3,-16.5842,35.5962
2026/02/25 11:23:00,NPP-375D,Mozambique,Manica,Sussundenga,,,,,2.2,-19.61893,33.51131
2026/02/25 11:23:00,NPP-375D,Mozambique,Zambezia,Morrumbala,,,,,1.9,-16.80216,35.85316
2026/02/25 11:23:00,NPP-375D,Mozambique,Zambezia,Morrumbala,,,,,3.3,-17.38656,35.84309
2026/02/25 11:23:00,NPP-375D,Mozambique,Nampula,Mongincual,,,,,3.4,-15.24823,39.89878
2026/02/25 11:23:00,NPP-375D,Mozambique,Zambezia,Morrumbala,,,,,4.9,-16.67286,35.28475
2026/02/25 11:23:00,NPP-375D,Mozambique,Zambezia,Mopeia,,,,,1.9,-17.72111,35.67531
2026/02/25 11:23:00,NPP-375D,Mozambique,Zambezia,Morrumbala,,,,,2.7,-17.13737,36.09092
2026/02/25 11:23:00,NPP-375D,Mozambique,Sofala,Chibabava,,,,,5.7,-20.68485,34.29008
2026/02/25 11:23:00,NPP-375D,Mozambique,Sofala,Muanza,,,,,2.7,-19.25698,35.54546
2026/02/25 11:23:00,NPP-375D,Mozambique,Zambezia,Mopeia,,,,,1.7,-17.73279,35.53644
2026/02/25 11:23:00,NPP-375D,Mozambique,Zambezia,Morrumbala,,,,,4.0,-16.70582,35.75562
2026/02/25 11:23:00,NPP-375D,Mozambique,Manica,Gondola,,,,,2.2,-19.01736,33.78907
2026/02/25 11:23:00,NPP-375D,Mozambique,Zambezia,Morrumbala,,,,,2.2,-17.14235,35.95127
2026/02/25 11:23:00,NPP-375D,Mozambique,Zambezia,Morrumbala,,,,,2.1,-17.28587,35.58005
2026/02/25 11:23:00,NPP-375D,Mozambique,Sofala,Cheringoma,,,,,5.1,-18.64448,35.55142
2026/02/25 11:23:00,NPP-375D,Mozambique,Sofala,Gorongosa,,,,,1.7,-18.36151,34.58303
2026/02/25 11:23:00,NPP-375D,Mozambique,Zambezia,Morrumbala,,,,,4.2,-17.37883,35.82632
2026/02/25 11:23:00,NPP-375D,Mozambique,Zambezia,Morrumbala,,,,,6.9,-17.27431,35.86961
2026/02/25 11:23:00,NPP-375D,Mozambique,Tete,Moatize,,,,,9.7,-16.19693,33.84199
2026/02/25 11:23:00,NPP-375D,Mozambique,Zambezia,Lugela,,,,,5.2,-16.49473,36.38726
2026/02/25 11:23:00,NPP-375D,Mozambique,Zambezia,Mopeia,,,,,2.3,-17.66039,35.86023
2026/02/25 11:23:00,NPP-375D,Mozambique,Zambezia,Morrumbala,,,,,2.8,-17.19952,35.76782
2026/02/25 11:23:00,NPP-375D,Mozambique,Zambezia,Morrumbala,,,,,7.0,-16.75619,36.20141
2026/02/25 11:23:00,NPP-375D,Mozambique,Zambezia,Morrumbala,,,,,3.1,-16.64255,35.91051
2026/02/25 11:23:00,NPP-375D,Mozambique,Zambezia,Lugela,,,,,1.5,-16.46206,36.35822
2026/02/25 11:23:00,NPP-375D,Mozambique,Zambezia,Morrumbala,,,,,2.2,-17.45348,36.18987
2026/02/25 11:23:00,NPP-375D,Mozambique,Sofala,Muanza,,,,,3.4,-19.04814,35.38768
2026/02/25 11:23:00,NPP-375D,Mozambique,Manica,Sussundenga,,,,,7.8,-19.83072,33.27409
2026/02/25 11:23:00,NPP-375D,Mozambique,Zambezia,Morrumbala,,,,,2.3,-16.73093,35.46936
2026/02/25 11:23:00,NPP-375D,Mozambique,Sofala,Dondo,,,,,0.9,-19.44974,34.93071
2026/02/25 11:23:00,NPP-375D,Mozambique,Zambezia,Morrumbala,,,,,4.3,-16.67454,35.6881
2026/02/25 11:23:00,NPP-375D,Mozambique,Zambezia,Morrumbala,,,,,2.0,-17.47419,35.60562
2026/02/25 11:23:00,NPP-375D,Mozambique,Zambezia,Morrumbala,,,,,1.4,-16.64034,35.66293
2026/02/25 11:23:00,NPP-375D,Mozambique,Zambezia,Morrumbala,,,,,1.3,-16.71746,36.096
2026/02/25 11:23:00,NPP-375D,Mozambique,Zambezia,Morrumbala,,,,,3.7,-16.64068,35.81306
2026/02/25 11:23:00,NPP-375D,Mozambique,Sofala,Cheringoma,,,,,6.0,-18.76627,35.60746
2026/02/25 11:23:00,NPP-375D,Mozambique,Zambezia,Morrumbala,,,,,4.3,-16.66469,35.42323
2026/02/25 11:23:00,NPP-375D,Mozambique,Zambezia,Morrumbala,,,,,3.8,-17.39928,35.8723
2026/02/25 11:23:00,NPP-375D,Mozambique,Sofala,Maringue,,,,,1.9,-17.78105,34.57409
2026/02/25 11:23:00,NPP-375D,Mozambique,Zambezia,Mocuba,,,,,2.7,-16.67518,37.29636
2026/02/25 11:23:00,NPP-375D,Mozambique,Zambezia,Mocuba,,,,,3.2,-16.942,36.4984
2026/02/25 11:23:00,NPP-375D,Mozambique,Sofala,Gorongosa,,,,,2.3,-18.81997,33.97676
2026/02/25 11:23:00,NPP-375D,Mozambique,Zambezia,Mocuba,,,,,4.2,-16.7075,36.41222
2026/02/25 11:23:00,NPP-375D,Mozambique,Zambezia,Morrumbala,,,,,3.1,-16.48128,35.32384
2026/02/25 11:23:00,NPP-375D,Mozambique,Sofala,Cheringoma,,,,,3.1,-18.5328,34.69847
2026/02/25 11:23:00,NPP-375D,Mozambique,Sofala,Muanza,,,,,2.7,-19.25364,35.54488
2026/02/25 11:23:00,NPP-375D,Mozambique,Zambezia,Mocuba,,,,,3.5,-16.72794,36.39583
2026/02/25 11:23:00,NPP-375D,Mozambique,Zambezia,Morrumbala,,,,,3.8,-16.70568,36.12551
2026/02/25 11:23:00,NPP-375D,Mozambique,Sofala,Nhamatanda,,,,,5.2,-19.04202,34.02882
2026/02/25 11:23:00,NPP-375D,Mozambique,Tete,Mutarara,,,,,3.5,-17.13597,34.92601
2026/02/25 11:23:00,NPP-375D,Mozambique,Zambezia,Mocuba,,,,,5.5,-16.82417,37.03534
2026/02/25 11:23:00,NPP-375D,Mozambique,Sofala,Marromeu,,,,,3.1,-18.46957,36.03773
2026/02/25 11:23:00,NPP-375D,Mozambique,Zambezia,Morrumbala,,,,,2.8,-17.43012,35.4384
2026/02/25 11:23:00,NPP-375D,Mozambique,Sofala,Gorongosa,,,,,1.9,-19.00606,34.13257
2026/02/25 11:23:00,NPP-375D,Mozambique,Zambezia,Morrumbala,,,,,1.4,-17.5182,35.56764
2026/02/25 11:23:00,NPP-375D,Mozambique,Sofala,Dondo,,,,,2.8,-19.58746,34.96199
2026/02/25 11:23:00,NPP-375D,Mozambique,Zambezia,Morrumbala,,,,,5.7,-16.90021,35.69681
2026/02/25 11:23:00,NPP-375D,Mozambique,Zambezia,Morrumbala,,,,,3.8,-16.70506,36.12931
2026/02/25 11:23:00,NPP-375D,Mozambique,Zambezia,Morrumbala,,,,,3.2,-16.58969,35.25599
2026/02/25 11:23:00,NPP-375D,Mozambique,Zambezia,Morrumbala,,,,,3.1,-17.15755,35.79144
2026/02/25 11:25:00,NPP-375D,Mozambique,Tete,Tsangano,,,,,2.7,-15.2036,34.47827
2026/02/25 11:25:00,NPP-375D,Mozambique,Nassa,Cuamba,,,,,2.6,-14.7996,36.50614
2026/02/25 22:33:00,NPP-375,Mozambique,Tete,Moatize,,,,,3.0,-16.11562,33.75822
2026/02/25 22:33:00,NPP-375,Mozambique,Tete,Moatize,,,,,5.2,-16.19562,33.84251
2026/02/25 22:33:00,NPP-375,Mozambique,Tete,Moatize,,,,,3.0,-16.12155,33.76275
2026/02/25 22:33:00,NPP-375,Mozambique,Tete,Moatize,,,,,4.7,-16.20041,33.84141
2026/02/25 22:35:00,NPP-375,Mozambique,Inhambane,Inhassoro,,,,,1.0,-21.74707,35.05899
2026/02/25 22:35:00,NPP-375,Mozambique,Gaza,Mandlakazi,,,,,1.4,-24.99319,34.04769
2026/02/25 22:35:00,NPP-375,Mozambique,Gaza,Bilene,,,,,0.9,-25.22703,33.26894
2026/02/25 22:35:00,NPP-375,Mozambique,Gaza,Bilene,,,,,0.9,-25.22617,33.26469
2026/02/25 22:37:00,NPP-375,Mozambique,Maputo,Matutuíne,,,,,1.3,-26.51193,32.4869
2026/02/25 22:37:00,NPP-375,Mozambique,Maputo,Matutuíne,,,,,0.9,-26.39208,32.65102
2026/02/26 11:04:00,NPP-375D,Mozambique,Sofala,Dondo,,,,,2.1,-19.59324,35.04924
2026/02/26 11:04:00,NPP-375D,Mozambique,Sofala,Dondo,,,,,3.4,-19.59422,35.04755
2026/02/26 11:04:00,NPP-375D,Mozambique,Manica,Sussundenga,,,,,2.6,-19.95289,33.29137
2026/02/26 11:04:00,NPP-375D,Mozambique,Sofala,Dondo,,,,,6.8,-19.63311,35.04952
2026/02/26 11:04:00,NPP-375D,Mozambique,Sofala,Buzi,,,,,5.2,-19.82934,34.05114
2026/02/26 11:04:00,NPP-375D,Mozambique,Manica,Mossurize,,,,,4.1,-20.15469,33.05381
2026/02/26 11:04:00,NPP-375D,Mozambique,Manica,Gondola,,,,,4.0,-19.31728,33.58237
2026/02/26 11:04:00,NPP-375D,Mozambique,Manica,Mossurize,,,,,10.5,-20.49728,32.82279
2026/02/26 11:04:00,NPP-375D,Mozambique,Maputo,Manhiça,,,,,8.0,-25.39198,33.04798
2026/02/26 11:04:00,NPP-375D,Mozambique,Maputo,Marracuene,,,,,5.0,-25.69813,32.68415
2026/02/26 11:04:00,NPP-375D,Mozambique,Sofala,Cheringoma,,,,,13.3,-19.03976,35.75917
2026/02/26 11:04:00,NPP-375D,Mozambique,Inhambane,Vilanculos,,,,,2.9,-22.55661,35.32077
2026/02/26 11:04:00,NPP-375D,Mozambique,Manica,Gondola,,,,,6.6,-19.26267,33.67602
2026/02/26 11:04:00,NPP-375D,Mozambique,Sofala,Chibabava,,,,,5.3,-19.8308,34.03137
2026/02/26 11:04:00,NPP-375D,Mozambique,Sofala,Buzi,,,,,4.7,-19.8283,34.05138
2026/02/26 11:04:00,NPP-375D,Mozambique,Sofala,Nhamatanda,,,,,48.3,-19.6341,34.28117
2026/02/26 11:04:00,NPP-375D,Mozambique,Sofala,Chibabava,,,,,3.7,-19.8317,34.0311
2026/02/26 11:04:00,NPP-375D,Mozambique,Manica,Mossurize,,,,,8.2,-20.22608,32.8869
2026/02/26 11:04:00,NPP-375D,Mozambique,Sofala,Nhamatanda,,,,,7.6,-19.44826,34.05119
2026/02/26 11:04:00,NPP-375D,Mozambique,Manica,Mossurize,,,,,6.8,-20.54508,32.80605
2026/02/26 11:06:00,NPP-375D,Mozambique,Sofala,Chemba,,,,,5.0,-17.083,34.49626
2026/02/26 11:06:00,NPP-375D,Mozambique,Zambezia,Mopeia,,,,,4.3,-17.88973,35.51793
2026/02/26 11:06:00,NPP-375D,Mozambique,Sofala,Chemba,,,,,3.5,-16.92603,34.74794
2026/02/26 11:06:00,NPP-375D,Mozambique,Zambezia,Mopeia,,,,,6.1,-17.90467,35.52009
2026/02/26 11:06:00,NPP-375D,Mozambique,Sofala,Caia,,,,,4.5,-17.76171,35.32928
2026/02/26 11:06:00,NPP-375D,Mozambique,Nampula,Mossuril,,,,,4.1,-15.21288,40.34417
2026/02/26 11:06:00,NPP-375D,Mozambique,Zambezia,Milange,,,,,7.5,-16.38168,35.8275
2026/02/26 11:06:00,NPP-375D,Mozambique,Sofala,Caia,,,,,8.1,-17.85345,35.41758
2026/02/26 11:06:00,NPP-375D,Mozambique,Zambezia,Morrumbala,,,,,4.0,-17.56901,35.50621
2026/02/26 11:06:00,NPP-375D,Mozambique,Tete,Mutarara,,,,,5.3,-16.69196,34.25549
2026/02/26 11:06:00,NPP-375D,Mozambique,Manica,Guro,,,,,5.0,-16.84066,33.29755
2026/02/26 11:06:00,NPP-375D,Mozambique,Nampula,Mongincual,,,,,3.5,-15.32973,39.87158
2026/02/26 11:06:00,NPP-375D,Mozambique,Zambezia,Morrumbala,,,,,5.5,-16.51762,35.52109
2026/02/26 11:06:00,NPP-375D,Mozambique,Zambezia,Morrumbala,,,,,7.4,-16.83007,35.72759
2026/02/26 11:06:00,NPP-375D,Mozambique,Zambezia,Mopeia,,,,,3.4,-17.92475,35.54955
2026/02/26 11:06:00,NPP-375D,Mozambique,Tete,Moatize,,,,,11.8,-16.11973,33.76334
2026/02/26 11:06:00,NPP-375D,Mozambique,Sofala,Chemba,,,,,3.9,-17.23561,34.81523
2026/02/26 11:06:00,NPP-375D,Mozambique,Tete,Moatize,,,,,8.4,-16.19582,33.84099
2026/02/26 11:06:00,NPP-375D,Mozambique,Tete,Mutarara,,,,,6.5,-16.88617,34.7824
2026/02/26 11:06:00,NPP-375D,Mozambique,Zambezia,Morrumbala,,,,,7.3,-16.60956,35.65905
2026/02/26 11:06:00,NPP-375D,Mozambique,Sofala,Gorongosa,,,,,3.6,-18.60903,33.84793
2026/02/26 11:06:00,NPP-375D,Mozambique,Zambezia,Morrumbala,,,,,3.1,-16.61188,36.10054
2026/02/26 11:06:00,NPP-375D,Mozambique,Zambezia,Lugela,,,,,5.7,-16.46392,36.41201
2026/02/26 11:06:00,NPP-375D,Mozambique,Zambezia,Morrumbala,,,,,11.2,-16.83039,36.20813
2026/02/26 11:06:00,NPP-375D,Mozambique,Sofala,Nhamatanda,,,,,11.1,-19.08384,34.19949
2026/02/26 11:06:00,NPP-375D,Mozambique,Zambezia,Morrumbala,,,,,1.4,-16.7908,35.99125
2026/02/26 11:06:00,NPP-375D,Mozambique,Manica,Tambara,,,,,4.0,-16.76446,34.40796
2026/02/26 11:06:00,NPP-375D,Mozambique,Zambezia,Morrumbala,,,,,4.4,-17.45433,35.85782
2026/02/26 11:06:00,NPP-375D,Mozambique,Zambezia,Milange,,,,,7.9,-16.38284,35.82672
2026/02/26 11:06:00,NPP-375D,Mozambique,Zambezia,Morrumbala,,,,,3.0,-17.27165,35.80984
2026/02/26 11:06:00,NPP-375D,Mozambique,Zambezia,Mopeia,,,,,4.2,-17.51282,35.89179
2026/02/26 11:06:00,NPP-375D,Mozambique,Zambezia,Morrumbala,,,,,5.5,-16.52723,35.28698
2026/02/26 11:06:00,NPP-375D,Mozambique,Zambezia,Morrumbala,,,,,3.5,-17.45376,35.86073
2026/02/26 11:06:00,NPP-375D,Mozambique,Zambezia,Morrumbala,,,,,2.1,-16.73694,35.67439
2026/02/26 11:06:00,NPP-375D,Mozambique,Tete,Moatize,,,,,7.5,-16.19986,33.84152
2026/02/26 11:06:00,NPP-375D,Mozambique,Zambezia,Morrumbala,,,,,3.0,-17.23714,35.84519
2026/02/26 11:06:00,NPP-375D,Mozambique,Zambezia,Morrumbala,,,,,3.8,-17.09818,36.09577
2026/02/26 11:06:00,NPP-375D,Mozambique,Zambezia,Mocuba,,,,,2.2,-16.85199,36.43431
2026/02/26 11:06:00,NPP-375D,Mozambique,Zambezia,Mopeia,,,,,4.0,-17.92849,35.55009
2026/02/26 11:06:00,NPP-375D,Mozambique,Zambezia,Morrumbala,,,,,4.9,-16.78655,36.23569
2026/02/26 11:06:00,NPP-375D,Mozambique,Zambezia,Morrumbala,,,,,4.1,-16.72626,35.37718
2026/02/26 11:06:00,NPP-375D,Mozambique,Zambezia,Mopeia,,,,,2.1,-17.51515,35.82012
2026/02/26 11:06:00,NPP-375D,Mozambique,Nampula,Nampula,,,,,2.2,-15.12743,39.0236
2026/02/26 11:06:00,NPP-375D,Mozambique,Zambezia,Morrumbala,,,,,9.4,-16.50729,35.4327
2026/02/26 11:06:00,NPP-375D,Mozambique,Manica,Barue,,,,,2.9,-18.20787,33.21717
2026/02/26 11:06:00,NPP-375D,Mozambique,Zambezia,Morrumbala,,,,,20.7,-17.19106,36.04261
2026/02/26 11:06:00,NPP-375D,Mozambique,Nampula,Mongincual,,,,,2.4,-15.47859,40.16677
2026/02/26 11:06:00,NPP-375D,Mozambique,Zambezia,Morrumbala,,,,,2.1,-17.09582,36.09401
2026/02/26 11:06:00,NPP-375D,Mozambique,Zambezia,Morrumbala,,,,,2.8,-17.28499,36.06414
2026/02/26 11:06:00,NPP-375D,Mozambique,Zambezia,Mopeia,,,,,4.1,-17.92765,35.54705
2026/02/26 11:06:00,NPP-375D,Mozambique,Zambezia,Morrumbala,,,,,5.9,-16.83002,35.72891
2026/02/26 11:06:00,NPP-375D,Mozambique,Zambezia,Morrumbala,,,,,2.7,-17.23688,35.84632
2026/02/26 11:06:00,NPP-375D,Mozambique,Zambezia,Morrumbala,,,,,4.3,-17.21552,35.73106
2026/02/26 11:06:00,NPP-375D,Mozambique,Zambezia,Morrumbala,,,,,5.5,-16.52128,35.52175
2026/02/26 22:16:00,NPP-375,Mozambique,Sofala,Muanza,,,,,1.3,-19.26692,35.54353
2026/02/26 22:16:00,NPP-375,Mozambique,Tete,Moatize,,,,,1.4,-16.19749,33.84705
2026/02/26 22:16:00,NPP-375,Mozambique,Sofala,Muanza,,,,,1.3,-19.26773,35.54732
2026/02/26 22:16:00,NPP-375,Mozambique,Inhambane,Inhassoro,,,,,0.5,-21.74895,35.05779
2026/02/26 22:16:00,NPP-375,Mozambique,Tete,Moatize,,,,,1.4,-16.20387,33.84532
2026/02/26 22:16:00,NPP-375,Mozambique,Sofala,Muanza,,,,,2.6,-19.26625,35.54632
2026/02/26 22:16:00,NPP-375,Mozambique,Tete,Moatize,,,,,1.8,-16.20455,33.84502
2026/02/26 22:16:00,NPP-375,Mozambique,Tete,Moatize,,,,,1.8,-16.19817,33.84678
2026/02/26 22:18:00,NPP-375,Mozambique,Maputo,Matutuíne,,,,,0.9,-26.39089,32.64933
2026/02/26 23:56:00,NPP-375,Mozambique,Tete,Moatize,,,,,0.5,-16.13219,33.76597
2026/02/26 23:58:00,NPP-375,Mozambique,Gaza,Chókwè,,,,,0.1,-24.62225,32.95532
2026/02/27 10:45:00,NPP-375D,Mozambique,Inhambane,Jangamo,,,,,2.9,-24.18657,35.42643
2026/02/27 10:45:00,NPP-375D,Mozambique,Gaza,Bilene,,,,,5.0,-25.09119,33.19661
2026/02/27 10:45:00,NPP-375D,Mozambique,Gaza,Xai-Xai,,,,,3.8,-25.13459,33.42099
2026/02/27 10:47:00,NPP-375D,Mozambique,Zambezia,Lugela,,,,,5.5,-16.53478,36.56553
2026/02/27 10:47:00,NPP-375D,Mozambique,Manica,Barue,,,,,3.6,-18.39236,33.41069
2026/02/27 10:47:00,NPP-375D,Mozambique,Zambezia,Pebane,,,,,5.4,-17.19138,38.35386
2026/02/27 10:47:00,NPP-375D,Mozambique,Sofala,Dondo,,,,,2.5,-19.62334,35.10909
2026/02/27 10:47:00,NPP-375D,Mozambique,Zambezia,Pebane,,,,,3.2,-17.19259,38.35299
2026/02/27 10:47:00,NPP-375D,Mozambique,Sofala,Nhamatanda,,,,,2.4,-19.17434,34.48563
2026/02/27 10:47:00,NPP-375D,Mozambique,Sofala,Chibabava,,,,,4.2,-19.8416,34.02242
2026/02/27 10:47:00,NPP-375D,Mozambique,Zambezia,Mocuba,,,,,4.6,-16.58948,36.48483
2026/02/27 10:47:00,NPP-375D,Mozambique,Zambezia,Mocuba,,,,,5.8,-16.61858,36.47901
2026/02/27 12:23:00,NPP-375,Mozambique,Maputo,Matutuíne,,,,,3.2,-26.85456,32.78026
2026/02/27 12:23:00,NPP-375,Mozambique,Maputo,Matutuíne,,,,,4.3,-26.86,32.78115
2026/02/27 12:25:00,NPP-375,Mozambique,Gaza,Xai-Xai,,,,,3.9,-25.07368,33.43274
2026/02/27 12:25:00,NPP-375,Mozambique,Gaza,Bilene,,,,,3.6,-25.23106,33.22131
2026/02/27 12:25:00,NPP-375,Mozambique,Gaza,Bilene,,,,,4.3,-25.23064,33.21943
2026/02/27 12:25:00,NPP-375,Mozambique,Inhambane,Inharrime,,,,,6.7,-24.42245,35.18271
2026/02/27 12:25:00,NPP-375,Mozambique,Manica,Gondola,,,,,4.7,-19.48875,33.55081
2026/02/27 12:25:00,NPP-375,Mozambique,Manica,Gondola,,,,,7.1,-19.48624,33.5522
2026/02/27 12:25:00,NPP-375,Mozambique,Inhambane,Inharrime,,,,,9.0,-24.41638,35.18431
2026/02/27 23:37:00,NPP-375,Mozambique,Manica,Manica,,,,,1.2,-19.05521,33.25029
2026/02/28 10:28:00,NPP-375D,Mozambique,Manica,Tambara,,,,,9.8,-16.77609,34.47811
2026/02/28 12:06:00,NPP-375,Mozambique,Gaza,Chigubo,,,,,5.2,-22.93827,33.40602
2026/02/28 12:06:00,NPP-375,Mozambique,Inhambane,Massinga,,,,,2.7,-22.87998,35.46704
2026/02/28 12:06:00,NPP-375,Mozambique,Gaza,Xai-Xai,,,,,3.0,-25.11116,33.48213
2026/02/28 12:06:00,NPP-375,Mozambique,Maputo,Matutuíne,,,,,4.4,-26.86675,32.69399
2026/02/28 12:06:00,NPP-375,Mozambique,Maputo,Manhiça,,,,,5.0,-25.31875,32.96935
2026/02/28 12:06:00,NPP-375,Mozambique,Maputo,Matutuíne,,,,,6.7,-26.44469,32.91325
2026/02/28 12:06:00,NPP-375,Mozambique,Gaza,Bilene,,,,,7.4,-25.23147,33.31508
2026/02/28 12:06:00,NPP-375,Mozambique,Inhambane,Jangamo,,,,,7.6,-24.19869,35.4207
2026/02/28 12:06:00,NPP-375,Mozambique,Inhambane,Funhalouro,,,,,2.0,-23.32518,34.51108
2026/02/28 12:06:00,NPP-375,Mozambique,Inhambane,Massinga,,,,,2.1,-22.7431,35.47312
2026/02/28 12:06:00,NPP-375,Mozambique,Gaza,Bilene,,,,,3.5,-25.26322,33.21111
2026/02/28 12:06:00,NPP-375,Mozambique,Maputo,Manhiça,,,,,2.9,-25.37925,33.06374
2026/02/28 12:06:00,NPP-375,Mozambique,Gaza,Massingir,,,,,4.8,-23.84873,32.05428
2026/02/28 12:06:00,NPP-375,Mozambique,Maputo,Matutuíne,,,,,6.7,-26.43925,32.91708
2026/02/28 12:06:00,NPP-375,Mozambique,Inhambane,Inharrime,,,,,8.3,-24.47935,35.14753
2026/02/28 12:06:00,NPP-375,Mozambique,Inhambane,Jangamo,,,,,11.1,-24.19779,35.42461
2026/02/28 12:06:00,NPP-375,Mozambique,Gaza,Xai-Xai,,,,,7.8,-25.10647,33.4809
2026/02/28 12:06:00,NPP-375,Mozambique,Gaza,Bilene,,,,,7.4,-25.23034,33.3204
2026/02/28 12:06:00,NPP-375,Mozambique,Maputo,Matutuíne,,,,,6.7,-26.44028,32.91211
2026/02/28 12:08:00,NPP-375,Mozambique,Manica,Gondola,,,,,5.0,-19.08109,33.35652
2026/02/28 12:08:00,NPP-375,Mozambique,Manica,Gondola,,,,,5.1,-19.07946,33.35593
2026/02/28 12:08:00,NPP-375,Mozambique,Manica,Mossurize,,,,,3.1,-20.22616,32.93457
2026/02/28 12:08:00,NPP-375,Mozambique,Manica,Mossurize,,,,,5.5,-20.2355,32.94024
2026/02/28 12:08:00,NPP-375,Mozambique,Gaza,Massangena,,,,,11.3,-21.92094,33.14456
2026/02/28 12:08:00,NPP-375,Mozambique,Manica,Sussundenga,,,,,9.1,-19.57248,33.41647
2026/02/28 12:08:00,NPP-375,Mozambique,Sofala,Nhamatanda,,,,,5.9,-19.10878,34.46209
2026/02/28 12:08:00,NPP-375,Mozambique,Inhambane,Vilanculos,,,,,2.8,-22.11066,35.25423
2026/02/28 12:08:00,NPP-375,Mozambique,Manica,Gondola,,,,,3.6,-19.45551,33.62715
2026/02/28 12:08:00,NPP-375,Mozambique,Manica,Gondola,,,,,6.4,-19.38092,33.59782
2026/02/28 12:08:00,NPP-375,Mozambique,Manica,Gondola,,,,,2.5,-19.22023,33.64886
2026/02/28 23:18:00,NPP-375,Mozambique,Tete,Moatize,,,,,1.3,-16.12669,33.76724
2026/02/28 23:18:00,NPP-375,Mozambique,Tete,Moatize,,,,,1.1,-16.1995,33.83854
2026/02/28 23:18:00,NPP-375,Mozambique,Sofala,Gorongosa,,,,,1.6,-18.93666,34.0505
2026/02/28 23:18:00,NPP-375,Mozambique,Tete,Moatize,,,,,1.1,-16.21095,33.84118
2026/02/28 23:18:00,NPP-375,Mozambique,Tete,Moatize,,,,,1.3,-16.1225,33.76359
2026/02/28 23:18:00,NPP-375,Mozambique,Tete,Moatize,,,,,1.3,-16.13085,33.71922
2026/02/28 23:18:00,NPP-375,Mozambique,Tete,Moatize,,,,,2.0,-16.11831,33.75994
2026/02/28 23:18:00,NPP-375,Mozambique,Sofala,Cheringoma,,,,,0.3,-18.99933,35.68527
2026/02/28 23:18:00,NPP-375,Mozambique,Tete,Moatize,,,,,1.3,-16.13443,33.71865
2026/02/28 23:18:00,NPP-375,Mozambique,Tete,Changara,,,,,0.4,-15.88862,33.02254
2026/02/28 23:18:00,NPP-375,Mozambique,Sofala,Gorongosa,,,,,1.7,-18.9368,34.04886
2026/02/28 23:18:00,NPP-375,Mozambique,Tete,Moatize,,,,,1.7,-16.19589,33.83908
2026/02/28 23:18:00,NPP-375,Mozambique,Tete,Moatize,,,,,1.1,-16.20012,33.8428
2026/02/28 23:20:00,NPP-375,Mozambique,Maputo,Manhiça,,,,,0.9,-25.31411,32.95669
2026/02/28 23:20:00,NPP-375,Mozambique,Maputo,Manhiça,,,,,1.9,-25.31477,32.96186
2026/02/28 23:20:00,NPP-375,Mozambique,Maputo,Manhiça,,,,,1.9,-25.31543,32.96698
2026/02/28 23:20:00,NPP-375,Mozambique,Maputo,Manhiça,,,,,1.9,-25.31093,32.96245
2026/02/28 23:20:00,NPP-375,Mozambique,Inhambane,Inhassoro,,,,,0.9,-21.74746,35.05499
2026/03/01 11:46:00,NPP-375D,Mozambique,Maputo,Matutuíne,,,,,4.5,-26.67717,32.4311
2026/03/01 11:46:00,NPP-375D,Mozambique,Maputo,Matutuíne,,,,,22.0,-26.68401,32.43251
2026/03/01 11:46:00,NPP-375D,Mozambique,Maputo,Matutuíne,,,,,22.0,-26.68059,32.43181
2026/03/01 11:46:00,NPP-375D,Mozambique,Maputo,Matutuíne,,,,,7.0,-26.74372,32.82285
2026/03/01 11:46:00,NPP-375D,Mozambique,Maputo,Matutuíne,,,,,3.8,-26.77947,32.86548
2026/03/01 11:46:00,NPP-375D,Mozambique,Maputo,Matutuíne,,,,,2.6,-26.82578,32.71838
2026/03/01 11:46:00,NPP-375D,Mozambique,Maputo,Matutuíne,,,,,1.7,-26.83681,32.71637
2026/03/01 11:46:00,NPP-375D,Mozambique,Maputo,Matutuíne,,,,,2.6,-26.82922,32.71911
2026/03/01 11:46:00,NPP-375D,Mozambique,Maputo,Matutuíne,,,,,3.3,-26.82374,32.7093
2026/03/01 11:46:00,NPP-375D,Mozambique,Maputo,Matutuíne,,,,,3.4,-26.85544,32.78475
2026/03/01 11:46:00,NPP-375D,Mozambique,Maputo,Matutuíne,,,,,3.4,-26.74445,32.81865
2026/03/01 11:46:00,NPP-375D,Mozambique,Maputo,Matutuíne,,,,,1.7,-26.83407,32.71147
2026/03/01 11:46:00,NPP-375D,Mozambique,Maputo,Matutuíne,,,,,22.9,-26.68743,32.43322
2026/03/01 11:46:00,NPP-375D,Mozambique,Maputo,Matutuíne,,,,,4.6,-26.81324,32.75043
2026/03/01 11:46:00,NPP-375D,Mozambique,Maputo,Matutuíne,,,,,1.7,-26.83731,32.70286
2026/03/01 11:46:00,NPP-375D,Mozambique,Maputo,Matutuíne,,,,,4.7,-26.776,32.86475
2026/03/01 11:46:00,NPP-375D,Mozambique,Maputo,Matutuíne,,,,,2.0,-26.83862,32.7161
2026/03/01 11:46:00,NPP-375D,Mozambique,Maputo,Matutuíne,,,,,3.3,-26.82029,32.70858
2026/03/01 11:46:00,NPP-375D,Mozambique,Maputo,Matutuíne,,,,,3.8,-26.43443,32.91855
2026/03/01 11:46:00,NPP-375D,Mozambique,Maputo,Matutuíne,,,,,3.0,-26.69605,32.15263
2026/03/01 11:46:00,NPP-375D,Mozambique,Maputo,Matutuíne,,,,,7.1,-26.6847,32.42842
2026/03/01 11:46:00,NPP-375D,Mozambique,Maputo,Matutuíne,,,,,3.0,-26.69673,32.14848
2026/03/01 11:46:00,NPP-375D,Mozambique,Maputo,Matutuíne,,,,,6.2,-26.85616,32.78055
2026/03/01 11:46:00,NPP-375D,Mozambique,Maputo,Matutuíne,,,,,6.2,-26.85271,32.77982
2026/03/01 11:46:00,NPP-375D,Mozambique,Maputo,Matutuíne,,,,,3.3,-26.81959,32.71276
2026/03/01 11:46:00,NPP-375D,Mozambique,Maputo,Matutuíne,,,,,5.9,-26.74026,32.82214
2026/03/01 11:46:00,NPP-375D,Mozambique,Maputo,Matutuíne,,,,,6.6,-26.83547,32.70312
2026/03/01 11:49:00,NPP-375D,Mozambique,Maputo,Matutuíne,,,,,4.3,-26.50025,32.40402
2026/03/01 11:49:00,NPP-375D,Mozambique,Gaza,Mandlakazi,,,,,4.7,-24.95392,34.17883
2026/03/01 11:49:00,NPP-375D,Mozambique,Gaza,Xai-Xai,,,,,7.2,-25.12951,33.44171
2026/03/01 11:49:00,NPP-375D,Mozambique,Maputo,Matutuíne,,,,,11.6,-26.50641,32.40954
2026/03/01 11:49:00,NPP-375D,Mozambique,Gaza,Mandlakazi,,,,,1.7,-24.91998,34.15352
2026/03/01 11:49:00,NPP-375D,Mozambique,Inhambane,Vilanculos,,,,,7.0,-22.63465,35.37883
2026/03/01 11:49:00,NPP-375D,Mozambique,Inhambane,Inharrime,,,,,4.5,-24.44038,34.59785
2026/03/01 11:49:00,NPP-375D,Mozambique,Inhambane,Massinga,,,,,2.8,-22.92836,35.45947
2026/03/01 11:49:00,NPP-375D,Mozambique,Inhambane,Vilanculos,,,,,5.2,-22.64986,35.41587
2026/03/01 11:49:00,NPP-375D,Mozambique,Maputo,Moamba,,,,,4.5,-25.57688,32.06376
2026/03/01 11:49:00,NPP-375D,Mozambique,Maputo,Manhiça,,,,,11.5,-25.36102,32.78183
2026/03/01 11:49:00,NPP-375D,Mozambique,Inhambane,Inharrime,,,,,2.9,-24.44041,34.59598
2026/03/01 11:49:00,NPP-375D,Mozambique,Maputo,Matutuíne,,,,,4.3,-26.49683,32.40332
2026/03/01 11:49:00,NPP-375D,Mozambique,Inhambane,Massinga,,,,,7.0,-23.06894,35.49908
2026/03/01 11:49:00,NPP-375D,Mozambique,Maputo,Manhiça,,,,,3.9,-25.32347,32.95698
2026/03/01 11:49:00,NPP-375D,Mozambique,Inhambane,Vilanculos,,,,,5.2,-22.64569,35.41499
2026/03/01 11:49:00,NPP-375D,Mozambique,Maputo,Manhiça,,,,,5.2,-25.36176,32.77755
2026/03/01 11:49:00,NPP-375D,Mozambique,Maputo,Namaacha,,,,,3.2,-25.87192,32.2275
2026/03/01 11:49:00,NPP-375D,Mozambique,Sofala,Buzi,,,,,2.7,-20.13152,34.35112
2026/03/01 11:49:00,NPP-375D,Mozambique,Maputo,Namaacha,,,,,5.4,-25.82116,32.07048
2026/03/01 11:49:00,NPP-375D,Mozambique,Inhambane,Panda,,,,,5.1,-23.93588,34.10011
2026/03/01 11:49:00,NPP-375D,Mozambique,Maputo,Manhiça,,,,,10.6,-25.54536,32.72198
2026/03/01 11:49:00,NPP-375D,Mozambique,Maputo,Manhiça,,,,,10.3,-25.31995,32.95625
2026/03/01 11:49:00,NPP-375D,Mozambique,Inhambane,Massinga,,,,,3.1,-22.82372,35.36976
2026/03/01 11:49:00,NPP-375D,Mozambique,Inhambane,Vilanculos,,,,,15.4,-22.33942,35.30979
2026/03/01 11:49:00,NPP-375D,Mozambique,Maputo,Manhiça,,,,,10.1,-25.31063,32.96778
2026/03/01 11:49:00,NPP-375D,Mozambique,Inhambane,Panda,,,,,6.1,-23.93679,34.09511
2026/03/01 11:49:00,NPP-375D,Mozambique,Maputo,Matutuíne,,,,,6.0,-26.3834,32.43158
2026/03/01 11:49:00,NPP-375D,Mozambique,Maputo,Manhiça,,,,,1.4,-25.35826,32.77682
2026/03/01 11:49:00,NPP-375D,Mozambique,Inhambane,Vilanculos,,,,,8.8,-22.33905,35.31069
2026/03/01 11:49:00,NPP-375D,Mozambique,Maputo,Moamba,,,,,5.4,-25.57347,32.06306
2026/03/01 11:49:00,NPP-375D,Mozambique,Maputo,Manhiça,,,,,7.5,-25.38408,33.06388
2026/03/01 11:49:00,NPP-375D,Mozambique,Inhambane,Vilanculos,,,,,11.5,-22.64922,35.41617
2026/03/01 11:49:00,NPP-375D,Mozambique,Maputo,Manhiça,,,,,7.5,-25.38761,33.06462
2026/03/01 11:49:00,NPP-375D,Mozambique,Maputo,Manhiça,,,,,23.3,-25.39115,33.06536
2026/03/01 11:49:00,NPP-375D,Mozambique,Gaza,Xai-Xai,,,,,5.2,-25.04505,33.89186
2026/03/01 11:49:00,NPP-375D,Mozambique,Maputo,Namaacha,,,,,2.7,-25.82387,32.07536
2026/03/01 11:49:00,NPP-375D,Mozambique,Maputo,Matutuíne,,,,,7.7,-26.49272,32.40672
2026/03/01 11:49:00,NPP-375D,Mozambique,Maputo,Manhiça,,,,,10.6,-25.54884,32.72272
2026/03/01 11:49:00,NPP-375D,Mozambique,Inhambane,Massinga,,,,,3.6,-22.80471,35.44585
2026/03/01 11:49:00,NPP-375D,Mozambique,Inhambane,Panda,,,,,3.6,-24.35603,34.22345
2026/03/01 11:49:00,NPP-375D,Mozambique,Maputo,Moamba,,,,,1.6,-25.27717,32.20749
2026/03/01 11:49:00,NPP-375D,Mozambique,Inhambane,Panda,,,,,7.6,-23.93966,34.10093
2026/03/01 11:49:00,NPP-375D,Mozambique,Maputo,Matutuíne,,,,,4.3,-26.49956,32.40813
2026/03/01 11:49:00,NPP-375D,Mozambique,Inhambane,Vilanculos,,,,,8.8,-22.3349,35.30973
2026/03/01 11:49:00,NPP-375D,Mozambique,Inhambane,Vilanculos,,,,,14.6,-22.33984,35.30649
2026/03/01 11:49:00,NPP-375D,Mozambique,Maputo,Matutuíne,,,,,11.6,-26.50299,32.40883
2026/03/01 11:49:00,NPP-375D,Mozambique,Gaza,Massangena,,,,,4.1,-21.39213,32.55229
2026/03/01 11:49:00,NPP-375D,Mozambique,Inhambane,Homoine,,,,,5.0,-23.6378,34.83372
2026/03/01 11:49:00,NPP-375D,Mozambique,Inhambane,Massinga,,,,,6.9,-23.06815,35.49929
2026/03/01 11:49:00,NPP-375D,Mozambique,Inhambane,Massinga,,,,,4.9,-22.83145,35.46466
2026/03/01 11:49:00,NPP-375D,Mozambique,Maputo,Matutuíne,,,,,1.7,-26.09962,32.59365
2026/03/01 11:49:00,NPP-375D,Mozambique,Maputo,Manhiça,,,,,4.4,-25.39899,33.06245
2026/03/01 11:49:00,NPP-375D,Mozambique,Maputo,Manhiça,,,,,29.0,-25.39545,33.06173
2026/03/01 11:49:00,NPP-375D,Mozambique,Gaza,Mandlakazi,,,,,9.1,-25.01765,34.00045
2026/03/01 11:49:00,NPP-375D,Mozambique,Maputo,Manhiça,,,,,7.8,-25.35678,32.78538
2026/03/01 11:49:00,NPP-375D,Mozambique,Maputo,Matutuíne,,,,,4.3,-26.49614,32.40742
2026/03/01 11:51:00,NPP-375D,Mozambique,Zambezia,Morrumbala,,,,,5.9,-16.59668,35.56546
2026/03/01 11:51:00,NPP-375D,Mozambique,Sofala,Cheringoma,,,,,5.0,-18.8661,35.60471
2026/03/01 11:51:00,NPP-375D,Mozambique,Sofala,Dondo,,,,,5.1,-19.55446,35.01302
2026/03/01 11:51:00,NPP-375D,Mozambique,Zambezia,Morrumbala,,,,,4.5,-17.35038,35.82125
2026/03/01 11:51:00,NPP-375D,Mozambique,Manica,Barue,,,,,3.4,-18.19894,33.26357
2026/03/01 11:51:00,NPP-375D,Mozambique,Zambezia,Morrumbala,,,,,4.8,-17.03673,35.83719
2026/03/01 11:51:00,NPP-375D,Mozambique,Manica,Gondola,,,,,1.4,-19.18405,33.60286
2026/03/01 11:51:00,NPP-375D,Mozambique,Sofala,Cheringoma,,,,,2.8,-18.99827,35.60496
2026/03/01 11:51:00,NPP-375D,Mozambique,Sofala,Cheringoma,,,,,10.6,-18.77635,35.58192
2026/03/01 11:51:00,NPP-375D,Mozambique,Sofala,Cheringoma,,,,,5.5,-18.84768,35.65089
2026/03/01 11:51:00,NPP-375D,Mozambique,Sofala,Buzi,,,,,6.8,-19.67335,34.28433
2026/03/01 11:51:00,NPP-375D,Mozambique,Manica,Gondola,,,,,3.7,-19.18093,33.60511
2026/03/01 11:51:00,NPP-375D,Mozambique,Sofala,Dondo,,,,,2.1,-19.54917,34.92324
2026/03/01 11:51:00,NPP-375D,Mozambique,Zambezia,Mocuba,,,,,5.8,-16.92118,36.43867
2026/03/01 11:51:00,NPP-375D,Mozambique,Sofala,Buzi,,,,,43.1,-19.65622,34.35353
2026/03/01 11:51:00,NPP-375D,Mozambique,Sofala,Cheringoma,,,,,5.2,-18.84409,35.64509
2026/03/01 11:51:00,NPP-375D,Mozambique,Zambezia,Milange,,,,,1.7,-16.43093,35.60736
2026/03/01 11:51:00,NPP-375D,Mozambique,Sofala,Dondo,,,,,5.1,-19.55365,35.01735
2026/03/01 11:51:00,NPP-375D,Mozambique,Sofala,Muanza,,,,,6.2,-19.01373,35.54893
2026/03/01 11:51:00,NPP-375D,Mozambique,Manica,Sussundenga,,,,,4.7,-19.68567,33.3571
2026/03/01 11:51:00,NPP-375D,Mozambique,Tete,Moatize,,,,,11.9,-16.20113,33.84446
2026/03/01 11:51:00,NPP-375D,Mozambique,Manica,Macossa,,,,,1.8,-18.66969,33.6128
2026/03/01 11:51:00,NPP-375D,Mozambique,Zambezia,Morrumbala,,,,,5.7,-16.73153,35.47689
2026/03/01 11:51:00,NPP-375D,Mozambique,Zambezia,Milange,,,,,2.3,-16.43132,35.60527
2026/03/01 11:51:00,NPP-375D,Mozambique,Zambezia,Morrumbala,,,,,6.9,-17.03683,35.83393
2026/03/01 11:51:00,NPP-375D,Mozambique,Sofala,Cheringoma,,,,,6.6,-19.04825,35.75977
2026/03/01 11:51:00,NPP-375D,Mozambique,Manica,Guro,,,,,2.3,-16.70813,33.34018
2026/03/01 11:51:00,NPP-375D,Mozambique,Sofala,Dondo,,,,,3.1,-19.56285,35.0673
2026/03/01 11:51:00,NPP-375D,Mozambique,Zambezia,Mocuba,,,,,7.0,-16.92074,36.44021
2026/03/01 11:51:00,NPP-375D,Mozambique,Zambezia,Morrumbala,,,,,3.4,-16.46496,35.32405
2026/03/01 11:51:00,NPP-375D,Mozambique,Sofala,Buzi,,,,,6.8,-19.66924,34.2835
2026/03/01 22:58:00,NPP-375,Mozambique,Tete,Moatize,,,,,2.2,-16.13507,33.76781
2026/03/01 22:58:00,NPP-375,Mozambique,Tete,Moatize,,,,,1.3,-16.11613,33.75944
2026/03/01 22:58:00,NPP-375,Mozambique,Tete,Moatize,,,,,1.9,-16.12017,33.76263
2026/03/01 22:58:00,NPP-375,Mozambique,Tete,Moatize,,,,,1.3,-16.19215,33.84051
2026/03/01 22:58:00,NPP-375,Mozambique,Tete,Moatize,,,,,1.3,-16.11954,33.75882
2026/03/01 22:58:00,NPP-375,Mozambique,Tete,Moatize,,,,,1.4,-16.20235,33.83866
2026/03/01 22:58:00,NPP-375,Mozambique,Tete,Moatize,,,,,1.6,-16.19895,33.83928
2026/03/01 22:58:00,NPP-375,Mozambique,Inhambane,Inhassoro,,,,,1.3,-21.74923,35.06113
2026/03/01 22:58:00,NPP-375,Mozambique,Tete,Moatize,,,,,2.7,-16.13372,33.71709
2026/03/01 22:58:00,NPP-375,Mozambique,Tete,Moatize,,,,,1.2,-16.12825,33.76904
2026/03/01 22:58:00,NPP-375,Mozambique,Tete,Moatize,,,,,2.9,-16.12358,33.76202
2026/03/01 22:58:00,NPP-375,Mozambique,Tete,Moatize,,,,,0.8,-16.20978,33.84122
2026/03/01 22:58:00,NPP-375,Mozambique,Tete,Moatize,,,,,1.9,-16.19958,33.84306
2026/03/01 22:58:00,NPP-375,Mozambique,Tete,Moatize,,,,,1.6,-16.19555,33.8399
2026/03/01 23:01:00,NPP-375,Mozambique,Manica,Barue,,,,,0.5,-18.55704,33.34134
2026/03/01 23:01:00,NPP-375,Mozambique,Sofala,Caia,,,,,0.6,-17.84396,35.31987
2026/03/01 23:01:00,NPP-375,Mozambique,Maputo,Matutuíne,,,,,1.3,-26.39543,32.65091
2026/03/02 11:29:00,NPP-375D,Mozambique,Sofala,Cheringoma,,,,,2.6,-18.54284,34.73964
2026/03/02 11:29:00,NPP-375D,Mozambique,Tete,Mutarara,,,,,3.2,-17.15724,35.15559
2026/03/02 11:29:00,NPP-375D,Mozambique,Zambezia,Morrumbala,,,,,2.4,-17.14703,35.73556
2026/03/02 11:29:00,NPP-375D,Mozambique,Zambezia,Namacurra,,,,,6.0,-17.52317,36.9639
2026/03/02 11:29:00,NPP-375D,Mozambique,Sofala,Gorongosa,,,,,3.8,-18.71338,34.17843
2026/03/02 11:29:00,NPP-375D,Mozambique,Sofala,Nhamatanda,,,,,2.4,-19.23168,34.4738
2026/03/02 11:29:00,NPP-375D,Mozambique,Manica,Gondola,,,,,2.8,-18.98044,33.96659
2026/03/02 11:29:00,NPP-375D,Mozambique,Zambezia,Mocuba,,,,,7.2,-16.86799,36.85641
2026/03/02 11:29:00,NPP-375D,Mozambique,Zambezia,Morrumbala,,,,,2.8,-16.98093,35.91661
2026/03/02 11:29:00,NPP-375D,Mozambique,Zambezia,Morrumbala,,,,,4.0,-16.93283,35.76347
2026/03/02 11:29:00,NPP-375D,Mozambique,Sofala,Gorongosa,,,,,2.7,-18.65825,34.58846
2026/03/02 11:29:00,NPP-375D,Mozambique,Zambezia,Morrumbala,,,,,5.3,-17.14985,35.67572
2026/03/02 11:29:00,NPP-375D,Mozambique,Zambezia,Morrumbala,,,,,7.2,-17.24175,36.03276
2026/03/02 11:29:00,NPP-375D,Mozambique,Zambezia,Morrumbala,,,,,5.4,-16.79709,35.85761
2026/03/02 11:29:00,NPP-375D,Mozambique,Sofala,Buzi,,,,,12.3,-19.64935,34.30976
2026/03/02 11:29:00,NPP-375D,Mozambique,Zambezia,Morrumbala,,,,,1.6,-17.17511,35.59101
2026/03/02 11:29:00,NPP-375D,Mozambique,Sofala,Nhamatanda,,,,,4.5,-19.0647,34.00835
2026/03/02 11:29:00,NPP-375D,Mozambique,Zambezia,Morrumbala,,,,,4.1,-17.14878,35.40254
2026/03/02 11:29:00,NPP-375D,Mozambique,Zambezia,Morrumbala,,,,,2.4,-17.05215,35.91589
2026/03/02 11:29:00,NPP-375D,Mozambique,Zambezia,Morrumbala,,,,,2.5,-17.1294,35.67349
2026/03/02 11:29:00,NPP-375D,Mozambique,Sofala,Gorongosa,,,,,2.7,-18.68904,34.61333
2026/03/02 11:29:00,NPP-375D,Mozambique,Zambezia,Morrumbala,,,,,2.0,-16.7632,35.85663
2026/03/02 11:29:00,NPP-375D,Mozambique,Zambezia,Morrumbala,,,,,6.1,-17.41883,35.86659
2026/03/02 11:29:00,NPP-375D,Mozambique,Zambezia,Morrumbala,,,,,1.6,-17.2146,35.57262
2026/03/02 11:29:00,NPP-375D,Mozambique,Zambezia,Mocuba,,,,,3.2,-16.69704,36.31795
2026/03/02 11:29:00,NPP-375D,Mozambique,Manica,Gondola,,,,,3.5,-19.18642,33.8141
2026/03/02 11:29:00,NPP-375D,Mozambique,Zambezia,Morrumbala,,,,,5.5,-16.81867,36.19264
2026/03/02 11:29:00,NPP-375D,Mozambique,Sofala,Muanza,,,,,6.5,-19.27754,34.7994
2026/03/02 11:29:00,NPP-375D,Mozambique,Sofala,Chemba,,,,,4.5,-17.02485,34.59833
2026/03/02 11:29:00,NPP-375D,Mozambique,Zambezia,Morrumbala,,,,,2.7,-17.15269,35.89791
2026/03/02 11:29:00,NPP-375D,Mozambique,Sofala,Marromeu,,,,,3.5,-18.03658,35.47109
2026/03/02 11:29:00,NPP-375D,Mozambique,Zambezia,Mocuba,,,,,2.8,-16.69537,36.31669
2026/03/02 11:29:00,NPP-375D,Mozambique,Sofala,Dondo,,,,,6.7,-19.42143,34.92344
2026/03/02 11:29:00,NPP-375D,Mozambique,Manica,Gondola,,,,,10.4,-19.31,33.66996
2026/03/02 11:29:00,NPP-375D,Mozambique,Zambezia,Morrumbala,,,,,3.4,-17.35798,35.4258
2026/03/02 11:29:00,NPP-375D,Mozambique,Zambezia,Morrumbala,,,,,2.9,-16.98173,35.91618
2026/03/02 11:29:00,NPP-375D,Mozambique,Manica,Gondola,,,,,2.5,-19.27281,33.58784
2026/03/02 11:29:00,NPP-375D,Mozambique,Sofala,Caia,,,,,3.7,-17.94203,35.12658
2026/03/02 11:29:00,NPP-375D,Mozambique,Zambezia,Mocuba,,,,,3.3,-16.9221,36.50119
2026/03/02 11:29:00,NPP-375D,Mozambique,Zambezia,Mocuba,,,,,6.0,-16.81254,36.42094
2026/03/02 11:29:00,NPP-375D,Mozambique,Zambezia,Morrumbala,,,,,3.8,-16.70351,35.81544
2026/03/02 11:29:00,NPP-375D,Mozambique,Sofala,Maringue,,,,,2.6,-18.20653,34.74694
2026/03/02 11:29:00,NPP-375D,Mozambique,Manica,Sussundenga,,,,,2.2,-19.59859,33.39946
2026/03/02 11:29:00,NPP-375D,Mozambique,Sofala,Gorongosa,,,,,3.5,-18.45045,34.66427
2026/03/02 11:29:00,NPP-375D,Mozambique,Zambezia,Morrumbala,,,,,3.4,-17.21392,35.5767
2026/03/02 11:29:00,NPP-375D,Mozambique,Zambezia,Morrumbala,,,,,5.1,-16.70617,36.24127
2026/03/02 11:29:00,NPP-375D,Mozambique,Zambezia,Mocuba,,,,,4.9,-16.58204,37.09175
2026/03/02 11:29:00,NPP-375D,Mozambique,Zambezia,Mocuba,,,,,5.3,-16.6253,36.42629
2026/03/02 11:29:00,NPP-375D,Mozambique,Zambezia,Mocuba,,,,,2.9,-16.78627,36.38453
2026/03/02 11:29:00,NPP-375D,Mozambique,Sofala,Maringue,,,,,4.5,-17.28498,34.35087
2026/03/02 11:29:00,NPP-375D,Mozambique,Zambezia,Morrumbala,,,,,4.9,-16.85818,36.24448
2026/03/02 11:29:00,NPP-375D,Mozambique,Zambezia,Mopeia,,,,,3.8,-17.92883,35.55608
2026/03/02 11:29:00,NPP-375D,Mozambique,Zambezia,Morrumbala,,,,,4.5,-16.71142,35.74718
2026/03/02 11:29:00,NPP-375D,Mozambique,Zambezia,Morrumbala,,,,,7.8,-16.82307,36.18885
2026/03/02 11:29:00,NPP-375D,Mozambique,Zambezia,Morrumbala,,,,,4.4,-16.7307,35.6986
2026/03/02 11:29:00,NPP-375D,Mozambique,Sofala,Buzi,,,,,12.9,-19.6527,34.31035
2026/03/02 11:29:00,NPP-375D,Mozambique,Zambezia,Morrumbala,,,,,2.1,-16.78127,35.84184
2026/03/02 11:29:00,NPP-375D,Mozambique,Sofala,Cheringoma,,,,,3.1,-18.48375,34.67408
2026/03/02 11:29:00,NPP-375D,Mozambique,Zambezia,Morrumbala,,,,,1.8,-17.2341,35.90327
2026/03/02 11:29:00,NPP-375D,Mozambique,Sofala,Nhamatanda,,,,,4.0,-19.11808,34.46497
2026/03/02 11:29:00,NPP-375D,Mozambique,Zambezia,Morrumbala,,,,,3.4,-17.16274,35.81648
2026/03/02 11:29:00,NPP-375D,Mozambique,Zambezia,Morrumbala,,,,,3.6,-17.44395,35.87936
2026/03/02 11:29:00,NPP-375D,Mozambique,Zambezia,Morrumbala,,,,,3.1,-16.77206,35.67122
2026/03/02 11:29:00,NPP-375D,Mozambique,Zambezia,Morrumbala,,,,,3.9,-16.84219,36.22787
2026/03/02 11:29:00,NPP-375D,Mozambique,Manica,Gondola,,,,,0.8,-18.98337,34.0354
2026/03/02 11:29:00,NPP-375D,Mozambique,Zambezia,Morrumbala,,,,,4.1,-16.65416,36.23608
2026/03/02 11:29:00,NPP-375D,Mozambique,Sofala,Nhamatanda,,,,,2.9,-19.62659,34.27101
2026/03/02 11:29:00,NPP-375D,Mozambique,Tete,Mutarara,,,,,3.9,-17.11679,34.91711
2026/03/02 11:29:00,NPP-375D,Mozambique,Sofala,Maringue,,,,,2.7,-17.29527,34.28689
2026/03/02 11:29:00,NPP-375D,Mozambique,Zambezia,Namacurra,,,,,6.0,-17.51941,36.96319
2026/03/02 11:29:00,NPP-375D,Mozambique,Zambezia,Morrumbala,,,,,2.7,-16.78041,35.84221
2026/03/02 11:29:00,NPP-375D,Mozambique,Zambezia,Mocuba,,,,,1.9,-16.77135,36.40517
2026/03/02 11:29:00,NPP-375D,Mozambique,Sofala,Cheringoma,,,,,2.8,-18.52709,34.72902
2026/03/02 11:29:00,NPP-375D,Mozambique,Zambezia,Mopeia,,,,,6.3,-17.92343,35.60964
2026/03/02 11:29:00,NPP-375D,Mozambique,Sofala,Nhamatanda,,,,,2.1,-19.10919,34.4557
2026/03/02 11:32:00,NPP-375D,Mozambique,Zambezia,Milange,,,,,1.7,-16.56657,35.69166
2026/03/02 11:32:00,NPP-375D,Mozambique,Zambezia,Milange,,,,,6.5,-16.38469,36.19596
2026/03/02 11:32:00,NPP-375D,Mozambique,Zambezia,Milange,,,,,2.9,-16.4173,36.04665
2026/03/02 11:32:00,NPP-375D,Mozambique,Zambezia,Morrumbala,,,,,1.8,-16.62944,35.72041
2026/03/02 11:32:00,NPP-375D,Mozambique,Zambezia,Milange,,,,,4.1,-16.44369,36.13231
2026/03/02 11:32:00,NPP-375D,Mozambique,Zambezia,Morrumbala,,,,,2.6,-16.65659,35.71233
2026/03/02 11:32:00,NPP-375D,Mozambique,Zambezia,Morrumbala,,,,,2.2,-16.5702,35.93823
2026/03/02 11:32:00,NPP-375D,Mozambique,Tete,Mutarara,,,,,2.7,-16.63,34.20993
2026/03/02 11:32:00,NPP-375D,Mozambique,Zambezia,Morrumbala,,,,,3.3,-16.59109,35.5883
2026/03/02 11:32:00,NPP-375D,Mozambique,Zambezia,Lugela,,,,,3.0,-16.44724,36.37802
2026/03/02 11:32:00,NPP-375D,Mozambique,Zambezia,Morrumbala,,,,,5.0,-16.62158,35.72324
2026/03/02 11:32:00,NPP-375D,Mozambique,Zambezia,Mocuba,,,,,5.2,-16.52801,36.29383
2026/03/02 11:32:00,NPP-375D,Mozambique,Zambezia,Morrumbala,,,,,5.6,-16.66454,35.75297
2026/03/02 11:32:00,NPP-375D,Mozambique,Zambezia,Morrumbala,,,,,6.5,-16.63134,35.57851
2026/03/02 11:32:00,NPP-375D,Mozambique,Tete,Moatize,,,,,7.8,-16.12139,33.7621
2026/03/02 11:32:00,NPP-375D,Mozambique,Zambezia,Milange,,,,,5.3,-16.57989,35.63368
2026/03/02 11:32:00,NPP-375D,Mozambique,Tete,Changara,,,,,8.1,-15.88858,33.02295
2026/03/02 11:32:00,NPP-375D,Mozambique,Zambezia,Morrumbala,,,,,4.2,-16.65728,35.70816
2026/03/02 11:32:00,NPP-375D,Mozambique,Zambezia,Lugela,,,,,7.7,-16.48572,36.38417
2026/03/02 11:32:00,NPP-375D,Mozambique,Zambezia,Milange,,,,,2.6,-16.4109,35.62123
2026/03/02 11:32:00,NPP-375D,Mozambique,Zambezia,Morrumbala,,,,,12.8,-16.64017,35.74424
2026/03/02 11:32:00,NPP-375D,Mozambique,Zambezia,Milange,,,,,4.8,-16.45164,36.15193
2026/03/02 11:32:00,NPP-375D,Mozambique,Zambezia,Mocuba,,,,,3.2,-16.48933,36.31957
2026/03/02 11:32:00,NPP-375D,Mozambique,Zambezia,Milange,,,,,2.1,-16.56789,35.99543
2026/03/02 11:32:00,NPP-375D,Mozambique,Zambezia,Morrumbala,,,,,2.8,-16.65374,35.72931
2026/03/02 11:32:00,NPP-375D,Mozambique,Zambezia,Morrumbala,,,,,3.0,-16.65088,35.72438
2026/03/02 11:32:00,NPP-375D,Mozambique,Zambezia,Morrumbala,,,,,4.1,-16.62436,36.01515
2026/03/02 11:32:00,NPP-375D,Mozambique,Zambezia,Morrumbala,,,,,5.0,-16.61344,36.03558
2026/03/02 11:32:00,NPP-375D,Mozambique,Zambezia,Morrumbala,,,,,2.1,-16.65049,35.57354
2026/03/02 11:32:00,NPP-375D,Mozambique,Zambezia,Milange,,,,,7.5,-16.63166,35.97163
2026/03/02 11:32:00,NPP-375D,Mozambique,Zambezia,Milange,,,,,5.1,-16.44522,35.63589
2026/03/02 11:32:00,NPP-375D,Mozambique,Zambezia,Morrumbala,,,,,2.7,-16.61516,35.71762
2026/03/02 11:32:00,NPP-375D,Mozambique,Zambezia,Morrumbala,,,,,6.4,-16.61941,35.86752
2026/03/02 11:32:00,NPP-375D,Mozambique,Zambezia,Lugela,,,,,4.6,-16.42753,36.42632
2026/03/02 11:32:00,NPP-375D,Mozambique,Zambezia,Morrumbala,,,,,3.6,-16.58212,35.66452
2026/03/02 11:32:00,NPP-375D,Mozambique,Zambezia,Morrumbala,,,,,5.1,-16.65591,35.73841
2026/03/02 11:32:00,NPP-375D,Mozambique,Zambezia,Morrumbala,,,,,3.1,-16.64159,35.73581
2026/03/02 11:32:00,NPP-375D,Mozambique,Zambezia,Lugela,,,,,2.9,-16.47914,36.44391
2026/03/03 11:12:00,NPP-375D,Mozambique,Zambezia,Morrumbala,,,,,2.2,-16.81355,36.14912
2026/03/03 11:12:00,NPP-375D,Mozambique,Tete,Mutarara,,,,,4.9,-16.55894,34.47159
2026/03/03 11:12:00,NPP-375D,Mozambique,Sofala,Cheringoma,,,,,21.0,-18.55771,34.66904
2026/03/03 11:12:00,NPP-375D,Mozambique,Zambezia,Gile,,,,,3.4,-15.78323,38.0518
2026/03/03 11:12:00,NPP-375D,Mozambique,Tete,Mutarara,,,,,3.9,-16.91349,34.81042
2026/03/03 22:22:00,NPP-375,Mozambique,Tete,Moatize,,,,,2.7,-16.19784,33.84088
2026/03/03 22:22:00,NPP-375,Mozambique,Tete,Moatize,,,,,3.1,-16.11879,33.76125
2026/03/03 22:22:00,NPP-375,Mozambique,Tete,Moatize,,,,,2.9,-16.12272,33.76173
2026/03/03 22:22:00,NPP-375,Mozambique,Tete,Moatize,,,,,2.7,-16.19689,33.83644
2026/03/04 00:02:00,NPP-375D,Mozambique,Tete,Moatize,,,,,2.9,-16.13157,33.71384
2026/03/04 10:51:00,NPP-375D,Mozambique,Sofala,Caia,,,,,5.0,-17.61022,35.15381
2026/03/04 10:51:00,NPP-375D,Mozambique,Zambezia,Morrumbala,,,,,2.6,-17.02527,35.75017
2026/03/04 10:51:00,NPP-375D,Mozambique,Zambezia,Morrumbala,,,,,4.3,-17.53504,35.77583
2026/03/04 10:51:00,NPP-375D,Mozambique,Zambezia,Mopeia,,,,,2.9,-17.55949,35.8704
2026/03/04 10:51:00,NPP-375D,Mozambique,Zambezia,Morrumbala,,,,,1.6,-17.41065,35.88498
2026/03/04 10:51:00,NPP-375D,Mozambique,Tete,Mutarara,,,,,6.3,-17.63731,35.1905
2026/03/04 10:51:00,NPP-375D,Mozambique,Tete,Mutarara,,,,,3.6,-17.59439,35.2075
2026/03/04 10:51:00,NPP-375D,Mozambique,Zambezia,Morrumbala,,,,,4.3,-17.45177,35.73462
2026/03/04 10:51:00,NPP-375D,Mozambique,Zambezia,Mopeia,,,,,2.2,-17.51624,35.89249
2026/03/04 10:51:00,NPP-375D,Mozambique,Zambezia,Morrumbala,,,,,3.8,-17.553,35.47619
2026/03/04 10:51:00,NPP-375D,Mozambique,Zambezia,Morrumbala,,,,,4.3,-17.53058,35.7753
2026/03/04 10:51:00,NPP-375D,Mozambique,Zambezia,Morrumbala,,,,,5.4,-17.42371,35.66653
2026/03/04 10:53:00,NPP-375D,Mozambique,Zambezia,Morrumbala,,,,,3.1,-16.72794,35.63609
2026/03/04 10:53:00,NPP-375D,Mozambique,Tete,Moatize,,,,,13.1,-16.19931,33.84001
2026/03/04 10:53:00,NPP-375D,Mozambique,Zambezia,Morrumbala,,,,,2.4,-16.7743,35.98796
2026/03/04 10:53:00,NPP-375D,Mozambique,Zambezia,Morrumbala,,,,,5.8,-16.76408,36.17198
2026/03/04 10:53:00,NPP-375D,Mozambique,Zambezia,Morrumbala,,,,,4.3,-16.75148,35.70335
2026/03/04 10:53:00,NPP-375D,Mozambique,Zambezia,Morrumbala,,,,,9.5,-16.61,35.66629
2026/03/04 10:53:00,NPP-375D,Mozambique,Zambezia,Morrumbala,,,,,2.4,-16.66017,35.72154
2026/03/04 10:53:00,NPP-375D,Mozambique,Zambezia,Morrumbala,,,,,2.8,-16.60844,36.17472
2026/03/04 10:53:00,NPP-375D,Mozambique,Zambezia,Morrumbala,,,,,8.1,-16.60847,35.66508
2026/03/04 10:53:00,NPP-375D,Mozambique,Zambezia,Morrumbala,,,,,8.2,-16.74754,35.66122
2026/03/04 23:41:00,NPP-375,Mozambique,Nassa,Sanga,,,,,0.8,-12.93354,35.07643
2026/03/04 23:43:00,NPP-375,Mozambique,Tete,Moatize,,,,,1.5,-16.20085,33.8418
2026/03/04 23:43:00,NPP-375,Mozambique,Sofala,Maringue,,,,,0.2,-18.2426,34.17948
2026/03/04 23:43:00,NPP-375,Mozambique,Tete,Moatize,,,,,1.5,-16.19505,33.83893
2026/03/05 10:34:00,NPP-375D,Mozambique,Nampula,Moma,,,,,5.4,-16.55389,39.67398
2026/03/05 10:34:00,NPP-375D,Mozambique,Zambezia,Milange,,,,,4.9,-16.49117,35.45095
2026/03/05 10:34:00,NPP-375D,Mozambique,Sofala,Caia,,,,,3.3,-17.59334,35.07483
2026/03/05 10:34:00,NPP-375D,Mozambique,Sofala,Caia,,,,,4.0,-17.59187,35.07432
2026/03/05 10:34:00,NPP-375D,Mozambique,Zambezia,Mocuba,,,,,1.5,-16.63983,37.27494
2026/03/05 10:34:00,NPP-375D,Mozambique,Zambezia,Mocuba,,,,,2.1,-16.63911,37.27428
2026/03/05 23:24:00,NPP-375,Mozambique,Tete,Moatize,,,,,1.4,-16.13268,33.71779
2026/03/05 23:24:00,NPP-375,Mozambique,Tete,Moatize,,,,,0.5,-16.20186,33.84258
2026/03/05 23:24:00,NPP-375,Mozambique,Tete,Moatize,,,,,0.9,-16.19315,33.84219
2026/03/05 23:24:00,NPP-375,Mozambique,Tete,Moatize,,,,,1.3,-16.20103,33.84109
2026/03/05 23:24:00,NPP-375,Mozambique,Tete,Moatize,,,,,1.7,-16.13177,33.76947
2026/03/05 23:24:00,NPP-375,Mozambique,Tete,Moatize,,,,,1.1,-16.12258,33.76055
2026/03/06 10:17:00,NPP-375D,Mozambique,Cabo Delgado,Nangade,,,,,4.5,-11.3773,39.52424
2026/03/06 10:17:00,NPP-375D,Mozambique,Cabo Delgado,Nangade,,,,,4.4,-11.37919,39.52585
2026/03/06 11:53:00,NPP-375D,Mozambique,Maputo,Matutuíne,,,,,3.7,-26.8441,32.7433
2026/03/06 11:53:00,NPP-375D,Mozambique,Maputo,Namaacha,,,,,5.4,-26.12295,32.20805
2026/03/06 11:53:00,NPP-375D,Mozambique,Maputo,Matutuíne,,,,,2.2,-26.49262,32.36415
2026/03/06 11:53:00,NPP-375D,Mozambique,Maputo,Matutuíne,,,,,2.1,-26.09277,32.52026
2026/03/06 11:53:00,NPP-375D,Mozambique,Maputo,Matutuíne,,,,,6.1,-26.76391,32.33744
2026/03/06 11:53:00,NPP-375D,Mozambique,Maputo,Matutuíne,,,,,8.0,-26.76385,32.3349
2026/03/06 11:53:00,NPP-375D,Mozambique,Maputo,Marracuene,,,,,5.0,-25.64952,32.69066
2026/03/06 11:53:00,NPP-375D,Mozambique,Maputo,Namaacha,,,,,7.0,-26.12214,32.21265
2026/03/06 11:53:00,NPP-375D,Mozambique,Maputo,Namaacha,,,,,7.0,-26.11853,32.21186
2026/03/06 11:55:00,NPP-375D,Mozambique,Zambezia,Chinde,,,,,1.7,-18.2322,35.98181
2026/03/06 11:55:00,NPP-375D,Mozambique,Zambezia,Morrumbala,,,,,3.9,-16.6129,35.53176
2026/03/06 11:55:00,NPP-375D,Mozambique,Zambezia,Morrumbala,,,,,2.0,-17.39753,35.95879
2026/03/06 11:55:00,NPP-375D,Mozambique,Zambezia,Morrumbala,,,,,3.1,-16.8878,35.96334
2026/03/06 11:55:00,NPP-375D,Mozambique,Sofala,Muanza,,,,,7.2,-19.0393,35.60829
2026/03/06 11:55:00,NPP-375D,Mozambique,Zambezia,Mocuba,,,,,4.4,-16.82021,36.43219
2026/03/06 11:55:00,NPP-375D,Mozambique,Zambezia,Morrumbala,,,,,4.1,-16.75645,35.86182
2026/03/06 11:55:00,NPP-375D,Mozambique,Zambezia,Morrumbala,,,,,4.1,-17.10714,35.89593
2026/03/06 11:55:00,NPP-375D,Mozambique,Zambezia,Morrumbala,,,,,5.2,-16.70803,35.62169
2026/03/06 23:07:00,NPP-375,Mozambique,Tete,Moatize,,,,,1.1,-16.20129,33.84303
2026/03/06 23:07:00,NPP-375,Mozambique,Tete,Moatize,,,,,1.1,-16.19739,33.84
2026/03/06 23:07:00,NPP-375,Mozambique,Tete,Moatize,,,,,1.1,-16.20072,33.83944
2026/03/06 23:07:00,NPP-375,Mozambique,Tete,Moatize,,,,,1.6,-16.1294,33.72945
2026/03/06 23:07:00,NPP-375,Mozambique,Tete,Changara,,,,,0.5,-15.88719,33.02389
2026/03/06 23:07:00,NPP-375,Mozambique,Tete,Moatize,,,,,2.7,-16.13237,33.76955
2026/03/06 23:07:00,NPP-375,Mozambique,Tete,Moatize,,,,,2.4,-16.20794,33.8419
2026/03/06 23:07:00,NPP-375,Mozambique,Tete,Moatize,,,,,2.4,-16.19407,33.84056
2026/03/06 23:07:00,NPP-375,Mozambique,Tete,Moatize,,,,,1.4,-16.12067,33.76047
2026/03/06 23:07:00,NPP-375,Mozambique,Tete,Moatize,,,,,1.4,-16.11735,33.76104
2026/03/06 23:07:00,NPP-375,Mozambique,Tete,Moatize,,,,,1.3,-16.13434,33.71753
2026/03/06 23:07:00,NPP-375,Mozambique,Tete,Moatize,,,,,2.0,-16.12125,33.76407
2026/03/06 23:07:00,NPP-375,Mozambique,Tete,Moatize,,,,,1.3,-16.13158,33.72169
2026/03/06 23:07:00,NPP-375,Mozambique,Tete,Moatize,,,,,1.4,-16.11678,33.75744
2026/03/06 23:07:00,NPP-375,Mozambique,Tete,Moatize,,,,,1.7,-16.12904,33.77013
2026/03/06 23:07:00,NPP-375,Mozambique,Tete,Moatize,,,,,1.3,-16.13101,33.71809
2026/03/06 23:07:00,NPP-375,Mozambique,Tete,Moatize,,,,,1.1,-16.19796,33.84359
2026/03/07 11:34:00,NPP-375D,Mozambique,Gaza,Xai-Xai,,,,,6.6,-25.049,33.39669
2026/03/07 11:34:00,NPP-375D,Mozambique,Maputo,Moamba,,,,,2.1,-25.68066,32.5156
2026/03/07 11:34:00,NPP-375D,Mozambique,Gaza,Bilene,,,,,6.2,-24.98963,33.1893
2026/03/07 11:34:00,NPP-375D,Mozambique,Gaza,Bilene,,,,,4.0,-24.99171,33.18968
2026/03/07 11:34:00,NPP-375D,Mozambique,Maputo,Manhiça,,,,,2.4,-25.56965,32.60733
2026/03/07 11:36:00,NPP-375D,Mozambique,Manica,Gondola,,,,,2.7,-19.38626,33.61225
2026/03/07 11:36:00,NPP-375D,Mozambique,Inhambane,Massinga,,,,,7.0,-23.11654,35.4497
2026/03/07 11:36:00,NPP-375D,Mozambique,Sofala,Nhamatanda,,,,,3.4,-19.13817,34.17969
2026/03/07 11:36:00,NPP-375D,Mozambique,Sofala,Cheringoma,,,,,11.2,-18.66939,35.49313
2026/03/07 11:36:00,NPP-375D,Mozambique,Sofala,Cheringoma,,,,,4.4,-18.76702,35.57784
2026/03/07 11:36:00,NPP-375D,Mozambique,Zambezia,Mopeia,,,,,4.6,-17.85148,35.86607
2026/03/07 11:36:00,NPP-375D,Mozambique,Inhambane,Vilanculos,,,,,4.1,-22.25257,35.44407
2026/03/07 11:36:00,NPP-375D,Mozambique,Inhambane,Massinga,,,,,5.1,-23.11727,35.44545
2026/03/07 11:36:00,NPP-375D,Mozambique,Sofala,Cheringoma,,,,,4.4,-18.76785,35.57315
2026/03/07 11:36:00,NPP-375D,Mozambique,Sofala,Marromeu,,,,,3.2,-18.36578,35.93406
2026/03/07 11:36:00,NPP-375D,Mozambique,Sofala,Nhamatanda,,,,,1.8,-19.06659,34.28452
2026/03/07 11:36:00,NPP-375D,Mozambique,Sofala,Marromeu,,,,,5.5,-18.65636,36.08591
2026/03/07 11:36:00,NPP-375D,Mozambique,Inhambane,Vilanculos,,,,,3.6,-22.27918,35.39623
2026/03/07 11:36:00,NPP-375D,Mozambique,Sofala,Cheringoma,,,,,6.3,-18.66857,35.49778
2026/03/07 11:36:00,NPP-375D,Mozambique,Sofala,Marromeu,,,,,4.2,-18.36413,35.93549
2026/03/07 11:36:00,NPP-375D,Mozambique,Sofala,Marromeu,,,,,4.0,-18.47138,35.78273
2026/03/07 11:36:00,NPP-375D,Mozambique,Gaza,Massingir,,,,,4.0,-23.84515,32.06427
2026/03/07 11:36:00,NPP-375D,Mozambique,Sofala,Nhamatanda,,,,,3.0,-19.14031,34.18846
2026/03/07 11:36:00,NPP-375D,Mozambique,Sofala,Nhamatanda,,,,,10.3,-19.13682,34.18782
2026/03/07 11:36:00,NPP-375D,Mozambique,Manica,Gondola,,,,,2.1,-19.22983,33.71194
2026/03/07 11:36:00,NPP-375D,Mozambique,Manica,Gondola,,,,,2.5,-19.27987,33.66463
2026/03/07 11:36:00,NPP-375D,Mozambique,Inhambane,Massinga,,,,,6.2,-22.69034,35.48729
2026/03/07 11:38:00,NPP-375D,Mozambique,Zambezia,Morrumbala,,,,,4.2,-16.83378,36.2536
2026/03/07 11:38:00,NPP-375D,Mozambique,Sofala,Chemba,,,,,2.7,-16.94699,34.77611
2026/03/07 11:38:00,NPP-375D,Mozambique,Zambezia,Mopeia,,,,,1.8,-17.69994,35.81115
2026/03/07 11:38:00,NPP-375D,Mozambique,Zambezia,Morrumbala,,,,,4.9,-17.39164,36.03258
2026/03/07 11:38:00,NPP-375D,Mozambique,Zambezia,Mocuba,,,,,3.1,-16.59334,36.52454
2026/03/07 11:38:00,NPP-375D,Mozambique,Tete,Mutarara,,,,,3.7,-17.70393,35.34187
2026/03/07 11:38:00,NPP-375D,Mozambique,Tete,Mutarara,,,,,2.6,-17.59248,35.31608
2026/03/07 11:38:00,NPP-375D,Mozambique,Zambezia,Morrumbala,,,,,6.1,-16.63527,35.67743
2026/03/07 11:38:00,NPP-375D,Mozambique,Zambezia,Mocuba,,,,,2.0,-16.90552,36.55102
2026/03/07 11:38:00,NPP-375D,Mozambique,Tete,Mutarara,,,,,3.5,-17.59221,35.31739
2026/03/07 11:38:00,NPP-375D,Mozambique,Zambezia,Morrumbala,,,,,4.4,-16.74698,35.58883
2026/03/07 11:38:00,NPP-375D,Mozambique,Zambezia,Morrumbala,,,,,7.0,-17.38217,36.06272
2026/03/07 11:38:00,NPP-375D,Mozambique,Zambezia,Mopeia,,,,,2.7,-17.65686,35.39044
2026/03/07 11:38:00,NPP-375D,Mozambique,Sofala,Caia,,,,,27.0,-17.65375,35.16485
2026/03/07 11:38:00,NPP-375D,Mozambique,Zambezia,Morrumbala,,,,,6.0,-17.41848,35.83829
2026/03/07 11:38:00,NPP-375D,Mozambique,Tete,Moatize,,,,,8.3,-16.19281,33.84238
2026/03/07 11:38:00,NPP-375D,Mozambique,Zambezia,Morrumbala,,,,,3.9,-16.61509,35.56546
2026/03/07 11:38:00,NPP-375D,Mozambique,Sofala,Chemba,,,,,2.4,-17.08676,34.87945
2026/03/07 11:38:00,NPP-375D,Mozambique,Zambezia,Morrumbala,,,,,3.9,-17.23694,36.10698
2026/03/07 11:38:00,NPP-375D,Mozambique,Zambezia,Mocuba,,,,,5.6,-16.5694,36.14487
2026/03/07 11:38:00,NPP-375D,Mozambique,Zambezia,Morrumbala,,,,,10.2,-16.93875,36.04637
2026/03/07 11:38:00,NPP-375D,Mozambique,Sofala,Caia,,,,,5.9,-17.65746,35.16555
2026/03/07 11:38:00,NPP-375D,Mozambique,Zambezia,Morrumbala,,,,,4.4,-16.76082,36.03349
2026/03/07 11:38:00,NPP-375D,Mozambique,Zambezia,Morrumbala,,,,,6.0,-17.14694,35.9402
2026/03/07 11:38:00,NPP-375D,Mozambique,Tete,Mutarara,,,,,4.6,-17.70464,35.34032
2026/03/07 11:38:00,NPP-375D,Mozambique,Zambezia,Morrumbala,,,,,4.2,-17.23806,36.10949
2026/03/07 11:38:00,NPP-375D,Mozambique,Tete,Mutarara,,,,,3.7,-17.48977,35.08002
2026/03/07 11:38:00,NPP-375D,Mozambique,Zambezia,Mocuba,,,,,3.5,-16.73533,36.65755
2026/03/07 11:38:00,NPP-375D,Mozambique,Zambezia,Mocuba,,,,,1.6,-16.56103,36.23924
2026/03/07 11:38:00,NPP-375D,Mozambique,Zambezia,Mopeia,,,,,6.5,-17.54624,36.04441
2026/03/07 11:38:00,NPP-375D,Mozambique,Zambezia,Morrumbala,,,,,15.5,-17.13135,35.93715
2026/03/07 11:38:00,NPP-375D,Mozambique,Zambezia,Mopeia,,,,,5.3,-17.52655,36.20141
2026/03/07 11:38:00,NPP-375D,Mozambique,Zambezia,Morrumbala,,,,,11.1,-16.93663,36.04289
2026/03/07 11:38:00,NPP-375D,Mozambique,Zambezia,Morrumbala,,,,,6.0,-17.38085,36.13766
2026/03/07 11:38:00,NPP-375D,Mozambique,Zambezia,Milange,,,,,2.2,-16.39016,36.26268
2026/03/07 11:38:00,NPP-375D,Mozambique,Zambezia,Morrumbala,,,,,6.7,-16.74611,35.59379
2026/03/07 22:46:00,NPP-375,Mozambique,Tete,Moatize,,,,,1.4,-16.19922,33.83908
2026/03/07 22:46:00,NPP-375,Mozambique,Zambezia,Mocuba,,,,,0.4,-17.14928,36.91877
2026/03/07 22:46:00,NPP-375,Mozambique,Tete,Moatize,,,,,2.5,-16.19529,33.83988
2026/03/08 11:17:00,NPP-375D,Mozambique,Zambezia,Morrumbala,,,,,2.8,-17.24638,35.63098
2026/03/08 11:17:00,NPP-375D,Mozambique,Inhambane,Vilanculos,,,,,26.6,-22.57251,35.41815
2026/03/08 11:17:00,NPP-375D,Mozambique,Zambezia,Mopeia,,,,,2.9,-17.72839,35.88245
2026/03/08 11:17:00,NPP-375D,Mozambique,Zambezia,Mocuba,,,,,4.3,-16.7476,36.33336
2026/03/08 11:17:00,NPP-375D,Mozambique,Zambezia,Mocuba,,,,,4.0,-16.57107,36.46684
2026/03/08 11:17:00,NPP-375D,Mozambique,Zambezia,Morrumbala,,,,,5.0,-17.36732,36.23427
2026/03/08 11:17:00,NPP-375D,Mozambique,Zambezia,Milange,,,,,2.4,-16.27283,36.23013
2026/03/08 11:17:00,NPP-375D,Mozambique,Zambezia,Ile,,,,,4.3,-16.22549,37.50013
2026/03/08 11:17:00,NPP-375D,Mozambique,Zambezia,Morrumbala,,,,,2.3,-16.7899,36.1032
2026/03/08 11:17:00,NPP-375D,Mozambique,Inhambane,Vilanculos,,,,,7.2,-22.36476,35.43788
2026/03/08 11:17:00,NPP-375D,Mozambique,Zambezia,Morrumbala,,,,,2.6,-17.58415,35.74616
2026/03/08 11:17:00,NPP-375D,Mozambique,Zambezia,Mocuba,,,,,3.8,-16.83773,36.34074
2026/03/08 11:17:00,NPP-375D,Mozambique,Zambezia,Nicoadala,,,,,1.9,-17.56065,36.6924
2026/03/08 11:17:00,NPP-375D,Mozambique,Zambezia,Lugela,,,,,1.8,-16.45959,36.35482
2026/03/08 11:17:00,NPP-375D,Mozambique,Zambezia,Mocuba,,,,,4.8,-16.64884,37.19173
2026/03/08 11:17:00,NPP-375D,Mozambique,Zambezia,Mocuba,,,,,2.7,-16.69709,36.57055
2026/03/08 11:17:00,NPP-375D,Mozambique,Zambezia,Alto Molocue,,,,,3.5,-15.81476,37.40504
2026/03/08 11:17:00,NPP-375D,Mozambique,Zambezia,Mopeia,,,,,11.0,-17.50904,36.15035
2026/03/08 11:17:00,NPP-375D,Mozambique,Zambezia,Mocuba,,,,,2.4,-16.71877,37.25344
2026/03/08 11:17:00,NPP-375D,Mozambique,Zambezia,Morrumbala,,,,,1.8,-16.81096,36.05486
2026/03/08 11:17:00,NPP-375D,Mozambique,Zambezia,Mopeia,,,,,4.2,-17.53113,35.93838
2026/03/08 11:17:00,NPP-375D,Mozambique,Zambezia,Morrumbala,,,,,7.0,-16.53585,35.9049
2026/03/08 11:17:00,NPP-375D,Mozambique,Zambezia,Mocuba,,,,,4.4,-16.72979,36.36006
2026/03/08 11:17:00,NPP-375D,Mozambique,Zambezia,Morrumbala,,,,,4.0,-16.61876,36.13713
2026/03/08 11:17:00,NPP-375D,Mozambique,Inhambane,Massinga,,,,,2.6,-22.79033,35.47704
2026/03/08 11:17:00,NPP-375D,Mozambique,Zambezia,Mocuba,,,,,3.5,-16.67277,36.50679
2026/03/08 11:17:00,NPP-375D,Mozambique,Zambezia,Mocuba,,,,,3.5,-16.67334,36.50316
2026/03/08 11:17:00,NPP-375D,Mozambique,Zambezia,Mocuba,,,,,6.8,-16.71615,37.22621
2026/03/08 11:17:00,NPP-375D,Mozambique,Zambezia,Morrumbala,,,,,4.0,-16.85175,36.13913
2026/03/08 11:17:00,NPP-375D,Mozambique,Zambezia,Morrumbala,,,,,4.5,-16.71833,36.12465
2026/03/08 11:17:00,NPP-375D,Mozambique,Zambezia,Morrumbala,,,,,3.3,-16.84953,36.10914
2026/03/08 11:17:00,NPP-375D,Mozambique,Zambezia,Morrumbala,,,,,1.7,-16.97409,36.22309
2026/03/08 11:17:00,NPP-375D,Mozambique,Zambezia,Lugela,,,,,1.7,-16.51043,36.51209
2026/03/08 11:17:00,NPP-375D,Mozambique,Zambezia,Morrumbala,,,,,8.4,-16.80848,36.10975
2026/03/08 11:17:00,NPP-375D,Mozambique,Zambezia,Morrumbala,,,,,1.4,-16.95747,36.15361
2026/03/08 11:17:00,NPP-375D,Mozambique,Zambezia,Mocuba,,,,,4.7,-16.86165,36.2965
2026/03/08 11:17:00,NPP-375D,Mozambique,Zambezia,Morrumbala,,,,,2.8,-16.81955,36.19307
2026/03/08 11:17:00,NPP-375D,Mozambique,Zambezia,Morrumbala,,,,,1.4,-16.76604,36.12516
2026/03/08 11:17:00,NPP-375D,Mozambique,Zambezia,Morrumbala,,,,,2.2,-16.94804,36.14833
2026/03/08 11:17:00,NPP-375D,Mozambique,Zambezia,Morrumbala,,,,,3.6,-16.90443,36.01828
2026/03/08 11:17:00,NPP-375D,Mozambique,Zambezia,Morrumbala,,,,,3.0,-17.11632,36.13588
2026/03/08 11:17:00,NPP-375D,Mozambique,Zambezia,Milange,,,,,2.1,-16.36505,36.11955
2026/03/08 11:17:00,NPP-375D,Mozambique,Zambezia,Morrumbala,,,,,7.3,-17.31487,35.98359
2026/03/08 11:17:00,NPP-375D,Mozambique,Zambezia,Morrumbala,,,,,6.4,-16.65166,35.69881
2026/03/08 11:17:00,NPP-375D,Mozambique,Zambezia,Mocuba,,,,,3.7,-16.57384,36.47102
2026/03/08 11:17:00,NPP-375D,Mozambique,Zambezia,Morrumbala,,,,,4.8,-16.73989,35.70211
2026/03/08 11:17:00,NPP-375D,Mozambique,Zambezia,Mocuba,,,,,2.9,-16.71302,36.42413
2026/03/08 11:17:00,NPP-375D,Mozambique,Zambezia,Mocuba,,,,,5.3,-16.83447,36.27342
2026/03/08 11:17:00,NPP-375D,Mozambique,Zambezia,Morrumbala,,,,,3.4,-16.63588,36.26959
2026/03/08 11:17:00,NPP-375D,Mozambique,Zambezia,Morrumbala,,,,,5.2,-16.57635,35.93003
2026/03/08 11:17:00,NPP-375D,Mozambique,Zambezia,Morrumbala,,,,,2.9,-16.80487,36.09457
2026/03/08 11:17:00,NPP-375D,Mozambique,Zambezia,Mocuba,,,,,2.2,-16.76176,36.52141
2026/03/08 11:17:00,NPP-375D,Mozambique,Zambezia,Lugela,,,,,2.4,-16.50765,36.5079
2026/03/08 11:17:00,NPP-375D,Mozambique,Zambezia,Morrumbala,,,,,2.0,-16.7505,36.02635
2026/03/08 11:17:00,NPP-375D,Mozambique,Zambezia,Morrumbala,,,,,3.5,-17.2849,35.73762
2026/03/08 11:17:00,NPP-375D,Mozambique,Zambezia,Lugela,,,,,2.4,-16.40087,36.45605
2026/03/08 11:17:00,NPP-375D,Mozambique,Zambezia,Mocuba,,,,,4.4,-16.80928,36.41401
2026/03/08 11:17:00,NPP-375D,Mozambique,Zambezia,Morrumbala,,,,,3.3,-17.15483,36.03163
2026/03/08 11:17:00,NPP-375D,Mozambique,Zambezia,Morrumbala,,,,,1.9,-16.67035,36.15679
2026/03/08 11:17:00,NPP-375D,Mozambique,Zambezia,Mocuba,,,,,1.5,-16.81119,37.30812
2026/03/08 11:17:00,NPP-375D,Mozambique,Zambezia,Mocuba,,,,,2.5,-16.85738,36.55674
2026/03/08 11:17:00,NPP-375D,Mozambique,Zambezia,Morrumbala,,,,,7.8,-16.76826,36.13293
2026/03/08 11:17:00,NPP-375D,Mozambique,Zambezia,Morrumbala,,,,,3.7,-17.01628,36.3419
2026/03/08 11:17:00,NPP-375D,Mozambique,Zambezia,Lugela,,,,,2.3,-16.49677,36.62177
2026/03/08 11:17:00,NPP-375D,Mozambique,Zambezia,Morrumbala,,,,,2.3,-16.86229,36.07053
2026/03/08 11:17:00,NPP-375D,Mozambique,Zambezia,Morrumbala,,,,,1.2,-16.95578,36.20892
2026/03/08 11:17:00,NPP-375D,Mozambique,Zambezia,Morrumbala,,,,,3.1,-17.01961,36.34245
2026/03/08 11:17:00,NPP-375D,Mozambique,Zambezia,Morrumbala,,,,,5.4,-16.53084,35.89299
2026/03/08 11:17:00,NPP-375D,Mozambique,Zambezia,Lugela,,,,,3.6,-16.39057,36.30207
2026/03/08 11:17:00,NPP-375D,Mozambique,Zambezia,Mocuba,,,,,5.6,-16.53954,36.41281
2026/03/08 11:17:00,NPP-375D,Mozambique,Zambezia,Milange,,,,,3.5,-16.51646,35.94235
2026/03/08 11:17:00,NPP-375D,Mozambique,Zambezia,Morrumbala,,,,,2.2,-17.03785,35.94086
2026/03/08 11:17:00,NPP-375D,Mozambique,Zambezia,Morrumbala,,,,,1.9,-17.24306,36.05737
2026/03/08 11:17:00,NPP-375D,Mozambique,Zambezia,Morrumbala,,,,,2.7,-16.69029,35.60145
2026/03/08 11:17:00,NPP-375D,Mozambique,Zambezia,Mocuba,,,,,11.6,-16.84268,36.375
2026/03/08 11:17:00,NPP-375D,Mozambique,Zambezia,Mocuba,,,,,2.3,-16.75589,36.36813
2026/03/08 11:17:00,NPP-375D,Mozambique,Zambezia,Lugela,,,,,3.7,-16.38186,36.49011
2026/03/08 22:27:00,NPP-375,Mozambique,Tete,Moatize,,,,,0.8,-16.13552,33.76592
2026/03/08 22:27:00,NPP-375,Mozambique,Tete,Moatize,,,,,1.4,-16.11866,33.75961
2026/03/08 22:27:00,NPP-375,Mozambique,Tete,Moatize,,,,,0.9,-16.11724,33.75879
2026/03/09 11:00:00,NPP-375D,Mozambique,Nampula,Lalaua,,,,,8.6,-14.25615,38.25664
2026/03/09 23:50:00,NPP-375,Mozambique,Tete,Zumbu,,,,,1.0,-15.00653,30.63483
2026/03/09 23:52:00,NPP-375,Mozambique,Maputo,Matutuíne,,,,,0.8,-26.39065,32.65019
2026/03/11 23:12:00,NPP-375,Mozambique,Tete,Moatize,,,,,1.6,-16.11694,33.76299
2026/03/11 23:12:00,NPP-375,Mozambique,Tete,Moatize,,,,,1.9,-16.1316,33.7225
2026/03/11 23:12:00,NPP-375,Mozambique,Tete,Moatize,,,,,1.4,-16.11638,33.75928
2026/03/14 11:06:00,NPP-375D,Mozambique,Nampula,Mossuril,,,,,1.5,-15.15372,40.40889
2026/03/15 10:45:00,NPP-375D,Mozambique,Tete,Mutarara,,,,,4.5,-16.89523,34.79058
2026/03/17 11:47:00,NPP-375D,Mozambique,Inhambane,Massinga,,,,,4.5,-22.89828,35.5162
2026/03/17 11:47:00,NPP-375D,Mozambique,Inhambane,Vilanculos,,,,,3.4,-22.29245,35.29523
2026/03/17 11:47:00,NPP-375D,Mozambique,Inhambane,Massinga,,,,,6.8,-22.64585,35.47309
2026/03/17 11:47:00,NPP-375D,Mozambique,Inhambane,Massinga,,,,,11.0,-22.63774,35.49263
2026/03/17 11:47:00,NPP-375D,Mozambique,Inhambane,Vilanculos,,,,,4.1,-22.64413,35.39253
2026/03/17 11:47:00,NPP-375D,Mozambique,Inhambane,Massinga,,,,,4.6,-22.80753,35.49145
2026/03/17 11:47:00,NPP-375D,Mozambique,Inhambane,Massinga,,,,,3.9,-22.96797,35.38441
2026/03/17 23:01:00,NPP-375,Mozambique,Maputo,Matutuíne,,,,,1.3,-26.395,32.65104
2026/03/18 11:28:00,NPP-375D,Mozambique,Inhambane,Jangamo,,,,,4.5,-24.16702,35.45226
2026/03/18 11:30:00,NPP-375D,Mozambique,Inhambane,Massinga,,,,,28.0,-22.78163,35.39928
2026/03/18 11:30:00,NPP-375D,Mozambique,Inhambane,Massinga,,,,,4.4,-23.03554,35.40328
2026/03/18 11:30:00,NPP-375D,Mozambique,Inhambane,Massinga,,,,,11.1,-22.71368,35.47342
2026/03/18 11:30:00,NPP-375D,Mozambique,Inhambane,Massinga,,,,,4.1,-22.93739,35.42828
2026/03/18 11:30:00,NPP-375D,Mozambique,Inhambane,Massinga,,,,,3.1,-23.05752,35.48246
2026/03/18 11:30:00,NPP-375D,Mozambique,Inhambane,Massinga,,,,,3.9,-23.03824,35.49476
2026/03/18 11:30:00,NPP-375D,Mozambique,Inhambane,Massinga,,,,,15.4,-22.82504,35.34432
2026/03/18 11:30:00,NPP-375D,Mozambique,Inhambane,Vilanculos,,,,,3.3,-22.63772,35.47113
2026/03/18 11:30:00,NPP-375D,Mozambique,Inhambane,Massinga,,,,,1.9,-22.78674,35.47535
2026/03/18 11:30:00,NPP-375D,Mozambique,Inhambane,Massinga,,,,,3.2,-23.04804,35.47674
2026/03/18 11:30:00,NPP-375D,Mozambique,Inhambane,Vilanculos,,,,,4.4,-22.63098,35.46988
2026/03/18 11:30:00,NPP-375D,Mozambique,Inhambane,Massinga,,,,,6.1,-23.19413,35.48394
2026/03/18 11:30:00,NPP-375D,Mozambique,Inhambane,Vilanculos,,,,,13.9,-22.64481,35.44872
2026/03/18 11:30:00,NPP-375D,Mozambique,Inhambane,Massinga,,,,,6.6,-23.01283,35.50191
2026/03/18 11:30:00,NPP-375D,Mozambique,Inhambane,Massinga,,,,,7.7,-23.05141,35.47736
2026/03/18 11:30:00,NPP-375D,Mozambique,Inhambane,Massinga,,,,,2.8,-22.87256,35.44381
2026/03/18 11:30:00,NPP-375D,Mozambique,Inhambane,Massinga,,,,,2.0,-23.17335,35.484
2026/03/18 11:30:00,NPP-375D,Mozambique,Inhambane,Massinga,,,,,3.9,-23.03886,35.49091
2026/03/19 11:10:00,NPP-375D,Mozambique,Inhambane,Massinga,,,,,5.2,-23.02755,35.42999
2026/03/19 11:10:00,NPP-375D,Mozambique,Gaza,Bilene,,,,,1.8,-25.00202,33.3577
2026/03/19 11:10:00,NPP-375D,Mozambique,Inhambane,Inharrime,,,,,3.2,-24.29478,35.34536
2026/03/19 11:10:00,NPP-375D,Mozambique,Inhambane,Massinga,,,,,18.0,-22.71386,35.39299
2026/03/19 11:10:00,NPP-375D,Mozambique,Inhambane,Massinga,,,,,6.2,-23.09761,35.42446
2026/03/19 11:10:00,NPP-375D,Mozambique,Zambezia,Morrumbala,,,,,3.7,-16.78838,36.18037
2026/03/19 22:22:00,NPP-375,Mozambique,Tete,Moatize,,,,,0.9,-16.19608,33.84149
2026/03/19 22:25:00,NPP-375,Mozambique,Maputo,Matutuíne,,,,,1.0,-26.39151,32.64968
2026/03/20 10:51:00,NPP-375D,Mozambique,Inhambane,Massinga,,,,,5.7,-22.80698,35.49727
2026/03/20 10:51:00,NPP-375D,Mozambique,Inhambane,Inharrime,,,,,3.3,-24.46703,35.17955
2026/03/20 10:51:00,NPP-375D,Mozambique,Sofala,Marromeu,,,,,3.4,-18.91536,36.0723
2026/03/20 10:51:00,NPP-375D,Mozambique,Inhambane,Massinga,,,,,4.8,-22.73089,35.46494
2026/03/20 10:51:00,NPP-375D,Mozambique,Inhambane,Massinga,,,,,7.9,-22.80418,35.49733
2026/03/20 10:51:00,NPP-375D,Mozambique,Inhambane,Massinga,,,,,3.8,-22.72309,35.49314
2026/03/20 22:05:00,NPP-375,Mozambique,Maputo,Marracuene,,,,,4.3,-25.82044,32.67416
2026/03/20 23:44:00,NPP-375,Mozambique,Tete,Moatize,,,,,1.1,-16.13208,33.71777
2026/03/20 23:44:00,NPP-375,Mozambique,Tete,Moatize,,,,,0.9,-16.13103,33.76984
2026/03/20 23:44:00,NPP-375,Mozambique,Tete,Moatize,,,,,1.0,-16.13275,33.76902
2026/03/20 23:44:00,NPP-375,Mozambique,Tete,Moatize,,,,,1.2,-16.13074,33.71853
2026/03/20 23:44:00,NPP-375,Mozambique,Tete,Moatize,,,,,0.7,-16.19296,33.83847
2026/03/20 23:44:00,NPP-375,Mozambique,Tete,Moatize,,,,,0.3,-16.20946,33.84013
2026/03/21 10:32:00,NPP-375D,Mozambique,Inhambane,Jangamo,,,,,4.6,-24.16398,35.45282
2026/03/21 10:32:00,NPP-375D,Mozambique,Inhambane,Vilanculos,,,,,3.3,-22.56384,35.39845
2026/03/21 10:32:00,NPP-375D,Mozambique,Inhambane,Massinga,,,,,4.6,-23.06005,35.48714
2026/03/21 10:32:00,NPP-375D,Mozambique,Inhambane,Vilanculos,,,,,7.6,-22.59459,35.43055
2026/03/21 10:32:00,NPP-375D,Mozambique,Inhambane,Massinga,,,,,4.5,-23.03159,35.42486
2026/03/21 10:32:00,NPP-375D,Mozambique,Inhambane,Jangamo,,,,,4.4,-24.16023,35.45103
2026/03/21 10:32:00,NPP-375D,Mozambique,Inhambane,Massinga,,,,,3.9,-23.02899,35.42101
2026/03/21 10:32:00,NPP-375D,Mozambique,Inhambane,Massinga,,,,,6.0,-23.05784,35.48346
2026/03/21 10:34:00,NPP-375D,Mozambique,Tete,Moatize,,,,,7.3,-16.12049,33.76173
2026/03/21 10:34:00,NPP-375D,Mozambique,Zambezia,Ile,,,,,5.0,-16.2898,37.3018
2026/03/21 10:34:00,NPP-375D,Mozambique,Tete,Moatize,,,,,12.5,-16.11917,33.76559
2026/03/21 23:24:00,NPP-375,Mozambique,Tete,Moatize,,,,,0.8,-16.11726,33.75922
2026/03/21 23:24:00,NPP-375,Mozambique,Tete,Moatize,,,,,3.5,-16.13185,33.72123
2026/03/21 23:24:00,NPP-375,Mozambique,Tete,Changara,,,,,0.4,-15.88746,33.02187
2026/03/22 11:53:00,NPP-375D,Mozambique,Inhambane,Vilanculos,,,,,3.8,-22.29032,35.31535
2026/03/22 11:53:00,NPP-375D,Mozambique,Inhambane,Vilanculos,,,,,8.4,-22.59174,35.45897
2026/03/22 11:53:00,NPP-375D,Mozambique,Inhambane,Vilanculos,,,,,4.8,-22.15627,35.25784
2026/03/22 11:53:00,NPP-375D,Mozambique,Inhambane,Vilanculos,,,,,6.0,-22.29085,35.3178
2026/03/22 11:53:00,NPP-375D,Mozambique,Inhambane,Vilanculos,,,,,3.0,-22.586,35.44876
2026/03/22 11:53:00,NPP-375D,Mozambique,Inhambane,Vilanculos,,,,,6.7,-22.58852,35.46008
2026/03/22 11:55:00,NPP-375D,Mozambique,Zambezia,Morrumbala,,,,,1.8,-17.39844,36.07803
2026/03/22 11:55:00,NPP-375D,Mozambique,Zambezia,Morrumbala,,,,,5.0,-16.83407,36.21481
2026/03/22 11:55:00,NPP-375D,Mozambique,Zambezia,Morrumbala,,,,,3.0,-16.7181,35.59385
2026/03/22 11:55:00,NPP-375D,Mozambique,Zambezia,Milange,,,,,3.4,-16.43546,36.2143
2026/03/22 23:05:00,NPP-375,Mozambique,Tete,Moatize,,,,,1.3,-16.12947,33.77096
2026/03/22 23:05:00,NPP-375,Mozambique,Tete,Moatize,,,,,1.2,-16.19421,33.84164
2026/03/22 23:05:00,NPP-375,Mozambique,Tete,Moatize,,,,,0.8,-16.11721,33.75828
2026/03/22 23:05:00,NPP-375,Mozambique,Tete,Moatize,,,,,0.4,-16.19188,33.84149
2026/03/22 23:05:00,NPP-375,Mozambique,Tete,Moatize,,,,,0.8,-16.11778,33.76188
2026/03/22 23:05:00,NPP-375,Mozambique,Tete,Moatize,,,,,1.2,-16.19478,33.84523
2026/03/22 23:05:00,NPP-375,Mozambique,Tete,Moatize,,,,,2.0,-16.1211,33.76131
2026/03/22 23:05:00,NPP-375,Mozambique,Tete,Moatize,,,,,1.3,-16.13475,33.71838
2026/03/23 11:36:00,NPP-375D,Mozambique,Inhambane,Vilanculos,,,,,2.4,-22.19001,35.30049
2026/03/23 11:36:00,NPP-375D,Mozambique,Gaza,Mandlakazi,,,,,4.0,-24.95486,34.00747
2026/03/23 11:36:00,NPP-375D,Mozambique,Inhambane,Zavala,,,,,6.8,-24.71384,34.59123
2026/03/23 11:36:00,NPP-375D,Mozambique,Inhambane,Jangamo,,,,,2.4,-24.16716,35.44928
2026/03/23 11:36:00,NPP-375D,Mozambique,Inhambane,Jangamo,,,,,1.9,-24.16798,35.44881
2026/03/23 11:36:00,NPP-375D,Mozambique,Manica,Mossurize,,,,,2.0,-20.1121,33.01926
2026/03/23 11:36:00,NPP-375D,Mozambique,Inhambane,Vilanculos,,,,,7.5,-22.20669,35.5151
2026/03/23 11:36:00,NPP-375D,Mozambique,Inhambane,Zavala,,,,,1.6,-24.59624,34.83825
2026/03/23 11:36:00,NPP-375D,Mozambique,Inhambane,Vilanculos,,,,,6.7,-22.20111,35.51495
2026/03/23 11:36:00,NPP-375D,Mozambique,Maputo,Manhiça,,,,,5.0,-25.56942,32.70154
2026/03/23 11:36:00,NPP-375D,Mozambique,Inhambane,Inharrime,,,,,2.7,-24.31278,35.3189
2026/03/23 11:36:00,NPP-375D,Mozambique,Inhambane,Vilanculos,,,,,7.6,-22.20033,35.50935
2026/03/23 11:36:00,NPP-375D,Mozambique,Inhambane,Vilanculos,,,,,10.9,-22.19958,35.51369
2026/03/23 11:36:00,NPP-375D,Mozambique,Inhambane,Vilanculos,,,,,4.1,-22.21477,35.28349
2026/03/23 11:36:00,NPP-375D,Mozambique,Inhambane,Vilanculos,,,,,4.1,-22.20745,35.51076
2026/03/23 11:36:00,NPP-375D,Mozambique,Inhambane,Massinga,,,,,1.7,-22.65596,35.44948
2026/03/23 11:36:00,NPP-375D,Mozambique,Inhambane,Vilanculos,,,,,4.6,-22.33797,35.425
2026/03/23 11:36:00,NPP-375D,Mozambique,Inhambane,Vilanculos,,,,,13.3,-22.20185,35.51061
2026/03/23 11:36:00,NPP-375D,Mozambique,Inhambane,Vilanculos,,,,,12.2,-22.08242,35.25444
2026/03/23 11:36:00,NPP-375D,Mozambique,Gaza,Bilene,,,,,6.7,-25.02509,33.1722
2026/03/23 11:38:00,NPP-375D,Mozambique,Tete,Mutarara,,,,,4.2,-17.16778,35.09719
2026/03/23 11:38:00,NPP-375D,Mozambique,Zambezia,Mopeia,,,,,6.7,-18.03527,35.73719
2026/03/23 11:38:00,NPP-375D,Mozambique,Tete,Zumbu,,,,,0.7,-15.09567,30.40981
2026/03/23 11:38:00,NPP-375D,Mozambique,Zambezia,Mopeia,,,,,3.6,-18.03623,35.73933
2026/03/23 11:38:00,NPP-375D,Mozambique,Nampula,Angoche,,,,,3.6,-16.17824,40.01402
2026/03/23 22:48:00,NPP-375,Mozambique,Inhambane,Vilanculos,,,,,3.0,-22.19561,35.50602
2026/03/23 22:48:00,NPP-375,Mozambique,Inhambane,Vilanculos,,,,,7.7,-22.19627,35.50991
2026/03/24 11:17:00,NPP-375D,Mozambique,Inhambane,Vilanculos,,,,,2.5,-22.59999,35.47282
2026/03/24 11:17:00,NPP-375D,Mozambique,Zambezia,Namacurra,,,,,3.2,-17.51454,36.89713
2026/03/24 11:17:00,NPP-375D,Mozambique,Manica,Macossa,,,,,3.5,-18.37282,33.77352
2026/03/24 11:17:00,NPP-375D,Mozambique,Inhambane,Massinga,,,,,27.1,-22.89326,35.48617
2026/03/24 11:17:00,NPP-375D,Mozambique,Zambezia,Morrumbala,,,,,4.0,-17.12257,35.40155
2026/03/24 11:17:00,NPP-375D,Mozambique,Inhambane,Massinga,,,,,27.7,-22.75469,35.36617
2026/03/24 11:17:00,NPP-375D,Mozambique,Zambezia,Morrumbala,,,,,1.6,-17.37027,35.81649
2026/03/24 11:17:00,NPP-375D,Mozambique,Zambezia,Morrumbala,,,,,2.4,-16.75319,35.52027
2026/03/24 11:17:00,NPP-375D,Mozambique,Zambezia,Morrumbala,,,,,3.9,-17.12421,35.39059
2026/03/24 11:17:00,NPP-375D,Mozambique,Inhambane,Massinga,,,,,1.4,-22.96389,35.46051
2026/03/24 11:17:00,NPP-375D,Mozambique,Inhambane,Massinga,,,,,27.7,-22.75526,35.36213
2026/03/24 11:17:00,NPP-375D,Mozambique,Zambezia,Morrumbala,,,,,3.7,-17.03647,35.7007
2026/03/24 11:17:00,NPP-375D,Mozambique,Zambezia,Morrumbala,,,,,2.9,-17.4081,35.83759
2026/03/24 11:17:00,NPP-375D,Mozambique,Inhambane,Jangamo,,,,,9.5,-24.18226,35.42897
2026/03/24 11:17:00,NPP-375D,Mozambique,Zambezia,Morrumbala,,,,,3.6,-16.70269,35.57093
2026/03/24 11:17:00,NPP-375D,Mozambique,Zambezia,Morrumbala,,,,,3.3,-16.54764,35.24492
2026/03/24 11:17:00,NPP-375D,Mozambique,Inhambane,Massinga,,,,,3.0,-22.83125,35.43545
2026/03/24 11:17:00,NPP-375D,Mozambique,Tete,Changara,,,,,2.9,-16.6786,33.0526
2026/03/24 11:17:00,NPP-375D,Mozambique,Inhambane,Massinga,,,,,27.1,-22.89671,35.48673
2026/03/24 11:17:00,NPP-375D,Mozambique,Inhambane,Massinga,,,,,27.7,-22.75181,35.36156
2026/03/24 11:19:00,NPP-375D,Mozambique,Inhambane,Vilanculos,,,,,13.8,-22.17869,35.50333
2026/03/24 11:19:00,NPP-375D,Mozambique,Inhambane,Vilanculos,,,,,3.4,-22.17526,35.50277
2026/03/24 11:19:00,NPP-375D,Mozambique,Inhambane,Vilanculos,,,,,2.6,-21.98697,35.26122
2026/03/24 22:27:00,NPP-375,Mozambique,Manica,Gondola,,,,,0.3,-19.20045,33.32998
2026/03/24 22:27:00,NPP-375,Mozambique,Manica,Gondola,,,,,0.3,-19.20075,33.32999
2026/03/24 22:27:00,NPP-375,Mozambique,Tete,Moatize,,,,,1.5,-16.20082,33.83835
2026/03/24 22:27:00,NPP-375,Mozambique,Tete,Moatize,,,,,1.2,-16.12222,33.7626
2026/03/24 22:27:00,NPP-375,Mozambique,Tete,Moatize,,,,,1.2,-16.12148,33.75899
2026/03/24 22:27:00,NPP-375,Mozambique,Tete,Moatize,,,,,1.9,-16.19622,33.84316
2026/03/25 10:58:00,NPP-375D,Mozambique,Inhambane,Massinga,,,,,4.0,-22.84346,35.44477
2026/03/25 10:58:00,NPP-375D,Mozambique,Inhambane,Vilanculos,,,,,2.0,-22.07577,35.19857
2026/03/25 22:10:00,NPP-375,Mozambique,Tete,Moatize,,,,,1.7,-16.1157,33.75677
2026/03/25 22:10:00,NPP-375,Mozambique,Tete,Moatize,,,,,2.0,-16.19761,33.8382
2026/03/25 23:50:00,NPP-375,Mozambique,Tete,Moatize,,,,,1.2,-16.12862,33.76825
2026/03/25 23:50:00,NPP-375,Mozambique,Tete,Moatize,,,,,2.2,-16.13496,33.71471
2026/03/25 23:50:00,NPP-375,Mozambique,Tete,Moatize,,,,,1.1,-16.20833,33.83933
2026/03/26 10:41:00,NPP-375D,Mozambique,Inhambane,Vilanculos,,,,,4.0,-22.55212,35.46074
2026/03/26 12:19:00,NPP-375,Mozambique,Gaza,Xai-Xai,,,,,4.8,-25.15627,33.458
2026/03/26 12:19:00,NPP-375,Mozambique,Gaza,Mandlakazi,,,,,3.1,-24.85299,33.98834
2026/03/26 23:31:00,NPP-375,Mozambique,Tete,Moatize,,,,,3.3,-16.13314,33.71872
2026/03/26 23:31:00,NPP-375,Mozambique,Manica,Sussundenga,,,,,0.7,-19.51451,32.91661
2026/03/26 23:31:00,NPP-375,Mozambique,Tete,Changara,,,,,0.7,-15.88821,33.02355
2026/03/26 23:31:00,NPP-375,Mozambique,Tete,Moatize,,,,,2.3,-16.13105,33.77014
2026/03/26 23:31:00,NPP-375,Mozambique,Tete,Moatize,,,,,1.3,-16.11648,33.75944
2026/03/26 23:31:00,NPP-375,Mozambique,Tete,Moatize,,,,,1.6,-16.1943,33.83987
2026/03/27 12:02:00,NPP-375,Mozambique,Gaza,Massingir,,,,,6.5,-23.93139,31.95644
2026/03/27 12:02:00,NPP-375,Mozambique,Inhambane,Massinga,,,,,2.5,-22.89391,35.42631
2026/03/27 12:02:00,NPP-375,Mozambique,Sofala,Buzi,,,,,2.0,-19.77643,34.42682
2026/03/27 23:12:00,NPP-375,Mozambique,Tete,Moatize,,,,,2.8,-16.13372,33.71789
2026/03/27 23:12:00,NPP-375,Mozambique,Sofala,Chemba,,,,,1.0,-17.06586,34.82205
2026/03/28 11:42:00,NPP-375D,Mozambique,Maputo,Moamba,,,,,4.6,-25.58044,32.33628
2026/03/28 11:42:00,NPP-375D,Mozambique,Inhambane,Vilanculos,,,,,5.2,-22.26796,35.4314
2026/03/28 11:42:00,NPP-375D,Mozambique,Maputo,Moamba,,,,,4.6,-25.5771,32.33564
2026/03/28 11:42:00,NPP-375D,Mozambique,Inhambane,Vilanculos,,,,,3.9,-22.19731,35.30943
2026/03/28 11:42:00,NPP-375D,Mozambique,Maputo,Matutuíne,,,,,3.6,-26.50849,32.54091
2026/03/28 11:45:00,NPP-375D,Mozambique,Sofala,Muanza,,,,,4.6,-19.25678,34.89686
2026/03/28 11:45:00,NPP-375D,Mozambique,Manica,Guro,,,,,1.7,-16.75082,33.30935
2026/03/28 11:45:00,NPP-375D,Mozambique,Manica,Barue,,,,,4.2,-18.18555,33.0863
2026/03/28 11:45:00,NPP-375D,Mozambique,Manica,Gondola,,,,,4.1,-19.21782,33.62667
2026/03/28 11:45:00,NPP-375D,Mozambique,Sofala,Dondo,,,,,4.2,-19.41304,35.0093
2026/03/28 22:54:00,NPP-375,Mozambique,Tete,Moatize,,,,,1.2,-16.19436,33.84193
2026/03/28 22:54:00,NPP-375,Mozambique,Tete,Moatize,,,,,1.2,-16.19511,33.84626
2026/03/28 22:54:00,NPP-375,Mozambique,Tete,Moatize,,,,,2.7,-16.12935,33.76906
2026/03/28 22:54:00,NPP-375,Mozambique,Tete,Moatize,,,,,1.5,-16.13414,33.73212
2026/03/28 22:54:00,NPP-375,Mozambique,Tete,Moatize,,,,,1.4,-16.20881,33.83915
2026/03/28 22:54:00,NPP-375,Mozambique,Tete,Moatize,,,,,2.9,-16.19797,33.84123
2026/03/28 22:54:00,NPP-375,Mozambique,Tete,Moatize,,,,,2.5,-16.13183,33.71894
2026/03/28 22:54:00,NPP-375,Mozambique,Tete,Moatize,,,,,3.1,-16.12056,33.76165
2026/03/28 22:57:00,NPP-375,Mozambique,Maputo,Matutuíne,,,,,0.7,-26.39298,32.65112
2026/03/29 11:23:00,NPP-375D,Mozambique,Sofala,Buzi,,,,,2.3,-20.2515,34.68658
2026/03/29 11:23:00,NPP-375D,Mozambique,Manica,Sussundenga,,,,,3.9,-19.67926,33.41108
2026/03/29 11:23:00,NPP-375D,Mozambique,Sofala,Muanza,,,,,5.2,-19.14916,35.38884
2026/03/29 11:23:00,NPP-375D,Mozambique,Manica,Mossurize,,,,,3.8,-20.16556,33.11865
2026/03/29 11:25:00,NPP-375D,Mozambique,Zambezia,Morrumbala,,,,,2.3,-17.12298,35.34687
2026/03/29 11:25:00,NPP-375D,Mozambique,Manica,Barue,,,,,2.8,-17.99738,33.23094
2026/03/29 11:25:00,NPP-375D,Mozambique,Manica,Barue,,,,,4.9,-18.08846,33.1066
2026/03/29 11:25:00,NPP-375D,Mozambique,Nampula,Monapo,,,,,5.5,-14.84824,40.0675
2026/03/29 11:25:00,NPP-375D,Mozambique,Zambezia,Mopeia,,,,,2.8,-17.72311,36.5623
2026/03/29 11:25:00,NPP-375D,Mozambique,Tete,Changara,,,,,5.6,-16.43684,32.83748
2026/03/29 22:33:00,NPP-375,Mozambique,Tete,Moatize,,,,,2.0,-16.19655,33.846
2026/03/29 22:33:00,NPP-375,Mozambique,Tete,Moatize,,,,,4.0,-16.11915,33.75885
2026/03/29 22:33:00,NPP-375,Mozambique,Tete,Moatize,,,,,1.8,-16.19428,33.84558
2026/03/30 11:06:00,NPP-375D,Mozambique,Manica,Manica,,,,,8.9,-19.04229,33.19926
2026/03/30 11:06:00,NPP-375D,Mozambique,Manica,Guro,,,,,6.8,-16.83195,33.29506
2026/03/30 11:06:00,NPP-375D,Mozambique,Zambezia,Morrumbala,,,,,3.8,-17.00496,35.99371
2026/03/30 11:06:00,NPP-375D,Mozambique,Manica,Manica,,,,,6.2,-18.8551,32.75733
2026/03/30 11:06:00,NPP-375D,Mozambique,Manica,Gondola,,,,,3.0,-19.33278,33.44598
2026/03/30 11:06:00,NPP-375D,Mozambique,Tete,Cahora Bassa,,,,,3.4,-15.59179,32.77772
2026/03/30 11:06:00,NPP-375D,Mozambique,Zambezia,Lugela,,,,,2.1,-16.48693,36.52322
2026/03/30 11:06:00,NPP-375D,Mozambique,Zambezia,Morrumbala,,,,,4.0,-16.86879,35.38135
2026/03/30 11:06:00,NPP-375D,Mozambique,Sofala,Nhamatanda,,,,,7.0,-19.0874,34.44921
2026/03/30 11:06:00,NPP-375D,Mozambique,Manica,Gondola,,,,,2.8,-19.42675,33.47719
2026/03/30 11:06:00,NPP-375D,Mozambique,Zambezia,Mopeia,,,,,2.3,-17.79949,35.4208
2026/03/30 11:06:00,NPP-375D,Mozambique,Tete,Mutarara,,,,,17.2,-16.93826,34.85509
2026/03/30 22:16:00,NPP-375,Mozambique,Zambezia,Chinde,,,,,2.2,-18.30577,36.73994
2026/03/30 22:16:00,NPP-375,Mozambique,Zambezia,Chinde,,,,,2.3,-18.30501,36.74064
2026/03/30 22:16:00,NPP-375,Mozambique,Tete,Moatize,,,,,0.8,-16.19418,33.84356
2026/03/30 22:16:00,NPP-375,Mozambique,Tete,Moatize,,,,,0.9,-16.12094,33.75996
2026/03/30 23:56:00,NPP-375,Mozambique,Tete,Moatize,,,,,1.3,-16.13341,33.71783
2026/03/30 23:56:00,NPP-375,Mozambique,Tete,Moatize,,,,,1.2,-16.13362,33.71788
2026/03/31 00:01:00,NPP-375D,Mozambique,Maputo,Matutuíne,,,,,0.7,-26.39194,32.65082
2026/03/31 10:47:00,NPP-375D,Mozambique,Zambezia,Lugela,,,,,3.9,-16.47133,36.56573
2026/03/31 10:47:00,NPP-375D,Mozambique,Zambezia,Lugela,,,,,8.6,-16.47407,36.56368
2026/03/31 21:59:00,NPP-375,Mozambique,Maputo,Matutuíne,,,,,2.5,-26.39335,32.64539
2026/03/31 23:39:00,NPP-375,Mozambique,Maputo,Matutuíne,,,,,0.7,-26.39201,32.65231
2026/03/31 23:39:00,NPP-375,Mozambique,Maputo,Matutuíne,,,,,0.7,-26.39466,32.65083
